id,SRC_STATION_NAME,SRC_STATION_ID,DEST_STATION_NAME,DEST_STATION_ID,OCT_ADT_FARE,OCT_STD_FARE,OCT_JOYYOU_SIXTY_FARE,SINGLE_ADT_FARE,OCT_CON_CHILD_FARE,OCT_CON_ELDERLY_FARE,OCT_CON_PWD_FARE,SINGLE_CON_CHILD_FARE,SINGLE_CON_ELDERLY_FARE
1,Central,1,Cent    ·ral,1,0,0,0,0,0,0,0,0,0
2,Central,1,Admiralty,2,4.9,3.2,2,5,3.2,2,2,3.5,3.5
3,Central,1,Tsim Sha Tsui,3,10.6,5.4,2,12.5,5.4,2,2,5.5,5.5
4,Central,1,Jordan,4,10.6,5.4,2,12.5,5.4,2,2,5.5,5.5
5,Central,1,Yau Ma Tei,5,13.2,6.5,2,15.5,6.5,2,2,6.5,6.5
6,Central,1,Mong Kok,6,13.2,6.5,2,15.5,6.5,2,2,6.5,6.5
7,Central,1,Shek Kip Mei,7,13.2,6.5,2,15.5,6.5,2,2,6.5,6.5
8,Central,1,Kowloon Tong,8,13.2,6.5,2,15.5,6.5,2,2,6.5,6.5
9,Central,1,Lok Fu,9,15.8,7.4,2,16,7.4,2,2,7.5,7.5
10,Central,1,Wong Tai Sin,10,15.8,7.4,2,16,7.4,2,2,7.5,7.5
11,Central,1,Diamond Hill,11,15.8,7.4,2,16,7.4,2,2,7.5,7.5
12,Central,1,Choi Hung,12,15.8,7.4,2,16,7.4,2,2,7.5,7.5
13,Central,1,Kowloon Bay,13,15.8,7.4,2,16,7.4,2,2,7.5,7.5
14,Central,1,Ngau Tau Kok,14,15.8,7.4,2,16,7.4,2,2,7.5,7.5
15,Central,1,Kwun Tong,15,15.8,7.4,2,16,7.4,2,2,7.5,7.5
16,Central,1,Prince Edward,16,13.2,6.5,2,15.5,6.5,2,2,6.5,6.5
17,Central,1,Sham Shui Po,17,13.2,6.5,2,15.5,6.5,2,2,6.5,6.5
18,Central,1,Cheung Sha Wan,18,13.2,6.5,2,15.5,6.5,2,2,6.5,6.5
19,Central,1,Lai Chi Kok,19,15.8,7.4,2,16,7.4,2,2,7.5,7.5
20,Central,1,Mei Foo,20,15.8,7.4,2,16,7.4,2,2,7.5,7.5
21,Central,1,Lai King,21,15.8,7.4,2,16,7.4,2,2,7.5,7.5
22,Central,1,Kwai Fong,22,15.8,7.4,2,16,7.4,2,2,7.5,7.5
23,Central,1,Kwai Hing,23,15.8,7.4,2,16,7.4,2,2,7.5,7.5
24,Central,1,Tai Wo Hau,24,15.8,7.4,2,16,7.4,2,2,7.5,7.5
25,Central,1,Tsuen Wan,25,15.8,7.4,2,16,7.4,2,2,7.5,7.5
26,Central,1,Sheung Wan,26,4.9,3.2,2,5,3.2,2,2,3.5,3.5
27,Central,1,Wan Chai,27,4.9,3.2,2,5,3.2,2,2,3.5,3.5
28,Central,1,Causeway Bay,28,5.9,3.2,2,6,3.2,2,2,3.5,3.5
29,Central,1,Tin Hau,29,5.9,3.2,2,6,3.2,2,2,3.5,3.5
30,Central,1,Fortress Hill,30,5.9,3.2,2,6,3.2,2,2,3.5,3.5
31,Central,1,North Point,31,7.4,3.7,2,7.5,3.7,2,2,4,4
32,Central,1,Quarry Bay,32,7.4,3.7,2,7.5,3.7,2,2,4,4
33,Central,1,Tai Koo,33,7.4,3.7,2,7.5,3.7,2,2,4,4
34,Central,1,Sai Wan Ho,34,9.2,4.4,2,10.5,4.4,2,2,4.5,4.5
35,Central,1,Shau Kei Wan,35,9.2,4.4,2,10.5,4.4,2,2,4.5,4.5
36,Central,1,Heng Fa Chuen,36,9.2,4.4,2,10.5,4.4,2,2,4.5,4.5
37,Central,1,Chai Wan,37,9.2,4.4,2,10.5,4.4,2,2,4.5,4.5
38,Central,1,Lam Tin,38,15.8,7.4,2,16,7.4,2,2,7.5,7.5
39,Central,1,Hong Kong,39,0,0,0,0,0,0,0,0,0
40,Central,1,Kowloon,40,10.6,5.4,2,12.5,5.4,2,2,5.5,5.5
41,Central,1,Olympic,41,13.2,6.5,2,15.5,6.5,2,2,6.5,6.5
42,Central,1,Tsing Yi,42,15.8,7.4,2,16,7.4,2,2,7.5,7.5
43,Central,1,Tung Chung,43,24.3,12.5,2,28,12.5,2,2,15,15
44,Central,1,Yau Tong,48,15.8,7.4,2,16,7.4,2,2,7.5,7.5
45,Central,1,Tiu Keng Leng,49,15.8,7.4,2,16,7.4,2,2,7.5,7.5
46,Central,1,Tseung Kwan O,50,15.8,7.4,2,16,7.4,2,2,7.5,7.5
47,Central,1,Hang Hau,51,15.8,7.4,2,16,7.4,2,2,7.5,7.5
48,Central,1,Po Lam,52,15.8,7.4,2,16,7.4,2,2,7.5,7.5
49,Central,1,Nam Cheong,53,13.2,6.5,2,15.5,6.5,2,2,6.5,6.5
50,Central,1,Sunny Bay,54,22.2,11.1,2,25.5,11.1,2,2,13.5,13.5
51,Central,1,Disneyland Resort,55,27.9,14.2,2,31,14.2,2,2,16.5,16.5
52,Central,1,LOHAS Park,57,15.8,7.4,2,16,7.4,2,2,7.5,7.5
53,Central,1,Hung Hom,64,12.6,5.9,2,15,5.9,2,2,6,6
54,Central,1,Mong Kok East,65,12.9,6.4,2,15.5,6.4,2,2,6.5,6.5
55,Central,1,Tai Wai,67,17.1,8.6,2,19,8.6,2,2,9.5,9.5
56,Central,1,Sha Tin,68,17.1,8.6,2,19,8.6,2,2,9.5,9.5
57,Central,1,Fo Tan,69,17.6,9.1,2,19.5,9.1,2,2,10,10
58,Central,1,Racecourse,70,25.7,13.4,25.7,28.5,13.4,2,2,15,15
59,Central,1,University,71,18.4,9.2,2,20,9.2,2,2,10.5,10.5
60,Central,1,Tai Po Market,72,19.9,10.1,2,22,10.1,2,2,12,12
61,Central,1,Tai Wo,73,19.9,10.1,2,22,10.1,2,2,12,12
62,Central,1,Fanling,74,22.2,11.6,2,25.5,11.6,2,2,13.5,13.5
63,Central,1,Sheung Shui,75,22.2,11.6,2,25.5,11.6,2,2,13.5,13.5
64,Central,1,Lo Wu,76,52.2,46,52.2,55.5,26.2,26.2,26.2,27.5,27.5
65,Central,1,Lok Ma Chau,78,52.2,46,52.2,55.5,26.2,26.2,26.2,27.5,27.5
66,Central,1,East Tsim Sha Tsui,80,10.6,5.4,2,12.5,5.4,2,2,5.5,5.5
67,Central,1,Che Kung Temple,96,17.2,8.7,2,19,8.7,2,2,10,10
68,Central,1,Sha Tin Wai,97,17.2,8.7,2,19,8.7,2,2,10,10
69,Central,1,City One,98,17.2,8.7,2,19,8.7,2,2,10,10
70,Central,1,Shek Mun,99,17.2,8.7,2,19,8.7,2,2,10,10
71,Central,1,Tai Shui Hang,100,20.8,10.4,2,22,10.4,2,2,12.5,12.5
72,Central,1,Heng On,101,20.8,10.4,2,22,10.4,2,2,12.5,12.5
73,Central,1,Ma On Shan,102,20.8,10.4,2,22,10.4,2,2,12.5,12.5
74,Central,1,Wu Kai Sha,103,20.8,10.4,2,22,10.4,2,2,12.5,12.5
75,Central,1,Austin,111,10.6,5.4,2,12.5,5.4,2,2,5.5,5.5
76,Central,1,Tsuen Wan West,114,17.8,9.1,2,19.5,9.1,2,2,10,10
77,Central,1,Kam Sheung Road,115,28,14.3,2,30,14.3,2,2,15.5,15.5
78,Central,1,Yuen Long,116,29.3,15.2,2,31,15.2,2,2,16.5,16.5
79,Central,1,Long Ping,117,29.3,15.2,2,31,15.2,2,2,16.5,16.5
80,Central,1,Tin Shui Wai,118,29.3,15.2,2,31,15.2,2,2,16.5,16.5
81,Central,1,Siu Hong,119,29.3,15.2,2,31,15.2,2,2,16.5,16.5
82,Central,1,Tuen Mun,120,29.3,15.2,2,31,15.2,2,2,16.5,16.5
83,Central,1,Sai Ying Pun,81,4.9,3.2,2,5,3.2,2,2,3.5,3.5
84,Central,1,HKU,82,5.9,3.2,2,6,3.2,2,2,3.5,3.5
85,Central,1,Kennedy Town,83,5.9,3.2,2,6,3.2,2,2,3.5,3.5
86,Central,1,Ho Man Tin,84,13.2,6.5,2,15.5,6.5,2,2,6.5,6.5
87,Central,1,Whampoa,85,13.2,6.5,2,15.5,6.5,2,2,6.5,6.5
88,Central,1,Ocean Park,86,5.9,3.2,2,6,3.2,2,2,3.5,3.5
89,Central,1,Wong Chuk Hang,87,7.4,3.7,2,7.5,3.7,2,2,4,4
90,Central,1,Lei Tung,88,7.4,3.7,2,7.5,3.7,2,2,4,4
91,Central,1,South Horizons,89,7.4,3.7,2,7.5,3.7,2,2,4,4
92,Central,1,Hin Keng,90,17.1,8.6,2,19,8.6,2,2,9.5,9.5
93,Central,1,Kai Tak,91,13.2,6.5,2,15.5,6.5,2,2,6.5,6.5
94,Central,1,Sung Wong Toi,92,13.2,6.5,2,15.5,6.5,2,2,6.5,6.5
95,Central,1,To Kwa Wan,93,13.2,6.5,2,15.5,6.5,2,2,6.5,6.5
96,Admiralty,2,Central,1,4.9,3.2,2,5,3.2,2,2,3.5,3.5
97,Admiralty,2,Admiralty,2,0,0,0,0,0,0,0,0,0
98,Admiralty,2,Tsim Sha Tsui,3,10.6,5.4,2,12.5,5.4,2,2,5.5,5.5
99,Admiralty,2,Jordan,4,10.6,5.4,2,12.5,5.4,2,2,5.5,5.5
100,Admiralty,2,Yau Ma Tei,5,13.2,6.5,2,15.5,6.5,2,2,6.5,6.5
101,Admiralty,2,Mong Kok,6,13.2,6.5,2,15.5,6.5,2,2,6.5,6.5
102,Admiralty,2,Shek Kip Mei,7,13.2,6.5,2,15.5,6.5,2,2,6.5,6.5
103,Admiralty,2,Kowloon Tong,8,13.2,6.5,2,15.5,6.5,2,2,6.5,6.5
104,Admiralty,2,Lok Fu,9,15.8,7.4,2,16,7.4,2,2,7.5,7.5
105,Admiralty,2,Wong Tai Sin,10,15.8,7.4,2,16,7.4,2,2,7.5,7.5
106,Admiralty,2,Diamond Hill,11,15.8,7.4,2,16,7.4,2,2,7.5,7.5
107,Admiralty,2,Choi Hung,12,15.8,7.4,2,16,7.4,2,2,7.5,7.5
108,Admiralty,2,Kowloon Bay,13,15.8,7.4,2,16,7.4,2,2,7.5,7.5
109,Admiralty,2,Ngau Tau Kok,14,15.8,7.4,2,16,7.4,2,2,7.5,7.5
110,Admiralty,2,Kwun Tong,15,15.8,7.4,2,16,7.4,2,2,7.5,7.5
111,Admiralty,2,Prince Edward,16,13.2,6.5,2,15.5,6.5,2,2,6.5,6.5
112,Admiralty,2,Sham Shui Po,17,13.2,6.5,2,15.5,6.5,2,2,6.5,6.5
113,Admiralty,2,Cheung Sha Wan,18,13.2,6.5,2,15.5,6.5,2,2,6.5,6.5
114,Admiralty,2,Lai Chi Kok,19,15.8,7.4,2,16,7.4,2,2,7.5,7.5
115,Admiralty,2,Mei Foo,20,15.8,7.4,2,16,7.4,2,2,7.5,7.5
116,Admiralty,2,Lai King,21,15.8,7.4,2,16,7.4,2,2,7.5,7.5
117,Admiralty,2,Kwai Fong,22,15.8,7.4,2,16,7.4,2,2,7.5,7.5
118,Admiralty,2,Kwai Hing,23,15.8,7.4,2,16,7.4,2,2,7.5,7.5
119,Admiralty,2,Tai Wo Hau,24,15.8,7.4,2,16,7.4,2,2,7.5,7.5
120,Admiralty,2,Tsuen Wan,25,15.8,7.4,2,16,7.4,2,2,7.5,7.5
121,Admiralty,2,Sheung Wan,26,4.9,3.2,2,5,3.2,2,2,3.5,3.5
122,Admiralty,2,Wan Chai,27,4.9,3.2,2,5,3.2,2,2,3.5,3.5
123,Admiralty,2,Causeway Bay,28,4.9,3.2,2,5,3.2,2,2,3.5,3.5
124,Admiralty,2,Tin Hau,29,5.9,3.2,2,6,3.2,2,2,3.5,3.5
125,Admiralty,2,Fortress Hill,30,5.9,3.2,2,6,3.2,2,2,3.5,3.5
126,Admiralty,2,North Point,31,7.4,3.7,2,7.5,3.7,2,2,4,4
127,Admiralty,2,Quarry Bay,32,7.4,3.7,2,7.5,3.7,2,2,4,4
128,Admiralty,2,Tai Koo,33,7.4,3.7,2,7.5,3.7,2,2,4,4
129,Admiralty,2,Sai Wan Ho,34,9.2,4.4,2,10.5,4.4,2,2,4.5,4.5
130,Admiralty,2,Shau Kei Wan,35,9.2,4.4,2,10.5,4.4,2,2,4.5,4.5
131,Admiralty,2,Heng Fa Chuen,36,9.2,4.4,2,10.5,4.4,2,2,4.5,4.5
132,Admiralty,2,Chai Wan,37,9.2,4.4,2,10.5,4.4,2,2,4.5,4.5
133,Admiralty,2,Lam Tin,38,15.8,7.4,2,16,7.4,2,2,7.5,7.5
134,Admiralty,2,Hong Kong,39,4.9,3.2,2,5,3.2,2,2,3.5,3.5
135,Admiralty,2,Kowloon,40,10.6,5.4,2,12.5,5.4,2,2,5.5,5.5
136,Admiralty,2,Olympic,41,13.2,6.5,2,15.5,6.5,2,2,6.5,6.5
137,Admiralty,2,Tsing Yi,42,15.8,7.4,2,16,7.4,2,2,7.5,7.5
138,Admiralty,2,Tung Chung,43,24.3,12.5,2,28,12.5,2,2,15,15
139,Admiralty,2,Yau Tong,48,15.8,7.4,2,16,7.4,2,2,7.5,7.5
140,Admiralty,2,Tiu Keng Leng,49,15.8,7.4,2,16,7.4,2,2,7.5,7.5
141,Admiralty,2,Tseung Kwan O,50,15.8,7.4,2,16,7.4,2,2,7.5,7.5
142,Admiralty,2,Hang Hau,51,15.8,7.4,2,16,7.4,2,2,7.5,7.5
143,Admiralty,2,Po Lam,52,15.8,7.4,2,16,7.4,2,2,7.5,7.5
144,Admiralty,2,Nam Cheong,53,13.2,6.5,2,15.5,6.5,2,2,6.5,6.5
145,Admiralty,2,Sunny Bay,54,22.2,11.1,2,25.5,11.1,2,2,13.5,13.5
146,Admiralty,2,Disneyland Resort,55,27.9,14.2,2,31,14.2,2,2,16.5,16.5
147,Admiralty,2,LOHAS Park,57,15.8,7.4,2,16,7.4,2,2,7.5,7.5
148,Admiralty,2,Hung Hom,64,12.6,5.9,2,15,5.9,2,2,6,6
149,Admiralty,2,Mong Kok East,65,12.9,6.4,2,15.5,6.4,2,2,6.5,6.5
150,Admiralty,2,Tai Wai,67,17.1,8.6,2,19,8.6,2,2,9.5,9.5
151,Admiralty,2,Sha Tin,68,17.1,8.6,2,19,8.6,2,2,9.5,9.5
152,Admiralty,2,Fo Tan,69,17.6,9.1,2,19.5,9.1,2,2,10,10
153,Admiralty,2,Racecourse,70,25.7,13.4,25.7,28.5,13.4,2,2,15,15
154,Admiralty,2,University,71,18.4,9.2,2,20,9.2,2,2,10.5,10.5
155,Admiralty,2,Tai Po Market,72,19.9,10.1,2,22,10.1,2,2,12,12
156,Admiralty,2,Tai Wo,73,19.9,10.1,2,22,10.1,2,2,12,12
157,Admiralty,2,Fanling,74,22.2,11.6,2,25.5,11.6,2,2,13.5,13.5
158,Admiralty,2,Sheung Shui,75,22.2,11.6,2,25.5,11.6,2,2,13.5,13.5
159,Admiralty,2,Lo Wu,76,52.2,46,52.2,55.5,26.2,26.2,26.2,27.5,27.5
160,Admiralty,2,Lok Ma Chau,78,52.2,46,52.2,55.5,26.2,26.2,26.2,27.5,27.5
161,Admiralty,2,East Tsim Sha Tsui,80,10.6,5.4,2,12.5,5.4,2,2,5.5,5.5
162,Admiralty,2,Che Kung Temple,96,17.2,8.7,2,19,8.7,2,2,10,10
163,Admiralty,2,Sha Tin Wai,97,17.2,8.7,2,19,8.7,2,2,10,10
164,Admiralty,2,City One,98,17.2,8.7,2,19,8.7,2,2,10,10
165,Admiralty,2,Shek Mun,99,17.2,8.7,2,19,8.7,2,2,10,10
166,Admiralty,2,Tai Shui Hang,100,20.8,10.4,2,22,10.4,2,2,12.5,12.5
167,Admiralty,2,Heng On,101,20.8,10.4,2,22,10.4,2,2,12.5,12.5
168,Admiralty,2,Ma On Shan,102,20.8,10.4,2,22,10.4,2,2,12.5,12.5
169,Admiralty,2,Wu Kai Sha,103,20.8,10.4,2,22,10.4,2,2,12.5,12.5
170,Admiralty,2,Austin,111,10.6,5.4,2,12.5,5.4,2,2,5.5,5.5
171,Admiralty,2,Tsuen Wan West,114,17.8,9.1,2,19.5,9.1,2,2,10,10
172,Admiralty,2,Kam Sheung Road,115,28,14.3,2,30,14.3,2,2,15.5,15.5
173,Admiralty,2,Yuen Long,116,29.3,15.2,2,31,15.2,2,2,16.5,16.5
174,Admiralty,2,Long Ping,117,29.3,15.2,2,31,15.2,2,2,16.5,16.5
175,Admiralty,2,Tin Shui Wai,118,29.3,15.2,2,31,15.2,2,2,16.5,16.5
176,Admiralty,2,Siu Hong,119,29.3,15.2,2,31,15.2,2,2,16.5,16.5
177,Admiralty,2,Tuen Mun,120,29.3,15.2,2,31,15.2,2,2,16.5,16.5
178,Admiralty,2,Sai Ying Pun,81,5.9,3.2,2,6,3.2,2,2,3.5,3.5
179,Admiralty,2,HKU,82,5.9,3.2,2,6,3.2,2,2,3.5,3.5
180,Admiralty,2,Kennedy Town,83,5.9,3.2,2,6,3.2,2,2,3.5,3.5
181,Admiralty,2,Ho Man Tin,84,13.2,6.5,2,15.5,6.5,2,2,6.5,6.5
182,Admiralty,2,Whampoa,85,13.2,6.5,2,15.5,6.5,2,2,6.5,6.5
183,Admiralty,2,Ocean Park,86,5.9,3.2,2,6,3.2,2,2,3.5,3.5
184,Admiralty,2,Wong Chuk Hang,87,7.4,3.7,2,7.5,3.7,2,2,4,4
185,Admiralty,2,Lei Tung,88,7.4,3.7,2,7.5,3.7,2,2,4,4
186,Admiralty,2,South Horizons,89,7.4,3.7,2,7.5,3.7,2,2,4,4
187,Admiralty,2,Hin Keng,90,17.1,8.6,2,19,8.6,2,2,9.5,9.5
188,Admiralty,2,Kai Tak,91,13.2,6.5,2,15.5,6.5,2,2,6.5,6.5
189,Admiralty,2,Sung Wong Toi,92,13.2,6.5,2,15.5,6.5,2,2,6.5,6.5
190,Admiralty,2,To Kwa Wan,93,13.2,6.5,2,15.5,6.5,2,2,6.5,6.5
191,Tsim Sha Tsui,3,Central,1,10.6,5.4,2,12.5,5.4,2,2,5.5,5.5
192,Tsim Sha Tsui,3,Admiralty,2,10.6,5.4,2,12.5,5.4,2,2,5.5,5.5
193,Tsim Sha Tsui,3,Tsim Sha Tsui,3,0,0,0,0,0,0,0,0,0
194,Tsim Sha Tsui,3,Jordan,4,4.9,3.2,2,5,3.2,2,2,3.5,3.5
195,Tsim Sha Tsui,3,Yau Ma Tei,5,4.9,3.2,2,5,3.2,2,2,3.5,3.5
196,Tsim Sha Tsui,3,Mong Kok,6,5.9,3.2,2,6,3.2,2,2,3.5,3.5
197,Tsim Sha Tsui,3,Shek Kip Mei,7,7.4,3.7,2,7.5,3.7,2,2,4,4
198,Tsim Sha Tsui,3,Kowloon Tong,8,7.4,3.7,2,7.5,3.7,2,2,4,4
199,Tsim Sha Tsui,3,Lok Fu,9,9.2,4.4,2,10.5,4.4,2,2,4.5,4.5
200,Tsim Sha Tsui,3,Wong Tai Sin,10,9.2,4.4,2,10.5,4.4,2,2,4.5,4.5
201,Tsim Sha Tsui,3,Diamond Hill,11,9.2,4.4,2,10.5,4.4,2,2,4.5,4.5
202,Tsim Sha Tsui,3,Choi Hung,12,9.2,4.4,2,10.5,4.4,2,2,4.5,4.5
203,Tsim Sha Tsui,3,Kowloon Bay,13,9.2,4.4,2,10.5,4.4,2,2,4.5,4.5
204,Tsim Sha Tsui,3,Ngau Tau Kok,14,9.2,4.4,2,10.5,4.4,2,2,4.5,4.5
205,Tsim Sha Tsui,3,Kwun Tong,15,9.2,4.4,2,10.5,4.4,2,2,4.5,4.5
206,Tsim Sha Tsui,3,Prince Edward,16,5.9,3.2,2,6,3.2,2,2,3.5,3.5
207,Tsim Sha Tsui,3,Sham Shui Po,17,7.4,3.7,2,7.5,3.7,2,2,4,4
208,Tsim Sha Tsui,3,Cheung Sha Wan,18,7.4,3.7,2,7.5,3.7,2,2,4,4
209,Tsim Sha Tsui,3,Lai Chi Kok,19,9,3.9,2,10.5,3.9,2,2,4,4
210,Tsim Sha Tsui,3,Mei Foo,20,9,3.9,2,10.5,3.9,2,2,4,4
211,Tsim Sha Tsui,3,Lai King,21,11,4.9,2,13,4.9,2,2,5,5
212,Tsim Sha Tsui,3,Kwai Fong,22,11,4.9,2,13,4.9,2,2,5,5
213,Tsim Sha Tsui,3,Kwai Hing,23,11,4.9,2,13,4.9,2,2,5,5
214,Tsim Sha Tsui,3,Tai Wo Hau,24,11,4.9,2,13,4.9,2,2,5,5
215,Tsim Sha Tsui,3,Tsuen Wan,25,11,4.9,2,13,4.9,2,2,5,5
216,Tsim Sha Tsui,3,Sheung Wan,26,10.6,5.4,2,12.5,5.4,2,2,5.5,5.5
217,Tsim Sha Tsui,3,Wan Chai,27,10.6,5.4,2,12.5,5.4,2,2,5.5,5.5
218,Tsim Sha Tsui,3,Causeway Bay,28,13.2,6.5,2,15.5,6.5,2,2,6.5,6.5
219,Tsim Sha Tsui,3,Tin Hau,29,13.2,6.5,2,15.5,6.5,2,2,6.5,6.5
220,Tsim Sha Tsui,3,Fortress Hill,30,13.2,6.5,2,15.5,6.5,2,2,6.5,6.5
221,Tsim Sha Tsui,3,North Point,31,13.2,6.5,2,15.5,6.5,2,2,6.5,6.5
222,Tsim Sha Tsui,3,Quarry Bay,32,13.2,6.5,2,15.5,6.5,2,2,6.5,6.5
223,Tsim Sha Tsui,3,Tai Koo,33,15.8,7.4,2,16,7.4,2,2,7.5,7.5
224,Tsim Sha Tsui,3,Sai Wan Ho,34,15.8,7.4,2,16,7.4,2,2,7.5,7.5
225,Tsim Sha Tsui,3,Shau Kei Wan,35,15.8,7.4,2,16,7.4,2,2,7.5,7.5
226,Tsim Sha Tsui,3,Heng Fa Chuen,36,15.8,7.4,2,16,7.4,2,2,7.5,7.5
227,Tsim Sha Tsui,3,Chai Wan,37,15.8,7.4,2,16,7.4,2,2,7.5,7.5
228,Tsim Sha Tsui,3,Lam Tin,38,9.2,4.4,2,10.5,4.4,2,2,4.5,4.5
229,Tsim Sha Tsui,3,Hong Kong,39,10.6,5.4,2,12.5,5.4,2,2,5.5,5.5
230,Tsim Sha Tsui,3,Kowloon,40,4.9,3.2,2,5,3.2,2,2,3.5,3.5
231,Tsim Sha Tsui,3,Olympic,41,5.9,3.2,2,6,3.2,2,2,3.5,3.5
232,Tsim Sha Tsui,3,Tsing Yi,42,11,4.9,2,13,4.9,2,2,5,5
233,Tsim Sha Tsui,3,Tung Chung,43,18.7,9.4,2,21,9.4,2,2,10.5,10.5
234,Tsim Sha Tsui,3,Yau Tong,48,9.2,4.4,2,10.5,4.4,2,2,4.5,4.5
235,Tsim Sha Tsui,3,Tiu Keng Leng,49,11,4.9,2,13,4.9,2,2,5,5
236,Tsim Sha Tsui,3,Tseung Kwan O,50,11,4.9,2,13,4.9,2,2,5,5
237,Tsim Sha Tsui,3,Hang Hau,51,11,4.9,2,13,4.9,2,2,5,5
238,Tsim Sha Tsui,3,Po Lam,52,11,4.9,2,13,4.9,2,2,5,5
239,Tsim Sha Tsui,3,Nam Cheong,53,6.2,3.4,2,6.5,3.4,2,2,3.5,3.5
240,Tsim Sha Tsui,3,Sunny Bay,54,15.9,7.7,2,17,7.7,2,2,8,8
241,Tsim Sha Tsui,3,Disneyland Resort,55,22.2,11.1,2,25.5,11.1,2,2,13.5,13.5
242,Tsim Sha Tsui,3,LOHAS Park,57,11,4.9,2,13,4.9,2,2,5,5
243,Tsim Sha Tsui,3,Hung Hom,64,4.7,2.2,2,5,2.2,2,2,2.5,2.5
244,Tsim Sha Tsui,3,Mong Kok East,65,5.9,2.8,2,6,2.8,2,2,3,3
245,Tsim Sha Tsui,3,Tai Wai,67,10.1,5.1,2,12,5.1,2,2,5.5,5.5
246,Tsim Sha Tsui,3,Sha Tin,68,10.1,5.1,2,12,5.1,2,2,5.5,5.5
247,Tsim Sha Tsui,3,Fo Tan,69,11,5.4,2,13,5.4,2,2,5.5,5.5
248,Tsim Sha Tsui,3,Racecourse,70,17.5,8.6,17.5,18.5,8.6,2,2,9.5,9.5
249,Tsim Sha Tsui,3,University,71,11,5.4,2,13,5.4,2,2,5.5,5.5
250,Tsim Sha Tsui,3,Tai Po Market,72,13.4,6.5,2,15.5,6.5,2,2,6.5,6.5
251,Tsim Sha Tsui,3,Tai Wo,73,13.4,6.5,2,15.5,6.5,2,2,6.5,6.5
252,Tsim Sha Tsui,3,Fanling,74,14.9,7.3,2,16,7.3,2,2,7.5,7.5
253,Tsim Sha Tsui,3,Sheung Shui,75,14.9,7.3,2,16,7.3,2,2,7.5,7.5
254,Tsim Sha Tsui,3,Lo Wu,76,44.3,43.8,44.3,46.5,22.3,22.3,22.3,22.5,22.5
255,Tsim Sha Tsui,3,Lok Ma Chau,78,44.3,43.8,44.3,46.5,22.3,22.3,22.3,22.5,22.5
256,Tsim Sha Tsui,3,East Tsim Sha Tsui,80,0,0,0,0,0,0,0,0,0
257,Tsim Sha Tsui,3,Che Kung Temple,96,11.1,5.5,2,13,5.5,2,2,5.5,5.5
258,Tsim Sha Tsui,3,Sha Tin Wai,97,11.1,5.5,2,13,5.5,2,2,5.5,5.5
259,Tsim Sha Tsui,3,City One,98,11.1,5.5,2,13,5.5,2,2,5.5,5.5
260,Tsim Sha Tsui,3,Shek Mun,99,11.1,5.5,2,13,5.5,2,2,5.5,5.5
261,Tsim Sha Tsui,3,Tai Shui Hang,100,14.2,7.2,2,15.5,7.2,2,2,7.5,7.5
262,Tsim Sha Tsui,3,Heng On,101,14.2,7.2,2,15.5,7.2,2,2,7.5,7.5
263,Tsim Sha Tsui,3,Ma On Shan,102,14.2,7.2,2,15.5,7.2,2,2,7.5,7.5
264,Tsim Sha Tsui,3,Wu Kai Sha,103,14.2,7.2,2,15.5,7.2,2,2,7.5,7.5
265,Tsim Sha Tsui,3,Austin,111,4.9,3.2,2,5,3.2,2,2,3.5,3.5
266,Tsim Sha Tsui,3,Tsuen Wan West,114,10.9,5.7,2,13,5.7,2,2,6,6
267,Tsim Sha Tsui,3,Kam Sheung Road,115,21,11,2,21.5,11,2,2,12.5,12.5
268,Tsim Sha Tsui,3,Yuen Long,116,22.1,11.5,2,24,11.5,2,2,13.5,13.5
269,Tsim Sha Tsui,3,Long Ping,117,22.1,11.5,2,24,11.5,2,2,13.5,13.5
270,Tsim Sha Tsui,3,Tin Shui Wai,118,22.1,11.5,2,24,11.5,2,2,13.5,13.5
271,Tsim Sha Tsui,3,Siu Hong,119,22.1,11.5,2,24,11.5,2,2,13.5,13.5
272,Tsim Sha Tsui,3,Tuen Mun,120,22.1,11.5,2,24,11.5,2,2,13.5,13.5
273,Tsim Sha Tsui,3,Sai Ying Pun,81,13.2,6.5,2,15.5,6.5,2,2,6.5,6.5
274,Tsim Sha Tsui,3,HKU,82,13.2,6.5,2,15.5,6.5,2,2,6.5,6.5
275,Tsim Sha Tsui,3,Kennedy Town,83,13.2,6.5,2,15.5,6.5,2,2,6.5,6.5
276,Tsim Sha Tsui,3,Ho Man Tin,84,5.9,3.2,2,6,3.2,2,2,3.5,3.5
277,Tsim Sha Tsui,3,Whampoa,85,5.9,3.2,2,6,3.2,2,2,3.5,3.5
278,Tsim Sha Tsui,3,Ocean Park,86,13.2,6.5,2,15.5,6.5,2,2,6.5,6.5
279,Tsim Sha Tsui,3,Wong Chuk Hang,87,13.2,6.5,2,15.5,6.5,2,2,6.5,6.5
280,Tsim Sha Tsui,3,Lei Tung,88,13.2,6.5,2,15.5,6.5,2,2,6.5,6.5
281,Tsim Sha Tsui,3,South Horizons,89,15.8,7.4,2,16,7.4,2,2,7.5,7.5
282,Tsim Sha Tsui,3,Hin Keng,90,10.1,5.1,2,12,5.1,2,2,5.5,5.5
283,Tsim Sha Tsui,3,Kai Tak,91,7.4,3.7,2,7.5,3.7,2,2,4,4
284,Tsim Sha Tsui,3,Sung Wong Toi,92,5.9,3.2,2,6,3.2,2,2,3.5,3.5
285,Tsim Sha Tsui,3,To Kwa Wan,93,5.9,3.2,2,6,3.2,2,2,3.5,3.5
286,Jordan,4,Central,1,10.6,5.4,2,12.5,5.4,2,2,5.5,5.5
287,Jordan,4,Admiralty,2,10.6,5.4,2,12.5,5.4,2,2,5.5,5.5
288,Jordan,4,Tsim Sha Tsui,3,4.9,3.2,2,5,3.2,2,2,3.5,3.5
289,Jordan,4,Jordan,4,0,0,0,0,0,0,0,0,0
290,Jordan,4,Yau Ma Tei,5,4.9,3.2,2,5,3.2,2,2,3.5,3.5
291,Jordan,4,Mong Kok,6,4.9,3.2,2,5,3.2,2,2,3.5,3.5
292,Jordan,4,Shek Kip Mei,7,5.9,3.2,2,6,3.2,2,2,3.5,3.5
293,Jordan,4,Kowloon Tong,8,7.4,3.7,2,7.5,3.7,2,2,4,4
294,Jordan,4,Lok Fu,9,7.4,3.7,2,7.5,3.7,2,2,4,4
295,Jordan,4,Wong Tai Sin,10,9.2,4.4,2,10.5,4.4,2,2,4.5,4.5
296,Jordan,4,Diamond Hill,11,9.2,4.4,2,10.5,4.4,2,2,4.5,4.5
297,Jordan,4,Choi Hung,12,9.2,4.4,2,10.5,4.4,2,2,4.5,4.5
298,Jordan,4,Kowloon Bay,13,9.2,4.4,2,10.5,4.4,2,2,4.5,4.5
299,Jordan,4,Ngau Tau Kok,14,9.2,4.4,2,10.5,4.4,2,2,4.5,4.5
300,Jordan,4,Kwun Tong,15,9.2,4.4,2,10.5,4.4,2,2,4.5,4.5
301,Jordan,4,Prince Edward,16,5.9,3.2,2,6,3.2,2,2,3.5,3.5
302,Jordan,4,Sham Shui Po,17,5.9,3.2,2,6,3.2,2,2,3.5,3.5
303,Jordan,4,Cheung Sha Wan,18,7.4,3.7,2,7.5,3.7,2,2,4,4
304,Jordan,4,Lai Chi Kok,19,7.4,3.7,2,7.5,3.7,2,2,4,4
305,Jordan,4,Mei Foo,20,9,3.9,2,10.5,3.9,2,2,4,4
306,Jordan,4,Lai King,21,9.2,4.4,2,10.5,4.4,2,2,4.5,4.5
307,Jordan,4,Kwai Fong,22,11,4.9,2,13,4.9,2,2,5,5
308,Jordan,4,Kwai Hing,23,11,4.9,2,13,4.9,2,2,5,5
309,Jordan,4,Tai Wo Hau,24,11,4.9,2,13,4.9,2,2,5,5
310,Jordan,4,Tsuen Wan,25,11,4.9,2,13,4.9,2,2,5,5
311,Jordan,4,Sheung Wan,26,10.6,5.4,2,12.5,5.4,2,2,5.5,5.5
312,Jordan,4,Wan Chai,27,10.6,5.4,2,12.5,5.4,2,2,5.5,5.5
313,Jordan,4,Causeway Bay,28,13.2,6.5,2,15.5,6.5,2,2,6.5,6.5
314,Jordan,4,Tin Hau,29,13.2,6.5,2,15.5,6.5,2,2,6.5,6.5
315,Jordan,4,Fortress Hill,30,13.2,6.5,2,15.5,6.5,2,2,6.5,6.5
316,Jordan,4,North Point,31,13.2,6.5,2,15.5,6.5,2,2,6.5,6.5
317,Jordan,4,Quarry Bay,32,13.2,6.5,2,15.5,6.5,2,2,6.5,6.5
318,Jordan,4,Tai Koo,33,15.8,7.4,2,16,7.4,2,2,7.5,7.5
319,Jordan,4,Sai Wan Ho,34,15.8,7.4,2,16,7.4,2,2,7.5,7.5
320,Jordan,4,Shau Kei Wan,35,15.8,7.4,2,16,7.4,2,2,7.5,7.5
321,Jordan,4,Heng Fa Chuen,36,15.8,7.4,2,16,7.4,2,2,7.5,7.5
322,Jordan,4,Chai Wan,37,15.8,7.4,2,16,7.4,2,2,7.5,7.5
323,Jordan,4,Lam Tin,38,9.2,4.4,2,10.5,4.4,2,2,4.5,4.5
324,Jordan,4,Hong Kong,39,10.6,5.4,2,12.5,5.4,2,2,5.5,5.5
325,Jordan,4,Kowloon,40,4.9,3.2,2,5,3.2,2,2,3.5,3.5
326,Jordan,4,Olympic,41,4.9,3.2,2,5,3.2,2,2,3.5,3.5
327,Jordan,4,Tsing Yi,42,11,4.9,2,13,4.9,2,2,5,5
328,Jordan,4,Tung Chung,43,18.7,9.4,2,21,9.4,2,2,10.5,10.5
329,Jordan,4,Yau Tong,48,9.2,4.4,2,10.5,4.4,2,2,4.5,4.5
330,Jordan,4,Tiu Keng Leng,49,11,4.9,2,13,4.9,2,2,5,5
331,Jordan,4,Tseung Kwan O,50,11,4.9,2,13,4.9,2,2,5,5
332,Jordan,4,Hang Hau,51,11,4.9,2,13,4.9,2,2,5,5
333,Jordan,4,Po Lam,52,11,4.9,2,13,4.9,2,2,5,5
334,Jordan,4,Nam Cheong,53,5.9,3.2,2,6,3.2,2,2,3.5,3.5
335,Jordan,4,Sunny Bay,54,15.9,7.7,2,17,7.7,2,2,8,8
336,Jordan,4,Disneyland Resort,55,22.2,11.1,2,25.5,11.1,2,2,13.5,13.5
337,Jordan,4,LOHAS Park,57,11,4.9,2,13,4.9,2,2,5,5
338,Jordan,4,Hung Hom,64,4.9,2.8,2,5,2.8,2,2,3,3
339,Jordan,4,Mong Kok East,65,5.9,3.2,2,6,3.2,2,2,3.5,3.5
340,Jordan,4,Tai Wai,67,10.1,5.1,2,12,5.1,2,2,5.5,5.5
341,Jordan,4,Sha Tin,68,10.1,5.1,2,12,5.1,2,2,5.5,5.5
342,Jordan,4,Fo Tan,69,11,5.6,2,13,5.6,2,2,6,6
343,Jordan,4,Racecourse,70,17.5,9.1,17.5,21.5,9.1,2,2,10.5,10.5
344,Jordan,4,University,71,11,5.6,2,13.5,5.6,2,2,6,6
345,Jordan,4,Tai Po Market,72,13.4,6.9,2,15.5,6.9,2,2,7,7
346,Jordan,4,Tai Wo,73,13.4,6.9,2,15.5,6.9,2,2,7,7
347,Jordan,4,Fanling,74,14.9,7.3,2,16,7.3,2,2,7.5,7.5
348,Jordan,4,Sheung Shui,75,14.9,7.3,2,16,7.3,2,2,7.5,7.5
349,Jordan,4,Lo Wu,76,46.6,43.7,46.6,49.5,23.7,23.7,23.7,24.5,24.5
350,Jordan,4,Lok Ma Chau,78,46.6,43.7,46.6,49.5,23.7,23.7,23.7,24.5,24.5
351,Jordan,4,East Tsim Sha Tsui,80,4.9,3.2,2,5,3.2,2,2,3.5,3.5
352,Jordan,4,Che Kung Temple,96,11.1,5.5,2,13,5.5,2,2,5.5,5.5
353,Jordan,4,Sha Tin Wai,97,11.1,5.5,2,13,5.5,2,2,5.5,5.5
354,Jordan,4,City One,98,11.1,5.5,2,13,5.5,2,2,5.5,5.5
355,Jordan,4,Shek Mun,99,11.1,5.5,2,13,5.5,2,2,5.5,5.5
356,Jordan,4,Tai Shui Hang,100,13.3,6.5,2,15.5,6.5,2,2,6.5,6.5
357,Jordan,4,Heng On,101,13.3,6.5,2,15.5,6.5,2,2,6.5,6.5
358,Jordan,4,Ma On Shan,102,13.3,6.5,2,15.5,6.5,2,2,6.5,6.5
359,Jordan,4,Wu Kai Sha,103,13.3,6.5,2,15.5,6.5,2,2,6.5,6.5
360,Jordan,4,Austin,111,4.9,3.2,2,5,3.2,2,2,3.5,3.5
361,Jordan,4,Tsuen Wan West,114,10.9,5.7,2,13,5.7,2,2,6,6
362,Jordan,4,Kam Sheung Road,115,21,11,2,21.5,11,2,2,12.5,12.5
363,Jordan,4,Yuen Long,116,22.1,11.5,2,24,11.5,2,2,13.5,13.5
364,Jordan,4,Long Ping,117,22.1,11.5,2,24,11.5,2,2,13.5,13.5
365,Jordan,4,Tin Shui Wai,118,22.1,11.5,2,24,11.5,2,2,13.5,13.5
366,Jordan,4,Siu Hong,119,22.1,11.5,2,24,11.5,2,2,13.5,13.5
367,Jordan,4,Tuen Mun,120,22.1,11.5,2,24,11.5,2,2,13.5,13.5
368,Jordan,4,Sai Ying Pun,81,13.2,6.5,2,15.5,6.5,2,2,6.5,6.5
369,Jordan,4,HKU,82,13.2,6.5,2,15.5,6.5,2,2,6.5,6.5
370,Jordan,4,Kennedy Town,83,13.2,6.5,2,15.5,6.5,2,2,6.5,6.5
371,Jordan,4,Ho Man Tin,84,4.9,3.2,2,5,3.2,2,2,3.5,3.5
372,Jordan,4,Whampoa,85,5.9,3.2,2,6,3.2,2,2,3.5,3.5
373,Jordan,4,Ocean Park,86,13.2,6.5,2,15.5,6.5,2,2,6.5,6.5
374,Jordan,4,Wong Chuk Hang,87,13.2,6.5,2,15.5,6.5,2,2,6.5,6.5
375,Jordan,4,Lei Tung,88,13.2,6.5,2,15.5,6.5,2,2,6.5,6.5
376,Jordan,4,South Horizons,89,15.8,7.4,2,16,7.4,2,2,7.5,7.5
377,Jordan,4,Hin Keng,90,10.1,5.1,2,12,5.1,2,2,5.5,5.5
378,Jordan,4,Kai Tak,91,7.4,3.7,2,7.5,3.7,2,2,4,4
379,Jordan,4,Sung Wong Toi,92,5.9,3.2,2,6,3.2,2,2,3.5,3.5
380,Jordan,4,To Kwa Wan,93,5.9,3.2,2,6,3.2,2,2,3.5,3.5
381,Yau Ma Tei,5,Central,1,13.2,6.5,2,15.5,6.5,2,2,6.5,6.5
382,Yau Ma Tei,5,Admiralty,2,13.2,6.5,2,15.5,6.5,2,2,6.5,6.5
383,Yau Ma Tei,5,Tsim Sha Tsui,3,4.9,3.2,2,5,3.2,2,2,3.5,3.5
384,Yau Ma Tei,5,Jordan,4,4.9,3.2,2,5,3.2,2,2,3.5,3.5
385,Yau Ma Tei,5,Yau Ma Tei,5,0,0,0,0,0,0,0,0,0
386,Yau Ma Tei,5,Mong Kok,6,4.9,3.2,2,5,3.2,2,2,3.5,3.5
387,Yau Ma Tei,5,Shek Kip Mei,7,5.9,3.2,2,6,3.2,2,2,3.5,3.5
388,Yau Ma Tei,5,Kowloon Tong,8,5.9,3.2,2,6,3.2,2,2,3.5,3.5
389,Yau Ma Tei,5,Lok Fu,9,7.4,3.7,2,7.5,3.7,2,2,4,4
390,Yau Ma Tei,5,Wong Tai Sin,10,7.4,3.7,2,7.5,3.7,2,2,4,4
391,Yau Ma Tei,5,Diamond Hill,11,9.2,4.4,2,10.5,4.4,2,2,4.5,4.5
392,Yau Ma Tei,5,Choi Hung,12,9.2,4.4,2,10.5,4.4,2,2,4.5,4.5
393,Yau Ma Tei,5,Kowloon Bay,13,9.2,4.4,2,10.5,4.4,2,2,4.5,4.5
394,Yau Ma Tei,5,Ngau Tau Kok,14,9.2,4.4,2,10.5,4.4,2,2,4.5,4.5
395,Yau Ma Tei,5,Kwun Tong,15,9.2,4.4,2,10.5,4.4,2,2,4.5,4.5
396,Yau Ma Tei,5,Prince Edward,16,4.9,3.2,2,5,3.2,2,2,3.5,3.5
397,Yau Ma Tei,5,Sham Shui Po,17,5.9,3.2,2,6,3.2,2,2,3.5,3.5
398,Yau Ma Tei,5,Cheung Sha Wan,18,5.9,3.2,2,6,3.2,2,2,3.5,3.5
399,Yau Ma Tei,5,Lai Chi Kok,19,7.4,3.7,2,7.5,3.7,2,2,4,4
400,Yau Ma Tei,5,Mei Foo,20,7.4,3.7,2,7.5,3.7,2,2,4,4
401,Yau Ma Tei,5,Lai King,21,9.2,4.4,2,10.5,4.4,2,2,4.5,4.5
402,Yau Ma Tei,5,Kwai Fong,22,9.2,4.4,2,10.5,4.4,2,2,4.5,4.5
403,Yau Ma Tei,5,Kwai Hing,23,11,4.9,2,13,4.9,2,2,5,5
404,Yau Ma Tei,5,Tai Wo Hau,24,11,4.9,2,13,4.9,2,2,5,5
405,Yau Ma Tei,5,Tsuen Wan,25,11,4.9,2,13,4.9,2,2,5,5
406,Yau Ma Tei,5,Sheung Wan,26,13.2,6.5,2,15.5,6.5,2,2,6.5,6.5
407,Yau Ma Tei,5,Wan Chai,27,13.2,6.5,2,15.5,6.5,2,2,6.5,6.5
408,Yau Ma Tei,5,Causeway Bay,28,13.2,6.5,2,15.5,6.5,2,2,6.5,6.5
409,Yau Ma Tei,5,Tin Hau,29,13.2,6.5,2,15.5,6.5,2,2,6.5,6.5
410,Yau Ma Tei,5,Fortress Hill,30,13.2,6.5,2,15.5,6.5,2,2,6.5,6.5
411,Yau Ma Tei,5,North Point,31,13.2,6.5,2,15.5,6.5,2,2,6.5,6.5
412,Yau Ma Tei,5,Quarry Bay,32,13.2,6.5,2,15.5,6.5,2,2,6.5,6.5
413,Yau Ma Tei,5,Tai Koo,33,15.8,7.4,2,16,7.4,2,2,7.5,7.5
414,Yau Ma Tei,5,Sai Wan Ho,34,15.8,7.4,2,16,7.4,2,2,7.5,7.5
415,Yau Ma Tei,5,Shau Kei Wan,35,15.8,7.4,2,16,7.4,2,2,7.5,7.5
416,Yau Ma Tei,5,Heng Fa Chuen,36,15.8,7.4,2,16,7.4,2,2,7.5,7.5
417,Yau Ma Tei,5,Chai Wan,37,15.8,7.4,2,16,7.4,2,2,7.5,7.5
418,Yau Ma Tei,5,Lam Tin,38,9.2,4.4,2,10.5,4.4,2,2,4.5,4.5
419,Yau Ma Tei,5,Hong Kong,39,13.2,6.5,2,15.5,6.5,2,2,6.5,6.5
420,Yau Ma Tei,5,Kowloon,40,4.9,3.2,2,5,3.2,2,2,3.5,3.5
421,Yau Ma Tei,5,Olympic,41,4.9,3.2,2,5,3.2,2,2,3.5,3.5
422,Yau Ma Tei,5,Tsing Yi,42,11,4.9,2,13,4.9,2,2,5,5
423,Yau Ma Tei,5,Tung Chung,43,18.7,9.4,2,21,9.4,2,2,10.5,10.5
424,Yau Ma Tei,5,Yau Tong,48,9.2,4.4,2,10.5,4.4,2,2,4.5,4.5
425,Yau Ma Tei,5,Tiu Keng Leng,49,11,4.9,2,13,4.9,2,2,5,5
426,Yau Ma Tei,5,Tseung Kwan O,50,11,4.9,2,13,4.9,2,2,5,5
427,Yau Ma Tei,5,Hang Hau,51,11,4.9,2,13,4.9,2,2,5,5
428,Yau Ma Tei,5,Po Lam,52,11,4.9,2,13,4.9,2,2,5,5
429,Yau Ma Tei,5,Nam Cheong,53,5.9,3.2,2,6,3.2,2,2,3.5,3.5
430,Yau Ma Tei,5,Sunny Bay,54,15.9,7.7,2,17,7.7,2,2,8,8
431,Yau Ma Tei,5,Disneyland Resort,55,22.2,11.1,2,25.5,11.1,2,2,13.5,13.5
432,Yau Ma Tei,5,LOHAS Park,57,11,4.9,2,13,4.9,2,2,5,5
433,Yau Ma Tei,5,Hung Hom,64,5.9,2.8,2,6,2.8,2,2,3,3
434,Yau Ma Tei,5,Mong Kok East,65,5.9,2.8,2,6,2.8,2,2,3,3
435,Yau Ma Tei,5,Tai Wai,67,9.6,4.6,2,12,4.6,2,2,5,5
436,Yau Ma Tei,5,Sha Tin,68,9.6,4.6,2,12,4.6,2,2,5,5
437,Yau Ma Tei,5,Fo Tan,69,10.1,5.3,2,12.5,5.3,2,2,5.5,5.5
438,Yau Ma Tei,5,Racecourse,70,17.5,9.1,17.5,20,9.1,2,2,10.5,10.5
439,Yau Ma Tei,5,University,71,10.8,5.4,2,13.5,5.4,2,2,5.5,5.5
440,Yau Ma Tei,5,Tai Po Market,72,12.8,6.4,2,14.5,6.4,2,2,6.5,6.5
441,Yau Ma Tei,5,Tai Wo,73,12.8,6.4,2,14.5,6.4,2,2,6.5,6.5
442,Yau Ma Tei,5,Fanling,74,13.6,7.1,2,15.5,7.1,2,2,7.5,7.5
443,Yau Ma Tei,5,Sheung Shui,75,13.6,7.1,2,15.5,7.1,2,2,7.5,7.5
444,Yau Ma Tei,5,Lo Wu,76,45.4,43.1,45.4,48,23.1,23.1,23.1,24.5,24.5
445,Yau Ma Tei,5,Lok Ma Chau,78,45.4,43.1,45.4,48,23.1,23.1,23.1,24.5,24.5
446,Yau Ma Tei,5,East Tsim Sha Tsui,80,4.9,3.2,2,5,3.2,2,2,3.5,3.5
447,Yau Ma Tei,5,Che Kung Temple,96,9.8,4.9,2,12,4.9,2,2,5,5
448,Yau Ma Tei,5,Sha Tin Wai,97,9.8,4.9,2,12,4.9,2,2,5,5
449,Yau Ma Tei,5,City One,98,9.8,4.9,2,12,4.9,2,2,5,5
450,Yau Ma Tei,5,Shek Mun,99,9.8,4.9,2,12,4.9,2,2,5,5
451,Yau Ma Tei,5,Tai Shui Hang,100,12,6,2,14,6,2,2,6,6
452,Yau Ma Tei,5,Heng On,101,12,6,2,14,6,2,2,6,6
453,Yau Ma Tei,5,Ma On Shan,102,12,6,2,14,6,2,2,6,6
454,Yau Ma Tei,5,Wu Kai Sha,103,12,6,2,14,6,2,2,6,6
455,Yau Ma Tei,5,Austin,111,4.9,3.2,2,5,3.2,2,2,3.5,3.5
456,Yau Ma Tei,5,Tsuen Wan West,114,10.4,5.3,2,12.5,5.3,2,2,5.5,5.5
457,Yau Ma Tei,5,Kam Sheung Road,115,21,11,2,21.5,11,2,2,12.5,12.5
458,Yau Ma Tei,5,Yuen Long,116,22.1,11.5,2,24,11.5,2,2,13.5,13.5
459,Yau Ma Tei,5,Long Ping,117,22.1,11.5,2,24,11.5,2,2,13.5,13.5
460,Yau Ma Tei,5,Tin Shui Wai,118,22.1,11.5,2,24,11.5,2,2,13.5,13.5
461,Yau Ma Tei,5,Siu Hong,119,22.1,11.5,2,24,11.5,2,2,13.5,13.5
462,Yau Ma Tei,5,Tuen Mun,120,22.1,11.5,2,24,11.5,2,2,13.5,13.5
463,Yau Ma Tei,5,Sai Ying Pun,81,13.2,6.5,2,15.5,6.5,2,2,6.5,6.5
464,Yau Ma Tei,5,HKU,82,13.2,6.5,2,15.5,6.5,2,2,6.5,6.5
465,Yau Ma Tei,5,Kennedy Town,83,13.2,6.5,2,15.5,6.5,2,2,6.5,6.5
466,Yau Ma Tei,5,Ho Man Tin,84,4.9,3.2,2,5,3.2,2,2,3.5,3.5
467,Yau Ma Tei,5,Whampoa,85,4.9,3.2,2,5,3.2,2,2,3.5,3.5
468,Yau Ma Tei,5,Ocean Park,86,13.2,6.5,2,15.5,6.5,2,2,6.5,6.5
469,Yau Ma Tei,5,Wong Chuk Hang,87,13.2,6.5,2,15.5,6.5,2,2,6.5,6.5
470,Yau Ma Tei,5,Lei Tung,88,13.2,6.5,2,15.5,6.5,2,2,6.5,6.5
471,Yau Ma Tei,5,South Horizons,89,15.8,7.4,2,16,7.4,2,2,7.5,7.5
472,Yau Ma Tei,5,Hin Keng,90,9.6,4.6,2,12,4.6,2,2,5,5
473,Yau Ma Tei,5,Kai Tak,91,5.9,3.2,2,6,3.2,2,2,3.5,3.5
474,Yau Ma Tei,5,Sung Wong Toi,92,5.9,3.2,2,6,3.2,2,2,3.5,3.5
475,Yau Ma Tei,5,To Kwa Wan,93,4.9,3.2,2,5,3.2,2,2,3.5,3.5
476,Mong Kok,6,Central,1,13.2,6.5,2,15.5,6.5,2,2,6.5,6.5
477,Mong Kok,6,Admiralty,2,13.2,6.5,2,15.5,6.5,2,2,6.5,6.5
478,Mong Kok,6,Tsim Sha Tsui,3,5.9,3.2,2,6,3.2,2,2,3.5,3.5
479,Mong Kok,6,Jordan,4,4.9,3.2,2,5,3.2,2,2,3.5,3.5
480,Mong Kok,6,Yau Ma Tei,5,4.9,3.2,2,5,3.2,2,2,3.5,3.5
481,Mong Kok,6,Mong Kok,6,0,0,0,0,0,0,0,0,0
482,Mong Kok,6,Shek Kip Mei,7,4.9,3.2,2,5,3.2,2,2,3.5,3.5
483,Mong Kok,6,Kowloon Tong,8,5.9,3.2,2,6,3.2,2,2,3.5,3.5
484,Mong Kok,6,Lok Fu,9,5.9,3.2,2,6,3.2,2,2,3.5,3.5
485,Mong Kok,6,Wong Tai Sin,10,7.4,3.7,2,7.5,3.7,2,2,4,4
486,Mong Kok,6,Diamond Hill,11,7.4,3.7,2,7.5,3.7,2,2,4,4
487,Mong Kok,6,Choi Hung,12,9.2,4.4,2,10.5,4.4,2,2,4.5,4.5
488,Mong Kok,6,Kowloon Bay,13,9.2,4.4,2,10.5,4.4,2,2,4.5,4.5
489,Mong Kok,6,Ngau Tau Kok,14,9.2,4.4,2,10.5,4.4,2,2,4.5,4.5
490,Mong Kok,6,Kwun Tong,15,9.2,4.4,2,10.5,4.4,2,2,4.5,4.5
491,Mong Kok,6,Prince Edward,16,4.9,3.2,2,5,3.2,2,2,3.5,3.5
492,Mong Kok,6,Sham Shui Po,17,4.9,3.2,2,5,3.2,2,2,3.5,3.5
493,Mong Kok,6,Cheung Sha Wan,18,5.9,3.2,2,6,3.2,2,2,3.5,3.5
494,Mong Kok,6,Lai Chi Kok,19,5.9,3.2,2,6,3.2,2,2,3.5,3.5
495,Mong Kok,6,Mei Foo,20,7.4,3.7,2,7.5,3.7,2,2,4,4
496,Mong Kok,6,Lai King,21,7.4,3.7,2,7.5,3.7,2,2,4,4
497,Mong Kok,6,Kwai Fong,22,9.2,4.4,2,10.5,4.4,2,2,4.5,4.5
498,Mong Kok,6,Kwai Hing,23,9.2,4.4,2,10.5,4.4,2,2,4.5,4.5
499,Mong Kok,6,Tai Wo Hau,24,9.2,4.4,2,10.5,4.4,2,2,4.5,4.5
500,Mong Kok,6,Tsuen Wan,25,9.2,4.4,2,10.5,4.4,2,2,4.5,4.5
501,Mong Kok,6,Sheung Wan,26,13.2,6.5,2,15.5,6.5,2,2,6.5,6.5
502,Mong Kok,6,Wan Chai,27,13.2,6.5,2,15.5,6.5,2,2,6.5,6.5
503,Mong Kok,6,Causeway Bay,28,13.2,6.5,2,15.5,6.5,2,2,6.5,6.5
504,Mong Kok,6,Tin Hau,29,13.2,6.5,2,15.5,6.5,2,2,6.5,6.5
505,Mong Kok,6,Fortress Hill,30,13.2,6.5,2,15.5,6.5,2,2,6.5,6.5
506,Mong Kok,6,North Point,31,13.2,6.5,2,15.5,6.5,2,2,6.5,6.5
507,Mong Kok,6,Quarry Bay,32,15.8,7.4,2,16,7.4,2,2,7.5,7.5
508,Mong Kok,6,Tai Koo,33,15.8,7.4,2,16,7.4,2,2,7.5,7.5
509,Mong Kok,6,Sai Wan Ho,34,15.8,7.4,2,16,7.4,2,2,7.5,7.5
510,Mong Kok,6,Shau Kei Wan,35,15.8,7.4,2,16,7.4,2,2,7.5,7.5
511,Mong Kok,6,Heng Fa Chuen,36,15.8,7.4,2,16,7.4,2,2,7.5,7.5
512,Mong Kok,6,Chai Wan,37,15.8,7.4,2,16,7.4,2,2,7.5,7.5
513,Mong Kok,6,Lam Tin,38,9.2,4.4,2,10.5,4.4,2,2,4.5,4.5
514,Mong Kok,6,Hong Kong,39,13.2,6.5,2,15.5,6.5,2,2,6.5,6.5
515,Mong Kok,6,Kowloon,40,4.9,3.2,2,5,3.2,2,2,3.5,3.5
516,Mong Kok,6,Olympic,41,4.9,3.2,2,5,3.2,2,2,3.5,3.5
517,Mong Kok,6,Tsing Yi,42,9.2,4.4,2,10.5,4.4,2,2,4.5,4.5
518,Mong Kok,6,Tung Chung,43,18.7,9.4,2,21,9.4,2,2,10.5,10.5
519,Mong Kok,6,Yau Tong,48,9.2,4.4,2,10.5,4.4,2,2,4.5,4.5
520,Mong Kok,6,Tiu Keng Leng,49,11,4.9,2,13,4.9,2,2,5,5
521,Mong Kok,6,Tseung Kwan O,50,11,4.9,2,13,4.9,2,2,5,5
522,Mong Kok,6,Hang Hau,51,11,4.9,2,13,4.9,2,2,5,5
523,Mong Kok,6,Po Lam,52,11,4.9,2,13,4.9,2,2,5,5
524,Mong Kok,6,Nam Cheong,53,4.9,3.2,2,5,3.2,2,2,3.5,3.5
525,Mong Kok,6,Sunny Bay,54,15.9,7.7,2,17,7.7,2,2,8,8
526,Mong Kok,6,Disneyland Resort,55,22.2,11.1,2,25.5,11.1,2,2,13.5,13.5
527,Mong Kok,6,LOHAS Park,57,11,4.9,2,13,4.9,2,2,5,5
528,Mong Kok,6,Hung Hom,64,5.9,2.8,2,6,2.8,2,2,3,3
529,Mong Kok,6,Mong Kok East,65,4.9,2.2,2,5,2.2,2,2,2.5,2.5
530,Mong Kok,6,Tai Wai,67,9.6,4.6,2,12,4.6,2,2,5,5
531,Mong Kok,6,Sha Tin,68,9.6,4.6,2,12,4.6,2,2,5,5
532,Mong Kok,6,Fo Tan,69,10.1,5.3,2,12.5,5.3,2,2,5.5,5.5
533,Mong Kok,6,Racecourse,70,17.5,9.1,17.5,20,9.1,2,2,10.5,10.5
534,Mong Kok,6,University,71,10.8,5.4,2,13.5,5.4,2,2,5.5,5.5
535,Mong Kok,6,Tai Po Market,72,12.8,6.4,2,14.5,6.4,2,2,6.5,6.5
536,Mong Kok,6,Tai Wo,73,12.8,6.4,2,14.5,6.4,2,2,6.5,6.5
537,Mong Kok,6,Fanling,74,13.6,7.1,2,15.5,7.1,2,2,7.5,7.5
538,Mong Kok,6,Sheung Shui,75,13.6,7.1,2,15.5,7.1,2,2,7.5,7.5
539,Mong Kok,6,Lo Wu,76,45.4,43.1,45.4,48,23.1,23.1,23.1,24.5,24.5
540,Mong Kok,6,Lok Ma Chau,78,45.4,43.1,45.4,48,23.1,23.1,23.1,24.5,24.5
541,Mong Kok,6,East Tsim Sha Tsui,80,5.9,3.2,2,6,3.2,2,2,3.5,3.5
542,Mong Kok,6,Che Kung Temple,96,9.8,4.9,2,12,4.9,2,2,5,5
543,Mong Kok,6,Sha Tin Wai,97,9.8,4.9,2,12,4.9,2,2,5,5
544,Mong Kok,6,City One,98,9.8,4.9,2,12,4.9,2,2,5,5
545,Mong Kok,6,Shek Mun,99,9.8,4.9,2,12,4.9,2,2,5,5
546,Mong Kok,6,Tai Shui Hang,100,12,6,2,14,6,2,2,6,6
547,Mong Kok,6,Heng On,101,12,6,2,14,6,2,2,6,6
548,Mong Kok,6,Ma On Shan,102,12,6,2,14,6,2,2,6,6
549,Mong Kok,6,Wu Kai Sha,103,12,6,2,14,6,2,2,6,6
550,Mong Kok,6,Austin,111,4.9,3.2,2,5,3.2,2,2,3.5,3.5
551,Mong Kok,6,Tsuen Wan West,114,9.2,5.1,2,10.5,5.1,2,2,5.5,5.5
552,Mong Kok,6,Kam Sheung Road,115,18.9,10,2,19.5,10,2,2,12,12
553,Mong Kok,6,Yuen Long,116,20.8,11,2,21.5,11,2,2,13,13
554,Mong Kok,6,Long Ping,117,20.8,11,2,21.5,11,2,2,13,13
555,Mong Kok,6,Tin Shui Wai,118,20.8,11,2,21.5,11,2,2,13,13
556,Mong Kok,6,Siu Hong,119,20.8,11,2,21.5,11,2,2,13,13
557,Mong Kok,6,Tuen Mun,120,20.8,11,2,21.5,11,2,2,13,13
558,Mong Kok,6,Sai Ying Pun,81,13.2,6.5,2,15.5,6.5,2,2,6.5,6.5
559,Mong Kok,6,HKU,82,13.2,6.5,2,15.5,6.5,2,2,6.5,6.5
560,Mong Kok,6,Kennedy Town,83,13.2,6.5,2,15.5,6.5,2,2,6.5,6.5
561,Mong Kok,6,Ho Man Tin,84,4.9,3.2,2,5,3.2,2,2,3.5,3.5
562,Mong Kok,6,Whampoa,85,5.9,3.2,2,6,3.2,2,2,3.5,3.5
563,Mong Kok,6,Ocean Park,86,13.2,6.5,2,15.5,6.5,2,2,6.5,6.5
564,Mong Kok,6,Wong Chuk Hang,87,13.2,6.5,2,15.5,6.5,2,2,6.5,6.5
565,Mong Kok,6,Lei Tung,88,15.8,7.4,2,16,7.4,2,2,7.5,7.5
566,Mong Kok,6,South Horizons,89,15.8,7.4,2,16,7.4,2,2,7.5,7.5
567,Mong Kok,6,Hin Keng,90,9.6,4.6,2,12,4.6,2,2,5,5
568,Mong Kok,6,Kai Tak,91,7.4,3.7,2,7.5,3.7,2,2,4,4
569,Mong Kok,6,Sung Wong Toi,92,5.9,3.2,2,6,3.2,2,2,3.5,3.5
570,Mong Kok,6,To Kwa Wan,93,5.9,3.2,2,6,3.2,2,2,3.5,3.5
571,Shek Kip Mei,7,Central,1,13.2,6.5,2,15.5,6.5,2,2,6.5,6.5
572,Shek Kip Mei,7,Admiralty,2,13.2,6.5,2,15.5,6.5,2,2,6.5,6.5
573,Shek Kip Mei,7,Tsim Sha Tsui,3,7.4,3.7,2,7.5,3.7,2,2,4,4
574,Shek Kip Mei,7,Jordan,4,5.9,3.2,2,6,3.2,2,2,3.5,3.5
575,Shek Kip Mei,7,Yau Ma Tei,5,5.9,3.2,2,6,3.2,2,2,3.5,3.5
576,Shek Kip Mei,7,Mong Kok,6,4.9,3.2,2,5,3.2,2,2,3.5,3.5
577,Shek Kip Mei,7,Shek Kip Mei,7,0,0,0,0,0,0,0,0,0
578,Shek Kip Mei,7,Kowloon Tong,8,4.9,3.2,2,5,3.2,2,2,3.5,3.5
579,Shek Kip Mei,7,Lok Fu,9,4.9,3.2,2,5,3.2,2,2,3.5,3.5
580,Shek Kip Mei,7,Wong Tai Sin,10,5.9,3.2,2,6,3.2,2,2,3.5,3.5
581,Shek Kip Mei,7,Diamond Hill,11,5.9,3.2,2,6,3.2,2,2,3.5,3.5
582,Shek Kip Mei,7,Choi Hung,12,7.4,3.7,2,7.5,3.7,2,2,4,4
583,Shek Kip Mei,7,Kowloon Bay,13,7.4,3.7,2,7.5,3.7,2,2,4,4
584,Shek Kip Mei,7,Ngau Tau Kok,14,9.2,4.4,2,10.5,4.4,2,2,4.5,4.5
585,Shek Kip Mei,7,Kwun Tong,15,9.2,4.4,2,10.5,4.4,2,2,4.5,4.5
586,Shek Kip Mei,7,Prince Edward,16,4.9,3.2,2,5,3.2,2,2,3.5,3.5
587,Shek Kip Mei,7,Sham Shui Po,17,4.9,3.2,2,5,3.2,2,2,3.5,3.5
588,Shek Kip Mei,7,Cheung Sha Wan,18,4.9,3.2,2,5,3.2,2,2,3.5,3.5
589,Shek Kip Mei,7,Lai Chi Kok,19,5.9,3.2,2,6,3.2,2,2,3.5,3.5
590,Shek Kip Mei,7,Mei Foo,20,5.9,3.2,2,6,3.2,2,2,3.5,3.5
591,Shek Kip Mei,7,Lai King,21,7.4,3.7,2,7.5,3.7,2,2,4,4
592,Shek Kip Mei,7,Kwai Fong,22,7.4,3.7,2,7.5,3.7,2,2,4,4
593,Shek Kip Mei,7,Kwai Hing,23,9.2,4.4,2,10.5,4.4,2,2,4.5,4.5
594,Shek Kip Mei,7,Tai Wo Hau,24,9.2,4.4,2,10.5,4.4,2,2,4.5,4.5
595,Shek Kip Mei,7,Tsuen Wan,25,9.2,4.4,2,10.5,4.4,2,2,4.5,4.5
596,Shek Kip Mei,7,Sheung Wan,26,13.2,6.5,2,15.5,6.5,2,2,6.5,6.5
597,Shek Kip Mei,7,Wan Chai,27,13.2,6.5,2,15.5,6.5,2,2,6.5,6.5
598,Shek Kip Mei,7,Causeway Bay,28,13.2,6.5,2,15.5,6.5,2,2,6.5,6.5
599,Shek Kip Mei,7,Tin Hau,29,13.2,6.5,2,15.5,6.5,2,2,6.5,6.5
600,Shek Kip Mei,7,Fortress Hill,30,15.8,7.4,2,16,7.4,2,2,7.5,7.5
601,Shek Kip Mei,7,North Point,31,15.8,7.4,2,16,7.4,2,2,7.5,7.5
602,Shek Kip Mei,7,Quarry Bay,32,15.8,7.4,2,16,7.4,2,2,7.5,7.5
603,Shek Kip Mei,7,Tai Koo,33,15.8,7.4,2,16,7.4,2,2,7.5,7.5
604,Shek Kip Mei,7,Sai Wan Ho,34,15.8,7.4,2,16,7.4,2,2,7.5,7.5
605,Shek Kip Mei,7,Shau Kei Wan,35,15.8,7.4,2,16,7.4,2,2,7.5,7.5
606,Shek Kip Mei,7,Heng Fa Chuen,36,15.8,7.4,2,16,7.4,2,2,7.5,7.5
607,Shek Kip Mei,7,Chai Wan,37,15.8,7.4,2,16,7.4,2,2,7.5,7.5
608,Shek Kip Mei,7,Lam Tin,38,9.2,4.4,2,10.5,4.4,2,2,4.5,4.5
609,Shek Kip Mei,7,Hong Kong,39,13.2,6.5,2,15.5,6.5,2,2,6.5,6.5
610,Shek Kip Mei,7,Kowloon,40,5.9,3.2,2,6,3.2,2,2,3.5,3.5
611,Shek Kip Mei,7,Olympic,41,4.9,3.2,2,5,3.2,2,2,3.5,3.5
612,Shek Kip Mei,7,Tsing Yi,42,9.2,4.4,2,10.5,4.4,2,2,4.5,4.5
613,Shek Kip Mei,7,Tung Chung,43,18.7,9.4,2,21,9.4,2,2,10.5,10.5
614,Shek Kip Mei,7,Yau Tong,48,9.2,4.4,2,10.5,4.4,2,2,4.5,4.5
615,Shek Kip Mei,7,Tiu Keng Leng,49,11,4.9,2,13,4.9,2,2,5,5
616,Shek Kip Mei,7,Tseung Kwan O,50,11,4.9,2,13,4.9,2,2,5,5
617,Shek Kip Mei,7,Hang Hau,51,11,4.9,2,13,4.9,2,2,5,5
618,Shek Kip Mei,7,Po Lam,52,11,4.9,2,13,4.9,2,2,5,5
619,Shek Kip Mei,7,Nam Cheong,53,4.9,3.2,2,5,3.2,2,2,3.5,3.5
620,Shek Kip Mei,7,Sunny Bay,54,15.9,7.7,2,17,7.7,2,2,8,8
621,Shek Kip Mei,7,Disneyland Resort,55,22.2,11.1,2,25.5,11.1,2,2,13.5,13.5
622,Shek Kip Mei,7,LOHAS Park,57,11,4.9,2,13,4.9,2,2,5,5
623,Shek Kip Mei,7,Hung Hom,64,5.9,3.4,2,6,3.4,2,2,3.5,3.5
624,Shek Kip Mei,7,Mong Kok East,65,5.9,3.4,2,6,3.4,2,2,3.5,3.5
625,Shek Kip Mei,7,Tai Wai,67,8.6,4.6,2,10,4.6,2,2,5,5
626,Shek Kip Mei,7,Sha Tin,68,8.6,4.6,2,10,4.6,2,2,5,5
627,Shek Kip Mei,7,Fo Tan,69,9.2,5.3,2,10.5,5.3,2,2,5.5,5.5
628,Shek Kip Mei,7,Racecourse,70,17.1,9.2,17.1,19,9.2,2,2,10.5,10.5
629,Shek Kip Mei,7,University,71,9.8,5.4,2,12,5.4,2,2,5.5,5.5
630,Shek Kip Mei,7,Tai Po Market,72,11.7,6.4,2,13.5,6.4,2,2,6.5,6.5
631,Shek Kip Mei,7,Tai Wo,73,11.7,6.4,2,13.5,6.4,2,2,6.5,6.5
632,Shek Kip Mei,7,Fanling,74,12.6,7.1,2,15,7.1,2,2,7.5,7.5
633,Shek Kip Mei,7,Sheung Shui,75,12.6,7.1,2,15,7.1,2,2,7.5,7.5
634,Shek Kip Mei,7,Lo Wu,76,44.4,43.1,44.4,47,23.1,23.1,23.1,24.5,24.5
635,Shek Kip Mei,7,Lok Ma Chau,78,44.4,43.1,44.4,47,23.1,23.1,23.1,24.5,24.5
636,Shek Kip Mei,7,East Tsim Sha Tsui,80,7.4,3.7,2,7.5,3.7,2,2,4,4
637,Shek Kip Mei,7,Che Kung Temple,96,8.7,4.9,2,10,4.9,2,2,5,5
638,Shek Kip Mei,7,Sha Tin Wai,97,8.7,4.9,2,10,4.9,2,2,5,5
639,Shek Kip Mei,7,City One,98,8.7,4.9,2,10,4.9,2,2,5,5
640,Shek Kip Mei,7,Shek Mun,99,8.7,4.9,2,10,4.9,2,2,5,5
641,Shek Kip Mei,7,Tai Shui Hang,100,10.7,6,2,12.5,6,2,2,6,6
642,Shek Kip Mei,7,Heng On,101,10.7,6,2,12.5,6,2,2,6,6
643,Shek Kip Mei,7,Ma On Shan,102,10.7,6,2,12.5,6,2,2,6,6
644,Shek Kip Mei,7,Wu Kai Sha,103,10.7,6,2,12.5,6,2,2,6,6
645,Shek Kip Mei,7,Austin,111,5.9,3.2,2,6,3.2,2,2,3.5,3.5
646,Shek Kip Mei,7,Tsuen Wan West,114,8.7,4.3,2,10.5,4.3,2,2,4.5,4.5
647,Shek Kip Mei,7,Kam Sheung Road,115,18.7,9.4,2,19.5,9.4,2,2,10.5,10.5
648,Shek Kip Mei,7,Yuen Long,116,20.7,10.4,2,21.5,10.4,2,2,12.5,12.5
649,Shek Kip Mei,7,Long Ping,117,20.7,10.4,2,21.5,10.4,2,2,12.5,12.5
650,Shek Kip Mei,7,Tin Shui Wai,118,20.7,10.4,2,21.5,10.4,2,2,12.5,12.5
651,Shek Kip Mei,7,Siu Hong,119,20.7,10.4,2,21.5,10.4,2,2,12.5,12.5
652,Shek Kip Mei,7,Tuen Mun,120,20.7,10.4,2,21.5,10.4,2,2,12.5,12.5
653,Shek Kip Mei,7,Sai Ying Pun,81,13.2,6.5,2,15.5,6.5,2,2,6.5,6.5
654,Shek Kip Mei,7,HKU,82,13.2,6.5,2,15.5,6.5,2,2,6.5,6.5
655,Shek Kip Mei,7,Kennedy Town,83,15.8,7.4,2,16,7.4,2,2,7.5,7.5
656,Shek Kip Mei,7,Ho Man Tin,84,5.9,3.2,2,6,3.2,2,2,3.5,3.5
657,Shek Kip Mei,7,Whampoa,85,7.4,3.7,2,7.5,3.7,2,2,4,4
658,Shek Kip Mei,7,Ocean Park,86,15.8,7.4,2,16,7.4,2,2,7.5,7.5
659,Shek Kip Mei,7,Wong Chuk Hang,87,15.8,7.4,2,16,7.4,2,2,7.5,7.5
660,Shek Kip Mei,7,Lei Tung,88,15.8,7.4,2,16,7.4,2,2,7.5,7.5
661,Shek Kip Mei,7,South Horizons,89,15.8,7.4,2,16,7.4,2,2,7.5,7.5
662,Shek Kip Mei,7,Hin Keng,90,8.6,4.6,2,10,4.6,2,2,5,5
663,Shek Kip Mei,7,Kai Tak,91,5.9,3.2,2,6,3.2,2,2,3.5,3.5
664,Shek Kip Mei,7,Sung Wong Toi,92,5.9,3.2,2,6,3.2,2,2,3.5,3.5
665,Shek Kip Mei,7,To Kwa Wan,93,5.9,3.2,2,6,3.2,2,2,3.5,3.5
666,Kowloon Tong,8,Central,1,13.2,6.5,2,15.5,6.5,2,2,6.5,6.5
667,Kowloon Tong,8,Admiralty,2,13.2,6.5,2,15.5,6.5,2,2,6.5,6.5
668,Kowloon Tong,8,Tsim Sha Tsui,3,7.4,3.7,2,7.5,3.7,2,2,4,4
669,Kowloon Tong,8,Jordan,4,7.4,3.7,2,7.5,3.7,2,2,4,4
670,Kowloon Tong,8,Yau Ma Tei,5,5.9,3.2,2,6,3.2,2,2,3.5,3.5
671,Kowloon Tong,8,Mong Kok,6,5.9,3.2,2,6,3.2,2,2,3.5,3.5
672,Kowloon Tong,8,Shek Kip Mei,7,4.9,3.2,2,5,3.2,2,2,3.5,3.5
673,Kowloon Tong,8,Kowloon Tong,8,0,0,0,0,0,0,0,0,0
674,Kowloon Tong,8,Lok Fu,9,4.9,3.2,2,5,3.2,2,2,3.5,3.5
675,Kowloon Tong,8,Wong Tai Sin,10,4.9,3.2,2,5,3.2,2,2,3.5,3.5
676,Kowloon Tong,8,Diamond Hill,11,5.9,3.2,2,6,3.2,2,2,3.5,3.5
677,Kowloon Tong,8,Choi Hung,12,5.9,3.2,2,6,3.2,2,2,3.5,3.5
678,Kowloon Tong,8,Kowloon Bay,13,7.4,3.7,2,7.5,3.7,2,2,4,4
679,Kowloon Tong,8,Ngau Tau Kok,14,7.4,3.7,2,7.5,3.7,2,2,4,4
680,Kowloon Tong,8,Kwun Tong,15,7.4,3.7,2,7.5,3.7,2,2,4,4
681,Kowloon Tong,8,Prince Edward,16,4.9,3.2,2,5,3.2,2,2,3.5,3.5
682,Kowloon Tong,8,Sham Shui Po,17,4.9,3.2,2,5,3.2,2,2,3.5,3.5
683,Kowloon Tong,8,Cheung Sha Wan,18,5.9,3.2,2,6,3.2,2,2,3.5,3.5
684,Kowloon Tong,8,Lai Chi Kok,19,5.9,3.2,2,6,3.2,2,2,3.5,3.5
685,Kowloon Tong,8,Mei Foo,20,7.4,3.7,2,7.5,3.7,2,2,4,4
686,Kowloon Tong,8,Lai King,21,7.4,3.7,2,7.5,3.7,2,2,4,4
687,Kowloon Tong,8,Kwai Fong,22,9.2,4.4,2,10.5,4.4,2,2,4.5,4.5
688,Kowloon Tong,8,Kwai Hing,23,9.2,4.4,2,10.5,4.4,2,2,4.5,4.5
689,Kowloon Tong,8,Tai Wo Hau,24,9.2,4.4,2,10.5,4.4,2,2,4.5,4.5
690,Kowloon Tong,8,Tsuen Wan,25,9.2,4.4,2,10.5,4.4,2,2,4.5,4.5
691,Kowloon Tong,8,Sheung Wan,26,13.2,6.5,2,15.5,6.5,2,2,6.5,6.5
692,Kowloon Tong,8,Wan Chai,27,13.2,6.5,2,15.5,6.5,2,2,6.5,6.5
693,Kowloon Tong,8,Causeway Bay,28,13.2,6.5,2,15.5,6.5,2,2,6.5,6.5
694,Kowloon Tong,8,Tin Hau,29,15.8,7.4,2,16,7.4,2,2,7.5,7.5
695,Kowloon Tong,8,Fortress Hill,30,15.8,7.4,2,16,7.4,2,2,7.5,7.5
696,Kowloon Tong,8,North Point,31,15.8,7.4,2,16,7.4,2,2,7.5,7.5
697,Kowloon Tong,8,Quarry Bay,32,15.8,7.4,2,16,7.4,2,2,7.5,7.5
698,Kowloon Tong,8,Tai Koo,33,15.8,7.4,2,16,7.4,2,2,7.5,7.5
699,Kowloon Tong,8,Sai Wan Ho,34,15.8,7.4,2,16,7.4,2,2,7.5,7.5
700,Kowloon Tong,8,Shau Kei Wan,35,15.8,7.4,2,16,7.4,2,2,7.5,7.5
701,Kowloon Tong,8,Heng Fa Chuen,36,15.8,7.4,2,16,7.4,2,2,7.5,7.5
702,Kowloon Tong,8,Chai Wan,37,15.8,7.4,2,16,7.4,2,2,7.5,7.5
703,Kowloon Tong,8,Lam Tin,38,9.2,4.4,2,10.5,4.4,2,2,4.5,4.5
704,Kowloon Tong,8,Hong Kong,39,13.2,6.5,2,15.5,6.5,2,2,6.5,6.5
705,Kowloon Tong,8,Kowloon,40,7.4,3.7,2,7.5,3.7,2,2,4,4
706,Kowloon Tong,8,Olympic,41,5.9,3.2,2,6,3.2,2,2,3.5,3.5
707,Kowloon Tong,8,Tsing Yi,42,9.2,4.4,2,10.5,4.4,2,2,4.5,4.5
708,Kowloon Tong,8,Tung Chung,43,18.7,9.4,2,21,9.4,2,2,10.5,10.5
709,Kowloon Tong,8,Yau Tong,48,9.2,4.4,2,10.5,4.4,2,2,4.5,4.5
710,Kowloon Tong,8,Tiu Keng Leng,49,9.2,4.4,2,10.5,4.4,2,2,4.5,4.5
711,Kowloon Tong,8,Tseung Kwan O,50,11,4.9,2,13,4.9,2,2,5,5
712,Kowloon Tong,8,Hang Hau,51,11,4.9,2,13,4.9,2,2,5,5
713,Kowloon Tong,8,Po Lam,52,11,4.9,2,13,4.9,2,2,5,5
714,Kowloon Tong,8,Nam Cheong,53,4.9,3.2,2,5,3.2,2,2,3.5,3.5
715,Kowloon Tong,8,Sunny Bay,54,15.9,7.7,2,17,7.7,2,2,8,8
716,Kowloon Tong,8,Disneyland Resort,55,22.2,11.1,2,25.5,11.1,2,2,13.5,13.5
717,Kowloon Tong,8,LOHAS Park,57,11,4.9,2,13,4.9,2,2,5,5
718,Kowloon Tong,8,Hung Hom,64,4,1.4,2,4,1.4,1.4,1.4,1.5,1.5
719,Kowloon Tong,8,Mong Kok East,65,4,1.4,2,4,1.4,1.4,1.4,1.5,1.5
720,Kowloon Tong,8,Tai Wai,67,6.7,3.3,2,7,3.3,2,2,3.5,3.5
721,Kowloon Tong,8,Sha Tin,68,6.7,3.3,2,7,3.3,2,2,3.5,3.5
722,Kowloon Tong,8,Fo Tan,69,7.4,3.7,2,7.5,3.7,2,2,4,4
723,Kowloon Tong,8,Racecourse,70,15.1,7.6,15.1,16,7.6,2,2,8,8
724,Kowloon Tong,8,University,71,8,3.9,2,8.5,3.9,2,2,4,4
725,Kowloon Tong,8,Tai Po Market,72,9.9,5,2,12,5,2,2,5,5
726,Kowloon Tong,8,Tai Wo,73,9.9,5,2,12,5,2,2,5,5
727,Kowloon Tong,8,Fanling,74,11.1,5.5,2,13,5.5,2,2,5.5,5.5
728,Kowloon Tong,8,Sheung Shui,75,11.1,5.5,2,13,5.5,2,2,5.5,5.5
729,Kowloon Tong,8,Lo Wu,76,41.5,41.5,41.5,45,21.3,21.3,21.3,22,22
730,Kowloon Tong,8,Lok Ma Chau,78,41.5,41.5,41.5,45,21.3,21.3,21.3,22,22
731,Kowloon Tong,8,East Tsim Sha Tsui,80,7.4,3.7,2,7.5,3.7,2,2,4,4
732,Kowloon Tong,8,Che Kung Temple,96,8.1,4,2,9.5,4,2,2,4,4
733,Kowloon Tong,8,Sha Tin Wai,97,8.1,4,2,9.5,4,2,2,4,4
734,Kowloon Tong,8,City One,98,8.1,4,2,9.5,4,2,2,4,4
735,Kowloon Tong,8,Shek Mun,99,8.1,4,2,9.5,4,2,2,4,4
736,Kowloon Tong,8,Tai Shui Hang,100,10.7,5.4,2,12.5,5.4,2,2,5.5,5.5
737,Kowloon Tong,8,Heng On,101,10.7,5.4,2,12.5,5.4,2,2,5.5,5.5
738,Kowloon Tong,8,Ma On Shan,102,10.7,5.4,2,12.5,5.4,2,2,5.5,5.5
739,Kowloon Tong,8,Wu Kai Sha,103,10.7,5.4,2,12.5,5.4,2,2,5.5,5.5
740,Kowloon Tong,8,Austin,111,7.4,3.7,2,7.5,3.7,2,2,4,4
741,Kowloon Tong,8,Tsuen Wan West,114,9.2,5.1,2,10.5,5.1,2,2,5.5,5.5
742,Kowloon Tong,8,Kam Sheung Road,115,18.9,10,2,19.5,10,2,2,12,12
743,Kowloon Tong,8,Yuen Long,116,20.8,11,2,21.5,11,2,2,13,13
744,Kowloon Tong,8,Long Ping,117,20.8,11,2,21.5,11,2,2,13,13
745,Kowloon Tong,8,Tin Shui Wai,118,20.8,11,2,21.5,11,2,2,13,13
746,Kowloon Tong,8,Siu Hong,119,20.8,11,2,21.5,11,2,2,13,13
747,Kowloon Tong,8,Tuen Mun,120,20.8,11,2,21.5,11,2,2,13,13
748,Kowloon Tong,8,Sai Ying Pun,81,13.2,6.5,2,15.5,6.5,2,2,6.5,6.5
749,Kowloon Tong,8,HKU,82,15.8,7.4,2,16,7.4,2,2,7.5,7.5
750,Kowloon Tong,8,Kennedy Town,83,15.8,7.4,2,16,7.4,2,2,7.5,7.5
751,Kowloon Tong,8,Ho Man Tin,84,7.4,3.7,2,7.5,3.7,2,2,4,4
752,Kowloon Tong,8,Whampoa,85,7.4,3.7,2,7.5,3.7,2,2,4,4
753,Kowloon Tong,8,Ocean Park,86,15.8,7.4,2,16,7.4,2,2,7.5,7.5
754,Kowloon Tong,8,Wong Chuk Hang,87,15.8,7.4,2,16,7.4,2,2,7.5,7.5
755,Kowloon Tong,8,Lei Tung,88,15.8,7.4,2,16,7.4,2,2,7.5,7.5
756,Kowloon Tong,8,South Horizons,89,15.8,7.4,2,16,7.4,2,2,7.5,7.5
757,Kowloon Tong,8,Hin Keng,90,8.6,4.6,2,10,4.6,2,2,5,5
758,Kowloon Tong,8,Kai Tak,91,5.9,3.2,2,6,3.2,2,2,3.5,3.5
759,Kowloon Tong,8,Sung Wong Toi,92,5.9,3.2,2,6,3.2,2,2,3.5,3.5
760,Kowloon Tong,8,To Kwa Wan,93,5.9,3.2,2,6,3.2,2,2,3.5,3.5
761,Lok Fu,9,Central,1,15.8,7.4,2,16,7.4,2,2,7.5,7.5
762,Lok Fu,9,Admiralty,2,15.8,7.4,2,16,7.4,2,2,7.5,7.5
763,Lok Fu,9,Tsim Sha Tsui,3,9.2,4.4,2,10.5,4.4,2,2,4.5,4.5
764,Lok Fu,9,Jordan,4,7.4,3.7,2,7.5,3.7,2,2,4,4
765,Lok Fu,9,Yau Ma Tei,5,7.4,3.7,2,7.5,3.7,2,2,4,4
766,Lok Fu,9,Mong Kok,6,5.9,3.2,2,6,3.2,2,2,3.5,3.5
767,Lok Fu,9,Shek Kip Mei,7,4.9,3.2,2,5,3.2,2,2,3.5,3.5
768,Lok Fu,9,Kowloon Tong,8,4.9,3.2,2,5,3.2,2,2,3.5,3.5
769,Lok Fu,9,Lok Fu,9,0,0,0,0,0,0,0,0,0
770,Lok Fu,9,Wong Tai Sin,10,4.9,3.2,2,5,3.2,2,2,3.5,3.5
771,Lok Fu,9,Diamond Hill,11,4.9,3.2,2,5,3.2,2,2,3.5,3.5
772,Lok Fu,9,Choi Hung,12,5.9,3.2,2,6,3.2,2,2,3.5,3.5
773,Lok Fu,9,Kowloon Bay,13,5.9,3.2,2,6,3.2,2,2,3.5,3.5
774,Lok Fu,9,Ngau Tau Kok,14,7.4,3.7,2,7.5,3.7,2,2,4,4
775,Lok Fu,9,Kwun Tong,15,7.4,3.7,2,7.5,3.7,2,2,4,4
776,Lok Fu,9,Prince Edward,16,5.9,3.2,2,6,3.2,2,2,3.5,3.5
777,Lok Fu,9,Sham Shui Po,17,5.9,3.2,2,6,3.2,2,2,3.5,3.5
778,Lok Fu,9,Cheung Sha Wan,18,5.9,3.2,2,6,3.2,2,2,3.5,3.5
779,Lok Fu,9,Lai Chi Kok,19,7.4,3.7,2,7.5,3.7,2,2,4,4
780,Lok Fu,9,Mei Foo,20,7.4,3.7,2,7.5,3.7,2,2,4,4
781,Lok Fu,9,Lai King,21,9.2,4.4,2,10.5,4.4,2,2,4.5,4.5
782,Lok Fu,9,Kwai Fong,22,9.2,4.4,2,10.5,4.4,2,2,4.5,4.5
783,Lok Fu,9,Kwai Hing,23,9.2,4.4,2,10.5,4.4,2,2,4.5,4.5
784,Lok Fu,9,Tai Wo Hau,24,11,4.9,2,13,4.9,2,2,5,5
785,Lok Fu,9,Tsuen Wan,25,11,4.9,2,13,4.9,2,2,5,5
786,Lok Fu,9,Sheung Wan,26,15.8,7.4,2,16,7.4,2,2,7.5,7.5
787,Lok Fu,9,Wan Chai,27,15.8,7.4,2,16,7.4,2,2,7.5,7.5
788,Lok Fu,9,Causeway Bay,28,15.8,7.4,2,16,7.4,2,2,7.5,7.5
789,Lok Fu,9,Tin Hau,29,15.8,7.4,2,16,7.4,2,2,7.5,7.5
790,Lok Fu,9,Fortress Hill,30,15.8,7.4,2,16,7.4,2,2,7.5,7.5
791,Lok Fu,9,North Point,31,15.8,7.4,2,16,7.4,2,2,7.5,7.5
792,Lok Fu,9,Quarry Bay,32,15.8,7.4,2,16,7.4,2,2,7.5,7.5
793,Lok Fu,9,Tai Koo,33,15.8,7.4,2,16,7.4,2,2,7.5,7.5
794,Lok Fu,9,Sai Wan Ho,34,15.8,7.4,2,16,7.4,2,2,7.5,7.5
795,Lok Fu,9,Shau Kei Wan,35,15.8,7.4,2,16,7.4,2,2,7.5,7.5
796,Lok Fu,9,Heng Fa Chuen,36,15.8,7.4,2,16,7.4,2,2,7.5,7.5
797,Lok Fu,9,Chai Wan,37,15.8,7.4,2,16,7.4,2,2,7.5,7.5
798,Lok Fu,9,Lam Tin,38,7.4,3.7,2,7.5,3.7,2,2,4,4
799,Lok Fu,9,Hong Kong,39,15.8,7.4,2,16,7.4,2,2,7.5,7.5
800,Lok Fu,9,Kowloon,40,7.4,3.7,2,7.5,3.7,2,2,4,4
801,Lok Fu,9,Olympic,41,5.9,3.2,2,6,3.2,2,2,3.5,3.5
802,Lok Fu,9,Tsing Yi,42,9.2,4.4,2,10.5,4.4,2,2,4.5,4.5
803,Lok Fu,9,Tung Chung,43,18.7,9.4,2,21,9.4,2,2,10.5,10.5
804,Lok Fu,9,Yau Tong,48,9.2,4.4,2,10.5,4.4,2,2,4.5,4.5
805,Lok Fu,9,Tiu Keng Leng,49,9.2,4.4,2,10.5,4.4,2,2,4.5,4.5
806,Lok Fu,9,Tseung Kwan O,50,9.2,4.4,2,10.5,4.4,2,2,4.5,4.5
807,Lok Fu,9,Hang Hau,51,11,4.9,2,13,4.9,2,2,5,5
808,Lok Fu,9,Po Lam,52,11,4.9,2,13,4.9,2,2,5,5
809,Lok Fu,9,Nam Cheong,53,5.9,3.2,2,6,3.2,2,2,3.5,3.5
810,Lok Fu,9,Sunny Bay,54,15.9,7.7,2,17,7.7,2,2,8,8
811,Lok Fu,9,Disneyland Resort,55,22.2,11.1,2,25.5,11.1,2,2,13.5,13.5
812,Lok Fu,9,LOHAS Park,57,11,4.9,2,13,4.9,2,2,5,5
813,Lok Fu,9,Hung Hom,64,5.9,3.4,2,6,3.4,2,2,3.5,3.5
814,Lok Fu,9,Mong Kok East,65,5.9,3.4,2,6,3.4,2,2,3.5,3.5
815,Lok Fu,9,Tai Wai,67,8.6,4.6,2,10,4.6,2,2,5,5
816,Lok Fu,9,Sha Tin,68,8.6,4.6,2,10,4.6,2,2,5,5
817,Lok Fu,9,Fo Tan,69,9.2,5.3,2,10.5,5.3,2,2,5.5,5.5
818,Lok Fu,9,Racecourse,70,17.1,9.2,17.1,19,9.2,2,2,10.5,10.5
819,Lok Fu,9,University,71,9.8,5.4,2,12,5.4,2,2,5.5,5.5
820,Lok Fu,9,Tai Po Market,72,11.7,6.4,2,13.5,6.4,2,2,6.5,6.5
821,Lok Fu,9,Tai Wo,73,11.7,6.4,2,13.5,6.4,2,2,6.5,6.5
822,Lok Fu,9,Fanling,74,12.6,7.1,2,15,7.1,2,2,7.5,7.5
823,Lok Fu,9,Sheung Shui,75,12.6,7.1,2,15,7.1,2,2,7.5,7.5
824,Lok Fu,9,Lo Wu,76,44.4,43.1,44.4,47,23.1,23.1,23.1,24.5,24.5
825,Lok Fu,9,Lok Ma Chau,78,44.4,43.1,44.4,47,23.1,23.1,23.1,24.5,24.5
826,Lok Fu,9,East Tsim Sha Tsui,80,9.2,4.4,2,10.5,4.4,2,2,4.5,4.5
827,Lok Fu,9,Che Kung Temple,96,8.7,4.9,2,10,4.9,2,2,5,5
828,Lok Fu,9,Sha Tin Wai,97,8.7,4.9,2,10,4.9,2,2,5,5
829,Lok Fu,9,City One,98,8.7,4.9,2,10,4.9,2,2,5,5
830,Lok Fu,9,Shek Mun,99,8.7,4.9,2,10,4.9,2,2,5,5
831,Lok Fu,9,Tai Shui Hang,100,10.7,6,2,12.5,6,2,2,6,6
832,Lok Fu,9,Heng On,101,10.7,6,2,12.5,6,2,2,6,6
833,Lok Fu,9,Ma On Shan,102,10.7,6,2,12.5,6,2,2,6,6
834,Lok Fu,9,Wu Kai Sha,103,10.7,6,2,12.5,6,2,2,6,6
835,Lok Fu,9,Austin,111,7.4,3.7,2,7.5,3.7,2,2,4,4
836,Lok Fu,9,Tsuen Wan West,114,10,5.1,2,12,5.1,2,2,5.5,5.5
837,Lok Fu,9,Kam Sheung Road,115,20.7,10.4,2,21.5,10.4,2,2,12.5,12.5
838,Lok Fu,9,Yuen Long,116,21.7,11,2,22.5,11,2,2,13,13
839,Lok Fu,9,Long Ping,117,21.7,11,2,22.5,11,2,2,13,13
840,Lok Fu,9,Tin Shui Wai,118,21.7,11,2,22.5,11,2,2,13,13
841,Lok Fu,9,Siu Hong,119,21.7,11,2,22.5,11,2,2,13,13
842,Lok Fu,9,Tuen Mun,120,21.7,11,2,22.5,11,2,2,13,13
843,Lok Fu,9,Sai Ying Pun,81,15.8,7.4,2,16,7.4,2,2,7.5,7.5
844,Lok Fu,9,HKU,82,15.8,7.4,2,16,7.4,2,2,7.5,7.5
845,Lok Fu,9,Kennedy Town,83,15.8,7.4,2,16,7.4,2,2,7.5,7.5
846,Lok Fu,9,Ho Man Tin,84,7.4,3.7,2,7.5,3.7,2,2,4,4
847,Lok Fu,9,Whampoa,85,9.2,4.4,2,10.5,4.4,2,2,4.5,4.5
848,Lok Fu,9,Ocean Park,86,15.8,7.4,2,16,7.4,2,2,7.5,7.5
849,Lok Fu,9,Wong Chuk Hang,87,15.8,7.4,2,16,7.4,2,2,7.5,7.5
850,Lok Fu,9,Lei Tung,88,15.8,7.4,2,16,7.4,2,2,7.5,7.5
851,Lok Fu,9,South Horizons,89,15.8,7.4,2,16,7.4,2,2,7.5,7.5
852,Lok Fu,9,Hin Keng,90,8.6,4.6,2,10,4.6,2,2,5,5
853,Lok Fu,9,Kai Tak,91,5.9,3.2,2,6,3.2,2,2,3.5,3.5
854,Lok Fu,9,Sung Wong Toi,92,5.9,3.2,2,6,3.2,2,2,3.5,3.5
855,Lok Fu,9,To Kwa Wan,93,7.4,3.7,2,7.5,3.7,2,2,4,4
856,Wong Tai Sin,10,Central,1,15.8,7.4,2,16,7.4,2,2,7.5,7.5
857,Wong Tai Sin,10,Admiralty,2,15.8,7.4,2,16,7.4,2,2,7.5,7.5
858,Wong Tai Sin,10,Tsim Sha Tsui,3,9.2,4.4,2,10.5,4.4,2,2,4.5,4.5
859,Wong Tai Sin,10,Jordan,4,9.2,4.4,2,10.5,4.4,2,2,4.5,4.5
860,Wong Tai Sin,10,Yau Ma Tei,5,7.4,3.7,2,7.5,3.7,2,2,4,4
861,Wong Tai Sin,10,Mong Kok,6,7.4,3.7,2,7.5,3.7,2,2,4,4
862,Wong Tai Sin,10,Shek Kip Mei,7,5.9,3.2,2,6,3.2,2,2,3.5,3.5
863,Wong Tai Sin,10,Kowloon Tong,8,4.9,3.2,2,5,3.2,2,2,3.5,3.5
864,Wong Tai Sin,10,Lok Fu,9,4.9,3.2,2,5,3.2,2,2,3.5,3.5
865,Wong Tai Sin,10,Wong Tai Sin,10,0,0,0,0,0,0,0,0,0
866,Wong Tai Sin,10,Diamond Hill,11,4.9,3.2,2,5,3.2,2,2,3.5,3.5
867,Wong Tai Sin,10,Choi Hung,12,4.9,3.2,2,5,3.2,2,2,3.5,3.5
868,Wong Tai Sin,10,Kowloon Bay,13,5.9,3.2,2,6,3.2,2,2,3.5,3.5
869,Wong Tai Sin,10,Ngau Tau Kok,14,5.9,3.2,2,6,3.2,2,2,3.5,3.5
870,Wong Tai Sin,10,Kwun Tong,15,7.4,3.7,2,7.5,3.7,2,2,4,4
871,Wong Tai Sin,10,Prince Edward,16,5.9,3.2,2,6,3.2,2,2,3.5,3.5
872,Wong Tai Sin,10,Sham Shui Po,17,5.9,3.2,2,6,3.2,2,2,3.5,3.5
873,Wong Tai Sin,10,Cheung Sha Wan,18,7.4,3.7,2,7.5,3.7,2,2,4,4
874,Wong Tai Sin,10,Lai Chi Kok,19,7.4,3.7,2,7.5,3.7,2,2,4,4
875,Wong Tai Sin,10,Mei Foo,20,9.2,4.4,2,10.5,4.4,2,2,4.5,4.5
876,Wong Tai Sin,10,Lai King,21,9.2,4.4,2,10.5,4.4,2,2,4.5,4.5
877,Wong Tai Sin,10,Kwai Fong,22,9.2,4.4,2,10.5,4.4,2,2,4.5,4.5
878,Wong Tai Sin,10,Kwai Hing,23,11,4.9,2,13,4.9,2,2,5,5
879,Wong Tai Sin,10,Tai Wo Hau,24,11,4.9,2,13,4.9,2,2,5,5
880,Wong Tai Sin,10,Tsuen Wan,25,11,4.9,2,13,4.9,2,2,5,5
881,Wong Tai Sin,10,Sheung Wan,26,15.8,7.4,2,16,7.4,2,2,7.5,7.5
882,Wong Tai Sin,10,Wan Chai,27,15.8,7.4,2,16,7.4,2,2,7.5,7.5
883,Wong Tai Sin,10,Causeway Bay,28,15.8,7.4,2,16,7.4,2,2,7.5,7.5
884,Wong Tai Sin,10,Tin Hau,29,15.8,7.4,2,16,7.4,2,2,7.5,7.5
885,Wong Tai Sin,10,Fortress Hill,30,15.8,7.4,2,16,7.4,2,2,7.5,7.5
886,Wong Tai Sin,10,North Point,31,13.2,6.5,2,15.5,6.5,2,2,6.5,6.5
887,Wong Tai Sin,10,Quarry Bay,32,13.2,6.5,2,15.5,6.5,2,2,6.5,6.5
888,Wong Tai Sin,10,Tai Koo,33,13.2,6.5,2,15.5,6.5,2,2,6.5,6.5
889,Wong Tai Sin,10,Sai Wan Ho,34,15.8,7.4,2,16,7.4,2,2,7.5,7.5
890,Wong Tai Sin,10,Shau Kei Wan,35,15.8,7.4,2,16,7.4,2,2,7.5,7.5
891,Wong Tai Sin,10,Heng Fa Chuen,36,15.8,7.4,2,16,7.4,2,2,7.5,7.5
892,Wong Tai Sin,10,Chai Wan,37,15.8,7.4,2,16,7.4,2,2,7.5,7.5
893,Wong Tai Sin,10,Lam Tin,38,7.4,3.7,2,7.5,3.7,2,2,4,4
894,Wong Tai Sin,10,Hong Kong,39,15.8,7.4,2,16,7.4,2,2,7.5,7.5
895,Wong Tai Sin,10,Kowloon,40,9.2,4.4,2,10.5,4.4,2,2,4.5,4.5
896,Wong Tai Sin,10,Olympic,41,7.4,3.7,2,7.5,3.7,2,2,4,4
897,Wong Tai Sin,10,Tsing Yi,42,11,4.9,2,13,4.9,2,2,5,5
898,Wong Tai Sin,10,Tung Chung,43,18.7,9.4,2,21,9.4,2,2,10.5,10.5
899,Wong Tai Sin,10,Yau Tong,48,9.2,4.4,2,10.5,4.4,2,2,4.5,4.5
900,Wong Tai Sin,10,Tiu Keng Leng,49,9.2,4.4,2,10.5,4.4,2,2,4.5,4.5
901,Wong Tai Sin,10,Tseung Kwan O,50,9.2,4.4,2,10.5,4.4,2,2,4.5,4.5
902,Wong Tai Sin,10,Hang Hau,51,9.2,4.4,2,10.5,4.4,2,2,4.5,4.5
903,Wong Tai Sin,10,Po Lam,52,11,4.9,2,13,4.9,2,2,5,5
904,Wong Tai Sin,10,Nam Cheong,53,5.9,3.2,2,6,3.2,2,2,3.5,3.5
905,Wong Tai Sin,10,Sunny Bay,54,15.9,7.7,2,17,7.7,2,2,8,8
906,Wong Tai Sin,10,Disneyland Resort,55,22.2,11.1,2,25.5,11.1,2,2,13.5,13.5
907,Wong Tai Sin,10,LOHAS Park,57,11,4.9,2,13,4.9,2,2,5,5
908,Wong Tai Sin,10,Hung Hom,64,5.9,3.4,2,6,3.4,2,2,3.5,3.5
909,Wong Tai Sin,10,Mong Kok East,65,5.9,3.4,2,6,3.4,2,2,3.5,3.5
910,Wong Tai Sin,10,Tai Wai,67,8.6,4.6,2,10,4.6,2,2,5,5
911,Wong Tai Sin,10,Sha Tin,68,8.6,4.6,2,10,4.6,2,2,5,5
912,Wong Tai Sin,10,Fo Tan,69,9.2,5.3,2,10.5,5.3,2,2,5.5,5.5
913,Wong Tai Sin,10,Racecourse,70,17.1,9.2,17.1,19,9.2,2,2,10.5,10.5
914,Wong Tai Sin,10,University,71,9.8,5.4,2,12,5.4,2,2,5.5,5.5
915,Wong Tai Sin,10,Tai Po Market,72,11.7,6.4,2,13.5,6.4,2,2,6.5,6.5
916,Wong Tai Sin,10,Tai Wo,73,11.7,6.4,2,13.5,6.4,2,2,6.5,6.5
917,Wong Tai Sin,10,Fanling,74,12.6,7.1,2,15,7.1,2,2,7.5,7.5
918,Wong Tai Sin,10,Sheung Shui,75,12.6,7.1,2,15,7.1,2,2,7.5,7.5
919,Wong Tai Sin,10,Lo Wu,76,44.4,43.1,44.4,47,23.1,23.1,23.1,24.5,24.5
920,Wong Tai Sin,10,Lok Ma Chau,78,44.4,43.1,44.4,47,23.1,23.1,23.1,24.5,24.5
921,Wong Tai Sin,10,East Tsim Sha Tsui,80,9.2,4.4,2,10.5,4.4,2,2,4.5,4.5
922,Wong Tai Sin,10,Che Kung Temple,96,8.7,4.9,2,10,4.9,2,2,5,5
923,Wong Tai Sin,10,Sha Tin Wai,97,8.7,4.9,2,10,4.9,2,2,5,5
924,Wong Tai Sin,10,City One,98,8.7,4.9,2,10,4.9,2,2,5,5
925,Wong Tai Sin,10,Shek Mun,99,8.7,4.9,2,10,4.9,2,2,5,5
926,Wong Tai Sin,10,Tai Shui Hang,100,10.7,6,2,12.5,6,2,2,6,6
927,Wong Tai Sin,10,Heng On,101,10.7,6,2,12.5,6,2,2,6,6
928,Wong Tai Sin,10,Ma On Shan,102,10.7,6,2,12.5,6,2,2,6,6
929,Wong Tai Sin,10,Wu Kai Sha,103,10.7,6,2,12.5,6,2,2,6,6
930,Wong Tai Sin,10,Austin,111,9.2,4.4,2,10.5,4.4,2,2,4.5,4.5
931,Wong Tai Sin,10,Tsuen Wan West,114,10.2,5.3,2,12,5.3,2,2,5.5,5.5
932,Wong Tai Sin,10,Kam Sheung Road,115,20.7,10.4,2,21.5,10.4,2,2,12.5,12.5
933,Wong Tai Sin,10,Yuen Long,116,21.7,11,2,22.5,11,2,2,13.5,13.5
934,Wong Tai Sin,10,Long Ping,117,21.7,11,2,22.5,11,2,2,13.5,13.5
935,Wong Tai Sin,10,Tin Shui Wai,118,21.7,11,2,22.5,11,2,2,13.5,13.5
936,Wong Tai Sin,10,Siu Hong,119,21.7,11,2,22.5,11,2,2,13.5,13.5
937,Wong Tai Sin,10,Tuen Mun,120,21.7,11,2,22.5,11,2,2,13.5,13.5
938,Wong Tai Sin,10,Sai Ying Pun,81,15.8,7.4,2,16,7.4,2,2,7.5,7.5
939,Wong Tai Sin,10,HKU,82,15.8,7.4,2,16,7.4,2,2,7.5,7.5
940,Wong Tai Sin,10,Kennedy Town,83,15.8,7.4,2,16,7.4,2,2,7.5,7.5
941,Wong Tai Sin,10,Ho Man Tin,84,9.2,4.4,2,10.5,4.4,2,2,4.5,4.5
942,Wong Tai Sin,10,Whampoa,85,9.2,4.4,2,10.5,4.4,2,2,4.5,4.5
943,Wong Tai Sin,10,Ocean Park,86,15.8,7.4,2,16,7.4,2,2,7.5,7.5
944,Wong Tai Sin,10,Wong Chuk Hang,87,15.8,7.4,2,16,7.4,2,2,7.5,7.5
945,Wong Tai Sin,10,Lei Tung,88,15.8,7.4,2,16,7.4,2,2,7.5,7.5
946,Wong Tai Sin,10,South Horizons,89,15.8,7.4,2,16,7.4,2,2,7.5,7.5
947,Wong Tai Sin,10,Hin Keng,90,8.6,4.6,2,10,4.6,2,2,5,5
948,Wong Tai Sin,10,Kai Tak,91,4.9,3.2,2,5,3.2,2,2,3.5,3.5
949,Wong Tai Sin,10,Sung Wong Toi,92,5.9,3.2,2,6,3.2,2,2,3.5,3.5
950,Wong Tai Sin,10,To Kwa Wan,93,5.9,3.2,2,6,3.2,2,2,3.5,3.5
951,Diamond Hill,11,Central,1,15.8,7.4,2,16,7.4,2,2,7.5,7.5
952,Diamond Hill,11,Admiralty,2,15.8,7.4,2,16,7.4,2,2,7.5,7.5
953,Diamond Hill,11,Tsim Sha Tsui,3,9.2,4.4,2,10.5,4.4,2,2,4.5,4.5
954,Diamond Hill,11,Jordan,4,9.2,4.4,2,10.5,4.4,2,2,4.5,4.5
955,Diamond Hill,11,Yau Ma Tei,5,9.2,4.4,2,10.5,4.4,2,2,4.5,4.5
956,Diamond Hill,11,Mong Kok,6,7.4,3.7,2,7.5,3.7,2,2,4,4
957,Diamond Hill,11,Shek Kip Mei,7,5.9,3.2,2,6,3.2,2,2,3.5,3.5
958,Diamond Hill,11,Kowloon Tong,8,5.9,3.2,2,6,3.2,2,2,3.5,3.5
959,Diamond Hill,11,Lok Fu,9,4.9,3.2,2,5,3.2,2,2,3.5,3.5
960,Diamond Hill,11,Wong Tai Sin,10,4.9,3.2,2,5,3.2,2,2,3.5,3.5
961,Diamond Hill,11,Diamond Hill,11,0,0,0,0,0,0,0,0,0
962,Diamond Hill,11,Choi Hung,12,4.9,3.2,2,5,3.2,2,2,3.5,3.5
963,Diamond Hill,11,Kowloon Bay,13,4.9,3.2,2,5,3.2,2,2,3.5,3.5
964,Diamond Hill,11,Ngau Tau Kok,14,5.9,3.2,2,6,3.2,2,2,3.5,3.5
965,Diamond Hill,11,Kwun Tong,15,5.9,3.2,2,6,3.2,2,2,3.5,3.5
966,Diamond Hill,11,Prince Edward,16,7.4,3.7,2,7.5,3.7,2,2,4,4
967,Diamond Hill,11,Sham Shui Po,17,7.4,3.7,2,7.5,3.7,2,2,4,4
968,Diamond Hill,11,Cheung Sha Wan,18,7.4,3.7,2,7.5,3.7,2,2,4,4
969,Diamond Hill,11,Lai Chi Kok,19,9.2,4.4,2,10.5,4.4,2,2,4.5,4.5
970,Diamond Hill,11,Mei Foo,20,9.2,4.4,2,10.5,4.4,2,2,4.5,4.5
971,Diamond Hill,11,Lai King,21,9.2,4.4,2,10.5,4.4,2,2,4.5,4.5
972,Diamond Hill,11,Kwai Fong,22,11,4.9,2,13,4.9,2,2,5,5
973,Diamond Hill,11,Kwai Hing,23,11,4.9,2,13,4.9,2,2,5,5
974,Diamond Hill,11,Tai Wo Hau,24,11,4.9,2,13,4.9,2,2,5,5
975,Diamond Hill,11,Tsuen Wan,25,11,4.9,2,13,4.9,2,2,5,5
976,Diamond Hill,11,Sheung Wan,26,15.8,7.4,2,16,7.4,2,2,7.5,7.5
977,Diamond Hill,11,Wan Chai,27,15.8,7.4,2,16,7.4,2,2,7.5,7.5
978,Diamond Hill,11,Causeway Bay,28,15.8,7.4,2,16,7.4,2,2,7.5,7.5
979,Diamond Hill,11,Tin Hau,29,15.8,7.4,2,16,7.4,2,2,7.5,7.5
980,Diamond Hill,11,Fortress Hill,30,13.2,6.5,2,15.5,6.5,2,2,6.5,6.5
981,Diamond Hill,11,North Point,31,13.2,6.5,2,15.5,6.5,2,2,6.5,6.5
982,Diamond Hill,11,Quarry Bay,32,13.2,6.5,2,15.5,6.5,2,2,6.5,6.5
983,Diamond Hill,11,Tai Koo,33,13.2,6.5,2,15.5,6.5,2,2,6.5,6.5
984,Diamond Hill,11,Sai Wan Ho,34,13.2,6.5,2,15.5,6.5,2,2,6.5,6.5
985,Diamond Hill,11,Shau Kei Wan,35,15.8,7.4,2,16,7.4,2,2,7.5,7.5
986,Diamond Hill,11,Heng Fa Chuen,36,15.8,7.4,2,16,7.4,2,2,7.5,7.5
987,Diamond Hill,11,Chai Wan,37,15.8,7.4,2,16,7.4,2,2,7.5,7.5
988,Diamond Hill,11,Lam Tin,38,7.4,3.7,2,7.5,3.7,2,2,4,4
989,Diamond Hill,11,Hong Kong,39,15.8,7.4,2,16,7.4,2,2,7.5,7.5
990,Diamond Hill,11,Kowloon,40,9.2,4.4,2,10.5,4.4,2,2,4.5,4.5
991,Diamond Hill,11,Olympic,41,7.7,3.8,2,8,3.8,2,2,4,4
992,Diamond Hill,11,Tsing Yi,42,11,4.9,2,13,4.9,2,2,5,5
993,Diamond Hill,11,Tung Chung,43,18.7,9.4,2,21,9.4,2,2,10.5,10.5
994,Diamond Hill,11,Yau Tong,48,7.4,3.7,2,7.5,3.7,2,2,4,4
995,Diamond Hill,11,Tiu Keng Leng,49,9.2,4.4,2,10.5,4.4,2,2,4.5,4.5
996,Diamond Hill,11,Tseung Kwan O,50,9.2,4.4,2,10.5,4.4,2,2,4.5,4.5
997,Diamond Hill,11,Hang Hau,51,9.2,4.4,2,10.5,4.4,2,2,4.5,4.5
998,Diamond Hill,11,Po Lam,52,9.2,4.4,2,10.5,4.4,2,2,4.5,4.5
999,Diamond Hill,11,Nam Cheong,53,7.7,3.8,2,8,3.8,2,2,4,4
1000,Diamond Hill,11,Sunny Bay,54,15.9,7.7,2,17,7.7,2,2,8,8
1001,Diamond Hill,11,Disneyland Resort,55,22.2,11.1,2,25.5,11.1,2,2,13.5,13.5
1002,Diamond Hill,11,LOHAS Park,57,9.2,4.4,2,10.5,4.4,2,2,4.5,4.5
1003,Diamond Hill,11,Hung Hom,64,7.4,3.5,2,7.5,3.5,2,2,3.5,3.5
1004,Diamond Hill,11,Mong Kok East,65,7.1,3.4,2,7.5,3.4,2,2,3.5,3.5
1005,Diamond Hill,11,Tai Wai,67,9.6,4.6,2,12,4.6,2,2,5,5
1006,Diamond Hill,11,Sha Tin,68,9.6,4.6,2,12,4.6,2,2,5,5
1007,Diamond Hill,11,Fo Tan,69,10.1,5.3,2,12.5,5.3,2,2,5.5,5.5
1008,Diamond Hill,11,Racecourse,70,18.3,9.2,18.3,20,9.2,2,2,10.5,10.5
1009,Diamond Hill,11,University,71,10.8,5.4,2,13.5,5.4,2,2,5.5,5.5
1010,Diamond Hill,11,Tai Po Market,72,12.8,6.4,2,14.5,6.4,2,2,6.5,6.5
1011,Diamond Hill,11,Tai Wo,73,12.8,6.4,2,14.5,6.4,2,2,6.5,6.5
1012,Diamond Hill,11,Fanling,74,13.6,7.1,2,15.5,7.1,2,2,7.5,7.5
1013,Diamond Hill,11,Sheung Shui,75,13.6,7.1,2,15.5,7.1,2,2,7.5,7.5
1014,Diamond Hill,11,Lo Wu,76,45.4,43.1,45.4,48,23.1,23.1,23.1,24.5,24.5
1015,Diamond Hill,11,Lok Ma Chau,78,45.4,43.1,45.4,48,23.1,23.1,23.1,24.5,24.5
1016,Diamond Hill,11,East Tsim Sha Tsui,80,9.2,4.4,2,10.5,4.4,2,2,4.5,4.5
1017,Diamond Hill,11,Che Kung Temple,96,9.8,4.9,2,12,4.9,2,2,5,5
1018,Diamond Hill,11,Sha Tin Wai,97,9.8,4.9,2,12,4.9,2,2,5,5
1019,Diamond Hill,11,City One,98,9.8,4.9,2,12,4.9,2,2,5,5
1020,Diamond Hill,11,Shek Mun,99,9.8,4.9,2,12,4.9,2,2,5,5
1021,Diamond Hill,11,Tai Shui Hang,100,12,6,2,14,6,2,2,6,6
1022,Diamond Hill,11,Heng On,101,12,6,2,14,6,2,2,6,6
1023,Diamond Hill,11,Ma On Shan,102,12,6,2,14,6,2,2,6,6
1024,Diamond Hill,11,Wu Kai Sha,103,12,6,2,14,6,2,2,6,6
1025,Diamond Hill,11,Austin,111,9.2,4.4,2,10.5,4.4,2,2,4.5,4.5
1026,Diamond Hill,11,Tsuen Wan West,114,10.9,5.7,2,13,5.7,2,2,6,6
1027,Diamond Hill,11,Kam Sheung Road,115,21.2,11.2,2,22,11.2,2,2,13,13
1028,Diamond Hill,11,Yuen Long,116,22.3,11.7,2,24,11.7,2,2,13.5,13.5
1029,Diamond Hill,11,Long Ping,117,22.3,11.7,2,24,11.7,2,2,13.5,13.5
1030,Diamond Hill,11,Tin Shui Wai,118,22.3,11.7,2,24,11.7,2,2,13.5,13.5
1031,Diamond Hill,11,Siu Hong,119,22.3,11.7,2,24,11.7,2,2,13.5,13.5
1032,Diamond Hill,11,Tuen Mun,120,22.3,11.7,2,24,11.7,2,2,13.5,13.5
1033,Diamond Hill,11,Sai Ying Pun,81,15.8,7.4,2,16,7.4,2,2,7.5,7.5
1034,Diamond Hill,11,HKU,82,15.8,7.4,2,16,7.4,2,2,7.5,7.5
1035,Diamond Hill,11,Kennedy Town,83,15.8,7.4,2,16,7.4,2,2,7.5,7.5
1036,Diamond Hill,11,Ho Man Tin,84,9.2,4.4,2,10.5,4.4,2,2,4.5,4.5
1037,Diamond Hill,11,Whampoa,85,9.2,4.4,2,10.5,4.4,2,2,4.5,4.5
1038,Diamond Hill,11,Ocean Park,86,15.8,7.4,2,16,7.4,2,2,7.5,7.5
1039,Diamond Hill,11,Wong Chuk Hang,87,15.8,7.4,2,16,7.4,2,2,7.5,7.5
1040,Diamond Hill,11,Lei Tung,88,15.8,7.4,2,16,7.4,2,2,7.5,7.5
1041,Diamond Hill,11,South Horizons,89,15.8,7.4,2,16,7.4,2,2,7.5,7.5
1042,Diamond Hill,11,Hin Keng,90,8.6,4.6,2,10,4.6,2,2,5,5
1043,Diamond Hill,11,Kai Tak,91,4.9,3.2,2,5,3.2,2,2,3.5,3.5
1044,Diamond Hill,11,Sung Wong Toi,92,4.9,3.2,2,5,3.2,2,2,3.5,3.5
1045,Diamond Hill,11,To Kwa Wan,93,5.9,3.2,2,6,3.2,2,2,3.5,3.5
1046,Choi Hung,12,Central,1,15.8,7.4,2,16,7.4,2,2,7.5,7.5
1047,Choi Hung,12,Admiralty,2,15.8,7.4,2,16,7.4,2,2,7.5,7.5
1048,Choi Hung,12,Tsim Sha Tsui,3,9.2,4.4,2,10.5,4.4,2,2,4.5,4.5
1049,Choi Hung,12,Jordan,4,9.2,4.4,2,10.5,4.4,2,2,4.5,4.5
1050,Choi Hung,12,Yau Ma Tei,5,9.2,4.4,2,10.5,4.4,2,2,4.5,4.5
1051,Choi Hung,12,Mong Kok,6,9.2,4.4,2,10.5,4.4,2,2,4.5,4.5
1052,Choi Hung,12,Shek Kip Mei,7,7.4,3.7,2,7.5,3.7,2,2,4,4
1053,Choi Hung,12,Kowloon Tong,8,5.9,3.2,2,6,3.2,2,2,3.5,3.5
1054,Choi Hung,12,Lok Fu,9,5.9,3.2,2,6,3.2,2,2,3.5,3.5
1055,Choi Hung,12,Wong Tai Sin,10,4.9,3.2,2,5,3.2,2,2,3.5,3.5
1056,Choi Hung,12,Diamond Hill,11,4.9,3.2,2,5,3.2,2,2,3.5,3.5
1057,Choi Hung,12,Choi Hung,12,0,0,0,0,0,0,0,0,0
1058,Choi Hung,12,Kowloon Bay,13,4.9,3.2,2,5,3.2,2,2,3.5,3.5
1059,Choi Hung,12,Ngau Tau Kok,14,4.9,3.2,2,5,3.2,2,2,3.5,3.5
1060,Choi Hung,12,Kwun Tong,15,4.9,3.2,2,5,3.2,2,2,3.5,3.5
1061,Choi Hung,12,Prince Edward,16,7.4,3.7,2,7.5,3.7,2,2,4,4
1062,Choi Hung,12,Sham Shui Po,17,7.4,3.7,2,7.5,3.7,2,2,4,4
1063,Choi Hung,12,Cheung Sha Wan,18,9.2,4.4,2,10.5,4.4,2,2,4.5,4.5
1064,Choi Hung,12,Lai Chi Kok,19,9.2,4.4,2,10.5,4.4,2,2,4.5,4.5
1065,Choi Hung,12,Mei Foo,20,9.2,4.4,2,10.5,4.4,2,2,4.5,4.5
1066,Choi Hung,12,Lai King,21,11,4.9,2,13,4.9,2,2,5,5
1067,Choi Hung,12,Kwai Fong,22,11,4.9,2,13,4.9,2,2,5,5
1068,Choi Hung,12,Kwai Hing,23,11,4.9,2,13,4.9,2,2,5,5
1069,Choi Hung,12,Tai Wo Hau,24,11,4.9,2,13,4.9,2,2,5,5
1070,Choi Hung,12,Tsuen Wan,25,11,4.9,2,13,4.9,2,2,5,5
1071,Choi Hung,12,Sheung Wan,26,15.8,7.4,2,16,7.4,2,2,7.5,7.5
1072,Choi Hung,12,Wan Chai,27,15.8,7.4,2,16,7.4,2,2,7.5,7.5
1073,Choi Hung,12,Causeway Bay,28,15.8,7.4,2,16,7.4,2,2,7.5,7.5
1074,Choi Hung,12,Tin Hau,29,13.2,6.5,2,15.5,6.5,2,2,6.5,6.5
1075,Choi Hung,12,Fortress Hill,30,13.2,6.5,2,15.5,6.5,2,2,6.5,6.5
1076,Choi Hung,12,North Point,31,13.2,6.5,2,15.5,6.5,2,2,6.5,6.5
1077,Choi Hung,12,Quarry Bay,32,13.2,6.5,2,15.5,6.5,2,2,6.5,6.5
1078,Choi Hung,12,Tai Koo,33,13.2,6.5,2,15.5,6.5,2,2,6.5,6.5
1079,Choi Hung,12,Sai Wan Ho,34,13.2,6.5,2,15.5,6.5,2,2,6.5,6.5
1080,Choi Hung,12,Shau Kei Wan,35,13.2,6.5,2,15.5,6.5,2,2,6.5,6.5
1081,Choi Hung,12,Heng Fa Chuen,36,15.8,7.4,2,16,7.4,2,2,7.5,7.5
1082,Choi Hung,12,Chai Wan,37,15.8,7.4,2,16,7.4,2,2,7.5,7.5
1083,Choi Hung,12,Lam Tin,38,5.9,3.2,2,6,3.2,2,2,3.5,3.5
1084,Choi Hung,12,Hong Kong,39,15.8,7.4,2,16,7.4,2,2,7.5,7.5
1085,Choi Hung,12,Kowloon,40,9.2,4.4,2,10.5,4.4,2,2,4.5,4.5
1086,Choi Hung,12,Olympic,41,9.2,4.4,2,10.5,4.4,2,2,4.5,4.5
1087,Choi Hung,12,Tsing Yi,42,11,4.9,2,13,4.9,2,2,5,5
1088,Choi Hung,12,Tung Chung,43,22.2,11.1,2,25.5,11.1,2,2,13.5,13.5
1089,Choi Hung,12,Yau Tong,48,7.4,3.7,2,7.5,3.7,2,2,4,4
1090,Choi Hung,12,Tiu Keng Leng,49,7.4,3.7,2,7.5,3.7,2,2,4,4
1091,Choi Hung,12,Tseung Kwan O,50,9.2,4.4,2,10.5,4.4,2,2,4.5,4.5
1092,Choi Hung,12,Hang Hau,51,9.2,4.4,2,10.5,4.4,2,2,4.5,4.5
1093,Choi Hung,12,Po Lam,52,9.2,4.4,2,10.5,4.4,2,2,4.5,4.5
1094,Choi Hung,12,Nam Cheong,53,7.7,3.8,2,8,3.8,2,2,4,4
1095,Choi Hung,12,Sunny Bay,54,18.7,9.4,2,21,9.4,2,2,10.5,10.5
1096,Choi Hung,12,Disneyland Resort,55,24.3,12.5,2,28,12.5,2,2,15,15
1097,Choi Hung,12,LOHAS Park,57,9.2,4.4,2,10.5,4.4,2,2,4.5,4.5
1098,Choi Hung,12,Hung Hom,64,7.4,3.5,2,7.5,3.5,2,2,3.5,3.5
1099,Choi Hung,12,Mong Kok East,65,7.1,3.4,2,7.5,3.4,2,2,3.5,3.5
1100,Choi Hung,12,Tai Wai,67,9.6,4.6,2,12,4.6,2,2,5,5
1101,Choi Hung,12,Sha Tin,68,9.6,4.6,2,12,4.6,2,2,5,5
1102,Choi Hung,12,Fo Tan,69,10.1,5.3,2,12.5,5.3,2,2,5.5,5.5
1103,Choi Hung,12,Racecourse,70,18.3,9.2,18.3,20,9.2,2,2,10.5,10.5
1104,Choi Hung,12,University,71,10.8,5.4,2,13.5,5.4,2,2,5.5,5.5
1105,Choi Hung,12,Tai Po Market,72,12.8,6.4,2,14.5,6.4,2,2,6.5,6.5
1106,Choi Hung,12,Tai Wo,73,12.8,6.4,2,14.5,6.4,2,2,6.5,6.5
1107,Choi Hung,12,Fanling,74,13.6,7.1,2,15.5,7.1,2,2,7.5,7.5
1108,Choi Hung,12,Sheung Shui,75,13.6,7.1,2,15.5,7.1,2,2,7.5,7.5
1109,Choi Hung,12,Lo Wu,76,45.4,43.1,45.4,48,23.1,23.1,23.1,24.5,24.5
1110,Choi Hung,12,Lok Ma Chau,78,45.4,43.1,45.4,48,23.1,23.1,23.1,24.5,24.5
1111,Choi Hung,12,East Tsim Sha Tsui,80,9.2,4.4,2,10.5,4.4,2,2,4.5,4.5
1112,Choi Hung,12,Che Kung Temple,96,9.8,4.9,2,12,4.9,2,2,5,5
1113,Choi Hung,12,Sha Tin Wai,97,9.8,4.9,2,12,4.9,2,2,5,5
1114,Choi Hung,12,City One,98,9.8,4.9,2,12,4.9,2,2,5,5
1115,Choi Hung,12,Shek Mun,99,9.8,4.9,2,12,4.9,2,2,5,5
1116,Choi Hung,12,Tai Shui Hang,100,12,6,2,14,6,2,2,6,6
1117,Choi Hung,12,Heng On,101,12,6,2,14,6,2,2,6,6
1118,Choi Hung,12,Ma On Shan,102,12,6,2,14,6,2,2,6,6
1119,Choi Hung,12,Wu Kai Sha,103,12,6,2,14,6,2,2,6,6
1120,Choi Hung,12,Austin,111,9.2,4.4,2,10.5,4.4,2,2,4.5,4.5
1121,Choi Hung,12,Tsuen Wan West,114,10.9,5.7,2,13,5.7,2,2,6,6
1122,Choi Hung,12,Kam Sheung Road,115,21.2,11.3,2,22,11.3,2,2,13,13
1123,Choi Hung,12,Yuen Long,116,22.3,11.7,2,24,11.7,2,2,13.5,13.5
1124,Choi Hung,12,Long Ping,117,22.3,11.7,2,24,11.7,2,2,13.5,13.5
1125,Choi Hung,12,Tin Shui Wai,118,22.3,11.7,2,24,11.7,2,2,13.5,13.5
1126,Choi Hung,12,Siu Hong,119,22.3,11.7,2,24,11.7,2,2,13.5,13.5
1127,Choi Hung,12,Tuen Mun,120,22.3,11.7,2,24,11.7,2,2,13.5,13.5
1128,Choi Hung,12,Sai Ying Pun,81,15.8,7.4,2,16,7.4,2,2,7.5,7.5
1129,Choi Hung,12,HKU,82,15.8,7.4,2,16,7.4,2,2,7.5,7.5
1130,Choi Hung,12,Kennedy Town,83,15.8,7.4,2,16,7.4,2,2,7.5,7.5
1131,Choi Hung,12,Ho Man Tin,84,9.2,4.4,2,10.5,4.4,2,2,4.5,4.5
1132,Choi Hung,12,Whampoa,85,9.2,4.4,2,10.5,4.4,2,2,4.5,4.5
1133,Choi Hung,12,Ocean Park,86,15.8,7.4,2,16,7.4,2,2,7.5,7.5
1134,Choi Hung,12,Wong Chuk Hang,87,15.8,7.4,2,16,7.4,2,2,7.5,7.5
1135,Choi Hung,12,Lei Tung,88,15.8,7.4,2,16,7.4,2,2,7.5,7.5
1136,Choi Hung,12,South Horizons,89,15.8,7.4,2,16,7.4,2,2,7.5,7.5
1137,Choi Hung,12,Hin Keng,90,9.6,4.6,2,12,4.6,2,2,5,5
1138,Choi Hung,12,Kai Tak,91,4.9,3.2,2,5,3.2,2,2,3.5,3.5
1139,Choi Hung,12,Sung Wong Toi,92,5.9,3.2,2,6,3.2,2,2,3.5,3.5
1140,Choi Hung,12,To Kwa Wan,93,5.9,3.2,2,6,3.2,2,2,3.5,3.5
1141,Kowloon Bay,13,Central,1,15.8,7.4,2,16,7.4,2,2,7.5,7.5
1142,Kowloon Bay,13,Admiralty,2,15.8,7.4,2,16,7.4,2,2,7.5,7.5
1143,Kowloon Bay,13,Tsim Sha Tsui,3,9.2,4.4,2,10.5,4.4,2,2,4.5,4.5
1144,Kowloon Bay,13,Jordan,4,9.2,4.4,2,10.5,4.4,2,2,4.5,4.5
1145,Kowloon Bay,13,Yau Ma Tei,5,9.2,4.4,2,10.5,4.4,2,2,4.5,4.5
1146,Kowloon Bay,13,Mong Kok,6,9.2,4.4,2,10.5,4.4,2,2,4.5,4.5
1147,Kowloon Bay,13,Shek Kip Mei,7,7.4,3.7,2,7.5,3.7,2,2,4,4
1148,Kowloon Bay,13,Kowloon Tong,8,7.4,3.7,2,7.5,3.7,2,2,4,4
1149,Kowloon Bay,13,Lok Fu,9,5.9,3.2,2,6,3.2,2,2,3.5,3.5
1150,Kowloon Bay,13,Wong Tai Sin,10,5.9,3.2,2,6,3.2,2,2,3.5,3.5
1151,Kowloon Bay,13,Diamond Hill,11,4.9,3.2,2,5,3.2,2,2,3.5,3.5
1152,Kowloon Bay,13,Choi Hung,12,4.9,3.2,2,5,3.2,2,2,3.5,3.5
1153,Kowloon Bay,13,Kowloon Bay,13,0,0,0,0,0,0,0,0,0
1154,Kowloon Bay,13,Ngau Tau Kok,14,4.9,3.2,2,5,3.2,2,2,3.5,3.5
1155,Kowloon Bay,13,Kwun Tong,15,4.9,3.2,2,5,3.2,2,2,3.5,3.5
1156,Kowloon Bay,13,Prince Edward,16,9.2,4.4,2,10.5,4.4,2,2,4.5,4.5
1157,Kowloon Bay,13,Sham Shui Po,17,9.2,4.4,2,10.5,4.4,2,2,4.5,4.5
1158,Kowloon Bay,13,Cheung Sha Wan,18,9.2,4.4,2,10.5,4.4,2,2,4.5,4.5
1159,Kowloon Bay,13,Lai Chi Kok,19,9.2,4.4,2,10.5,4.4,2,2,4.5,4.5
1160,Kowloon Bay,13,Mei Foo,20,11,4.9,2,13,4.9,2,2,5,5
1161,Kowloon Bay,13,Lai King,21,11,4.9,2,13,4.9,2,2,5,5
1162,Kowloon Bay,13,Kwai Fong,22,11,4.9,2,13,4.9,2,2,5,5
1163,Kowloon Bay,13,Kwai Hing,23,11,4.9,2,13,4.9,2,2,5,5
1164,Kowloon Bay,13,Tai Wo Hau,24,11,4.9,2,13,4.9,2,2,5,5
1165,Kowloon Bay,13,Tsuen Wan,25,11,4.9,2,13,4.9,2,2,5,5
1166,Kowloon Bay,13,Sheung Wan,26,15.8,7.4,2,16,7.4,2,2,7.5,7.5
1167,Kowloon Bay,13,Wan Chai,27,15.8,7.4,2,16,7.4,2,2,7.5,7.5
1168,Kowloon Bay,13,Causeway Bay,28,13.2,6.5,2,15.5,6.5,2,2,6.5,6.5
1169,Kowloon Bay,13,Tin Hau,29,13.2,6.5,2,15.5,6.5,2,2,6.5,6.5
1170,Kowloon Bay,13,Fortress Hill,30,13.2,6.5,2,15.5,6.5,2,2,6.5,6.5
1171,Kowloon Bay,13,North Point,31,13.2,6.5,2,15.5,6.5,2,2,6.5,6.5
1172,Kowloon Bay,13,Quarry Bay,32,13.2,6.5,2,15.5,6.5,2,2,6.5,6.5
1173,Kowloon Bay,13,Tai Koo,33,13.2,6.5,2,15.5,6.5,2,2,6.5,6.5
1174,Kowloon Bay,13,Sai Wan Ho,34,13.2,6.5,2,15.5,6.5,2,2,6.5,6.5
1175,Kowloon Bay,13,Shau Kei Wan,35,13.2,6.5,2,15.5,6.5,2,2,6.5,6.5
1176,Kowloon Bay,13,Heng Fa Chuen,36,13.2,6.5,2,15.5,6.5,2,2,6.5,6.5
1177,Kowloon Bay,13,Chai Wan,37,15.8,7.4,2,16,7.4,2,2,7.5,7.5
1178,Kowloon Bay,13,Lam Tin,38,4.9,3.2,2,5,3.2,2,2,3.5,3.5
1179,Kowloon Bay,13,Hong Kong,39,15.8,7.4,2,16,7.4,2,2,7.5,7.5
1180,Kowloon Bay,13,Kowloon,40,9.2,4.4,2,10.5,4.4,2,2,4.5,4.5
1181,Kowloon Bay,13,Olympic,41,9.2,4.4,2,10.5,4.4,2,2,4.5,4.5
1182,Kowloon Bay,13,Tsing Yi,42,11,4.9,2,13,4.9,2,2,5,5
1183,Kowloon Bay,13,Tung Chung,43,22.2,11.1,2,25.5,11.1,2,2,13.5,13.5
1184,Kowloon Bay,13,Yau Tong,48,5.9,3.2,2,6,3.2,2,2,3.5,3.5
1185,Kowloon Bay,13,Tiu Keng Leng,49,7.4,3.7,2,7.5,3.7,2,2,4,4
1186,Kowloon Bay,13,Tseung Kwan O,50,7.4,3.7,2,7.5,3.7,2,2,4,4
1187,Kowloon Bay,13,Hang Hau,51,9.2,4.4,2,10.5,4.4,2,2,4.5,4.5
1188,Kowloon Bay,13,Po Lam,52,9.2,4.4,2,10.5,4.4,2,2,4.5,4.5
1189,Kowloon Bay,13,Nam Cheong,53,9.2,4.4,2,10.5,4.4,2,2,4.5,4.5
1190,Kowloon Bay,13,Sunny Bay,54,18.7,9.4,2,21,9.4,2,2,10.5,10.5
1191,Kowloon Bay,13,Disneyland Resort,55,24.3,12.5,2,28,12.5,2,2,15,15
1192,Kowloon Bay,13,LOHAS Park,57,9.2,4.4,2,10.5,4.4,2,2,4.5,4.5
1193,Kowloon Bay,13,Hung Hom,64,8.5,3.9,2,10,3.9,2,2,4,4
1194,Kowloon Bay,13,Mong Kok East,65,8.5,3.9,2,10,3.9,2,2,4,4
1195,Kowloon Bay,13,Tai Wai,67,11,5.4,2,13,5.4,2,2,5.5,5.5
1196,Kowloon Bay,13,Sha Tin,68,11,5.4,2,13,5.4,2,2,5.5,5.5
1197,Kowloon Bay,13,Fo Tan,69,11.7,5.9,2,13.5,5.9,2,2,6,6
1198,Kowloon Bay,13,Racecourse,70,19.5,9.9,19.5,21.5,9.9,2,2,12,12
1199,Kowloon Bay,13,University,71,12.4,6.1,2,14,6.1,2,2,6.5,6.5
1200,Kowloon Bay,13,Tai Po Market,72,13.4,6.9,2,15.5,6.9,2,2,7,7
1201,Kowloon Bay,13,Tai Wo,73,13.4,6.9,2,15.5,6.9,2,2,7,7
1202,Kowloon Bay,13,Fanling,74,15,7.6,2,16.5,7.6,2,2,8,8
1203,Kowloon Bay,13,Sheung Shui,75,15,7.6,2,16.5,7.6,2,2,8,8
1204,Kowloon Bay,13,Lo Wu,76,46.6,43.7,46.6,49.5,23.7,23.7,23.7,24.5,24.5
1205,Kowloon Bay,13,Lok Ma Chau,78,46.6,43.7,46.6,49.5,23.7,23.7,23.7,24.5,24.5
1206,Kowloon Bay,13,East Tsim Sha Tsui,80,9.2,4.4,2,10.5,4.4,2,2,4.5,4.5
1207,Kowloon Bay,13,Che Kung Temple,96,11.1,5.6,2,13,5.6,2,2,6,6
1208,Kowloon Bay,13,Sha Tin Wai,97,11.1,5.6,2,13,5.6,2,2,6,6
1209,Kowloon Bay,13,City One,98,11.1,5.6,2,13,5.6,2,2,6,6
1210,Kowloon Bay,13,Shek Mun,99,11.1,5.6,2,13,5.6,2,2,6,6
1211,Kowloon Bay,13,Tai Shui Hang,100,13.3,6.5,2,15.5,6.5,2,2,6.5,6.5
1212,Kowloon Bay,13,Heng On,101,13.3,6.5,2,15.5,6.5,2,2,6.5,6.5
1213,Kowloon Bay,13,Ma On Shan,102,13.3,6.5,2,15.5,6.5,2,2,6.5,6.5
1214,Kowloon Bay,13,Wu Kai Sha,103,13.3,6.5,2,15.5,6.5,2,2,6.5,6.5
1215,Kowloon Bay,13,Austin,111,9.2,4.4,2,10.5,4.4,2,2,4.5,4.5
1216,Kowloon Bay,13,Tsuen Wan West,114,12.8,5.9,2,15.5,5.9,2,2,6,6
1217,Kowloon Bay,13,Kam Sheung Road,115,23.4,11.7,2,26,11.7,2,2,13.5,13.5
1218,Kowloon Bay,13,Yuen Long,116,24.9,12.6,2,27.5,12.6,2,2,14,14
1219,Kowloon Bay,13,Long Ping,117,24.9,12.6,2,27.5,12.6,2,2,14,14
1220,Kowloon Bay,13,Tin Shui Wai,118,24.9,12.6,2,27.5,12.6,2,2,14,14
1221,Kowloon Bay,13,Siu Hong,119,24.9,12.6,2,27.5,12.6,2,2,14,14
1222,Kowloon Bay,13,Tuen Mun,120,24.9,12.6,2,27.5,12.6,2,2,14,14
1223,Kowloon Bay,13,Sai Ying Pun,81,15.8,7.4,2,16,7.4,2,2,7.5,7.5
1224,Kowloon Bay,13,HKU,82,15.8,7.4,2,16,7.4,2,2,7.5,7.5
1225,Kowloon Bay,13,Kennedy Town,83,15.8,7.4,2,16,7.4,2,2,7.5,7.5
1226,Kowloon Bay,13,Ho Man Tin,84,9.2,4.4,2,10.5,4.4,2,2,4.5,4.5
1227,Kowloon Bay,13,Whampoa,85,9.2,4.4,2,10.5,4.4,2,2,4.5,4.5
1228,Kowloon Bay,13,Ocean Park,86,15.8,7.4,2,16,7.4,2,2,7.5,7.5
1229,Kowloon Bay,13,Wong Chuk Hang,87,15.8,7.4,2,16,7.4,2,2,7.5,7.5
1230,Kowloon Bay,13,Lei Tung,88,15.8,7.4,2,16,7.4,2,2,7.5,7.5
1231,Kowloon Bay,13,South Horizons,89,15.8,7.4,2,16,7.4,2,2,7.5,7.5
1232,Kowloon Bay,13,Hin Keng,90,11,5.4,2,13,5.4,2,2,5.5,5.5
1233,Kowloon Bay,13,Kai Tak,91,5.9,3.2,2,6,3.2,2,2,3.5,3.5
1234,Kowloon Bay,13,Sung Wong Toi,92,5.9,3.2,2,6,3.2,2,2,3.5,3.5
1235,Kowloon Bay,13,To Kwa Wan,93,7.4,3.7,2,7.5,3.7,2,2,4,4
1236,Ngau Tau Kok,14,Central,1,15.8,7.4,2,16,7.4,2,2,7.5,7.5
1237,Ngau Tau Kok,14,Admiralty,2,15.8,7.4,2,16,7.4,2,2,7.5,7.5
1238,Ngau Tau Kok,14,Tsim Sha Tsui,3,9.2,4.4,2,10.5,4.4,2,2,4.5,4.5
1239,Ngau Tau Kok,14,Jordan,4,9.2,4.4,2,10.5,4.4,2,2,4.5,4.5
1240,Ngau Tau Kok,14,Yau Ma Tei,5,9.2,4.4,2,10.5,4.4,2,2,4.5,4.5
1241,Ngau Tau Kok,14,Mong Kok,6,9.2,4.4,2,10.5,4.4,2,2,4.5,4.5
1242,Ngau Tau Kok,14,Shek Kip Mei,7,9.2,4.4,2,10.5,4.4,2,2,4.5,4.5
1243,Ngau Tau Kok,14,Kowloon Tong,8,7.4,3.7,2,7.5,3.7,2,2,4,4
1244,Ngau Tau Kok,14,Lok Fu,9,7.4,3.7,2,7.5,3.7,2,2,4,4
1245,Ngau Tau Kok,14,Wong Tai Sin,10,5.9,3.2,2,6,3.2,2,2,3.5,3.5
1246,Ngau Tau Kok,14,Diamond Hill,11,5.9,3.2,2,6,3.2,2,2,3.5,3.5
1247,Ngau Tau Kok,14,Choi Hung,12,4.9,3.2,2,5,3.2,2,2,3.5,3.5
1248,Ngau Tau Kok,14,Kowloon Bay,13,4.9,3.2,2,5,3.2,2,2,3.5,3.5
1249,Ngau Tau Kok,14,Ngau Tau Kok,14,0,0,0,0,0,0,0,0,0
1250,Ngau Tau Kok,14,Kwun Tong,15,4.9,3.2,2,5,3.2,2,2,3.5,3.5
1251,Ngau Tau Kok,14,Prince Edward,16,9.2,4.4,2,10.5,4.4,2,2,4.5,4.5
1252,Ngau Tau Kok,14,Sham Shui Po,17,9.2,4.4,2,10.5,4.4,2,2,4.5,4.5
1253,Ngau Tau Kok,14,Cheung Sha Wan,18,9.2,4.4,2,10.5,4.4,2,2,4.5,4.5
1254,Ngau Tau Kok,14,Lai Chi Kok,19,9.2,4.4,2,10.5,4.4,2,2,4.5,4.5
1255,Ngau Tau Kok,14,Mei Foo,20,11,4.9,2,13,4.9,2,2,5,5
1256,Ngau Tau Kok,14,Lai King,21,11,4.9,2,13,4.9,2,2,5,5
1257,Ngau Tau Kok,14,Kwai Fong,22,11,4.9,2,13,4.9,2,2,5,5
1258,Ngau Tau Kok,14,Kwai Hing,23,11,4.9,2,13,4.9,2,2,5,5
1259,Ngau Tau Kok,14,Tai Wo Hau,24,11,4.9,2,13,4.9,2,2,5,5
1260,Ngau Tau Kok,14,Tsuen Wan,25,11,4.9,2,13,4.9,2,2,5,5
1261,Ngau Tau Kok,14,Sheung Wan,26,15.8,7.4,2,16,7.4,2,2,7.5,7.5
1262,Ngau Tau Kok,14,Wan Chai,27,13.2,6.5,2,15.5,6.5,2,2,6.5,6.5
1263,Ngau Tau Kok,14,Causeway Bay,28,13.2,6.5,2,15.5,6.5,2,2,6.5,6.5
1264,Ngau Tau Kok,14,Tin Hau,29,13.2,6.5,2,15.5,6.5,2,2,6.5,6.5
1265,Ngau Tau Kok,14,Fortress Hill,30,10.6,5.4,2,12.5,5.4,2,2,5.5,5.5
1266,Ngau Tau Kok,14,North Point,31,10.6,5.4,2,12.5,5.4,2,2,5.5,5.5
1267,Ngau Tau Kok,14,Quarry Bay,32,10.6,5.4,2,12.5,5.4,2,2,5.5,5.5
1268,Ngau Tau Kok,14,Tai Koo,33,10.6,5.4,2,12.5,5.4,2,2,5.5,5.5
1269,Ngau Tau Kok,14,Sai Wan Ho,34,10.6,5.4,2,12.5,5.4,2,2,5.5,5.5
1270,Ngau Tau Kok,14,Shau Kei Wan,35,13.2,6.5,2,15.5,6.5,2,2,6.5,6.5
1271,Ngau Tau Kok,14,Heng Fa Chuen,36,13.2,6.5,2,15.5,6.5,2,2,6.5,6.5
1272,Ngau Tau Kok,14,Chai Wan,37,13.2,6.5,2,15.5,6.5,2,2,6.5,6.5
1273,Ngau Tau Kok,14,Lam Tin,38,4.9,3.2,2,5,3.2,2,2,3.5,3.5
1274,Ngau Tau Kok,14,Hong Kong,39,15.8,7.4,2,16,7.4,2,2,7.5,7.5
1275,Ngau Tau Kok,14,Kowloon,40,9.2,4.4,2,10.5,4.4,2,2,4.5,4.5
1276,Ngau Tau Kok,14,Olympic,41,9.2,4.4,2,10.5,4.4,2,2,4.5,4.5
1277,Ngau Tau Kok,14,Tsing Yi,42,11,4.9,2,13,4.9,2,2,5,5
1278,Ngau Tau Kok,14,Tung Chung,43,22.2,11.1,2,25.5,11.1,2,2,13.5,13.5
1279,Ngau Tau Kok,14,Yau Tong,48,5.9,3.2,2,6,3.2,2,2,3.5,3.5
1280,Ngau Tau Kok,14,Tiu Keng Leng,49,5.9,3.2,2,6,3.2,2,2,3.5,3.5
1281,Ngau Tau Kok,14,Tseung Kwan O,50,7.4,3.7,2,7.5,3.7,2,2,4,4
1282,Ngau Tau Kok,14,Hang Hau,51,7.4,3.7,2,7.5,3.7,2,2,4,4
1283,Ngau Tau Kok,14,Po Lam,52,9.2,4.4,2,10.5,4.4,2,2,4.5,4.5
1284,Ngau Tau Kok,14,Nam Cheong,53,9.2,4.4,2,10.5,4.4,2,2,4.5,4.5
1285,Ngau Tau Kok,14,Sunny Bay,54,18.7,9.4,2,21,9.4,2,2,10.5,10.5
1286,Ngau Tau Kok,14,Disneyland Resort,55,24.3,12.5,2,28,12.5,2,2,15,15
1287,Ngau Tau Kok,14,LOHAS Park,57,9.2,4.4,2,10.5,4.4,2,2,4.5,4.5
1288,Ngau Tau Kok,14,Hung Hom,64,8.5,3.9,2,10,3.9,2,2,4,4
1289,Ngau Tau Kok,14,Mong Kok East,65,8.5,3.9,2,10,3.9,2,2,4,4
1290,Ngau Tau Kok,14,Tai Wai,67,11,5.4,2,13,5.4,2,2,5.5,5.5
1291,Ngau Tau Kok,14,Sha Tin,68,11,5.4,2,13,5.4,2,2,5.5,5.5
1292,Ngau Tau Kok,14,Fo Tan,69,11.7,5.9,2,13.5,5.9,2,2,6,6
1293,Ngau Tau Kok,14,Racecourse,70,19.5,9.9,19.5,21.5,9.9,2,2,12,12
1294,Ngau Tau Kok,14,University,71,12.4,6.1,2,14,6.1,2,2,6.5,6.5
1295,Ngau Tau Kok,14,Tai Po Market,72,13.4,6.9,2,15.5,6.9,2,2,7,7
1296,Ngau Tau Kok,14,Tai Wo,73,13.4,6.9,2,15.5,6.9,2,2,7,7
1297,Ngau Tau Kok,14,Fanling,74,15,7.6,2,16.5,7.6,2,2,8,8
1298,Ngau Tau Kok,14,Sheung Shui,75,15,7.6,2,16.5,7.6,2,2,8,8
1299,Ngau Tau Kok,14,Lo Wu,76,46.6,43.7,46.6,49.5,23.7,23.7,23.7,24.5,24.5
1300,Ngau Tau Kok,14,Lok Ma Chau,78,46.6,43.7,46.6,49.5,23.7,23.7,23.7,24.5,24.5
1301,Ngau Tau Kok,14,East Tsim Sha Tsui,80,9.2,4.4,2,10.5,4.4,2,2,4.5,4.5
1302,Ngau Tau Kok,14,Che Kung Temple,96,11.1,5.6,2,13,5.6,2,2,6,6
1303,Ngau Tau Kok,14,Sha Tin Wai,97,11.1,5.6,2,13,5.6,2,2,6,6
1304,Ngau Tau Kok,14,City One,98,11.1,5.6,2,13,5.6,2,2,6,6
1305,Ngau Tau Kok,14,Shek Mun,99,11.1,5.6,2,13,5.6,2,2,6,6
1306,Ngau Tau Kok,14,Tai Shui Hang,100,13.3,6.5,2,15.5,6.5,2,2,6.5,6.5
1307,Ngau Tau Kok,14,Heng On,101,13.3,6.5,2,15.5,6.5,2,2,6.5,6.5
1308,Ngau Tau Kok,14,Ma On Shan,102,13.3,6.5,2,15.5,6.5,2,2,6.5,6.5
1309,Ngau Tau Kok,14,Wu Kai Sha,103,13.3,6.5,2,15.5,6.5,2,2,6.5,6.5
1310,Ngau Tau Kok,14,Austin,111,9.2,4.4,2,10.5,4.4,2,2,4.5,4.5
1311,Ngau Tau Kok,14,Tsuen Wan West,114,12.8,5.9,2,15.5,5.9,2,2,6,6
1312,Ngau Tau Kok,14,Kam Sheung Road,115,23.4,11.7,2,26,11.7,2,2,13.5,13.5
1313,Ngau Tau Kok,14,Yuen Long,116,24.9,12.6,2,27.5,12.6,2,2,14,14
1314,Ngau Tau Kok,14,Long Ping,117,24.9,12.6,2,27.5,12.6,2,2,14,14
1315,Ngau Tau Kok,14,Tin Shui Wai,118,24.9,12.6,2,27.5,12.6,2,2,14,14
1316,Ngau Tau Kok,14,Siu Hong,119,24.9,12.6,2,27.5,12.6,2,2,14,14
1317,Ngau Tau Kok,14,Tuen Mun,120,24.9,12.6,2,27.5,12.6,2,2,14,14
1318,Ngau Tau Kok,14,Sai Ying Pun,81,15.8,7.4,2,16,7.4,2,2,7.5,7.5
1319,Ngau Tau Kok,14,HKU,82,15.8,7.4,2,16,7.4,2,2,7.5,7.5
1320,Ngau Tau Kok,14,Kennedy Town,83,15.8,7.4,2,16,7.4,2,2,7.5,7.5
1321,Ngau Tau Kok,14,Ho Man Tin,84,9.2,4.4,2,10.5,4.4,2,2,4.5,4.5
1322,Ngau Tau Kok,14,Whampoa,85,9.2,4.4,2,10.5,4.4,2,2,4.5,4.5
1323,Ngau Tau Kok,14,Ocean Park,86,15.8,7.4,2,16,7.4,2,2,7.5,7.5
1324,Ngau Tau Kok,14,Wong Chuk Hang,87,15.8,7.4,2,16,7.4,2,2,7.5,7.5
1325,Ngau Tau Kok,14,Lei Tung,88,15.8,7.4,2,16,7.4,2,2,7.5,7.5
1326,Ngau Tau Kok,14,South Horizons,89,15.8,7.4,2,16,7.4,2,2,7.5,7.5
1327,Ngau Tau Kok,14,Hin Keng,90,11,5.4,2,13,5.4,2,2,5.5,5.5
1328,Ngau Tau Kok,14,Kai Tak,91,5.9,3.2,2,6,3.2,2,2,3.5,3.5
1329,Ngau Tau Kok,14,Sung Wong Toi,92,7.4,3.7,2,7.5,3.7,2,2,4,4
1330,Ngau Tau Kok,14,To Kwa Wan,93,7.4,3.7,2,7.5,3.7,2,2,4,4
1331,Kwun Tong,15,Central,1,15.8,7.4,2,16,7.4,2,2,7.5,7.5
1332,Kwun Tong,15,Admiralty,2,15.8,7.4,2,16,7.4,2,2,7.5,7.5
1333,Kwun Tong,15,Tsim Sha Tsui,3,9.2,4.4,2,10.5,4.4,2,2,4.5,4.5
1334,Kwun Tong,15,Jordan,4,9.2,4.4,2,10.5,4.4,2,2,4.5,4.5
1335,Kwun Tong,15,Yau Ma Tei,5,9.2,4.4,2,10.5,4.4,2,2,4.5,4.5
1336,Kwun Tong,15,Mong Kok,6,9.2,4.4,2,10.5,4.4,2,2,4.5,4.5
1337,Kwun Tong,15,Shek Kip Mei,7,9.2,4.4,2,10.5,4.4,2,2,4.5,4.5
1338,Kwun Tong,15,Kowloon Tong,8,7.4,3.7,2,7.5,3.7,2,2,4,4
1339,Kwun Tong,15,Lok Fu,9,7.4,3.7,2,7.5,3.7,2,2,4,4
1340,Kwun Tong,15,Wong Tai Sin,10,7.4,3.7,2,7.5,3.7,2,2,4,4
1341,Kwun Tong,15,Diamond Hill,11,5.9,3.2,2,6,3.2,2,2,3.5,3.5
1342,Kwun Tong,15,Choi Hung,12,4.9,3.2,2,5,3.2,2,2,3.5,3.5
1343,Kwun Tong,15,Kowloon Bay,13,4.9,3.2,2,5,3.2,2,2,3.5,3.5
1344,Kwun Tong,15,Ngau Tau Kok,14,4.9,3.2,2,5,3.2,2,2,3.5,3.5
1345,Kwun Tong,15,Kwun Tong,15,0,0,0,0,0,0,0,0,0
1346,Kwun Tong,15,Prince Edward,16,9.2,4.4,2,10.5,4.4,2,2,4.5,4.5
1347,Kwun Tong,15,Sham Shui Po,17,9.2,4.4,2,10.5,4.4,2,2,4.5,4.5
1348,Kwun Tong,15,Cheung Sha Wan,18,9.2,4.4,2,10.5,4.4,2,2,4.5,4.5
1349,Kwun Tong,15,Lai Chi Kok,19,9.2,4.4,2,10.5,4.4,2,2,4.5,4.5
1350,Kwun Tong,15,Mei Foo,20,11,4.9,2,13,4.9,2,2,5,5
1351,Kwun Tong,15,Lai King,21,11,4.9,2,13,4.9,2,2,5,5
1352,Kwun Tong,15,Kwai Fong,22,11,4.9,2,13,4.9,2,2,5,5
1353,Kwun Tong,15,Kwai Hing,23,11,4.9,2,13,4.9,2,2,5,5
1354,Kwun Tong,15,Tai Wo Hau,24,11,4.9,2,13,4.9,2,2,5,5
1355,Kwun Tong,15,Tsuen Wan,25,11,4.9,2,13,4.9,2,2,5,5
1356,Kwun Tong,15,Sheung Wan,26,15.8,7.4,2,16,7.4,2,2,7.5,7.5
1357,Kwun Tong,15,Wan Chai,27,13.2,6.5,2,15.5,6.5,2,2,6.5,6.5
1358,Kwun Tong,15,Causeway Bay,28,13.2,6.5,2,15.5,6.5,2,2,6.5,6.5
1359,Kwun Tong,15,Tin Hau,29,13.2,6.5,2,15.5,6.5,2,2,6.5,6.5
1360,Kwun Tong,15,Fortress Hill,30,10.6,5.4,2,12.5,5.4,2,2,5.5,5.5
1361,Kwun Tong,15,North Point,31,10.6,5.4,2,12.5,5.4,2,2,5.5,5.5
1362,Kwun Tong,15,Quarry Bay,32,10.6,5.4,2,12.5,5.4,2,2,5.5,5.5
1363,Kwun Tong,15,Tai Koo,33,10.6,5.4,2,12.5,5.4,2,2,5.5,5.5
1364,Kwun Tong,15,Sai Wan Ho,34,10.6,5.4,2,12.5,5.4,2,2,5.5,5.5
1365,Kwun Tong,15,Shau Kei Wan,35,13.2,6.5,2,15.5,6.5,2,2,6.5,6.5
1366,Kwun Tong,15,Heng Fa Chuen,36,13.2,6.5,2,15.5,6.5,2,2,6.5,6.5
1367,Kwun Tong,15,Chai Wan,37,13.2,6.5,2,15.5,6.5,2,2,6.5,6.5
1368,Kwun Tong,15,Lam Tin,38,4.9,3.2,2,5,3.2,2,2,3.5,3.5
1369,Kwun Tong,15,Hong Kong,39,15.8,7.4,2,16,7.4,2,2,7.5,7.5
1370,Kwun Tong,15,Kowloon,40,9.2,4.4,2,10.5,4.4,2,2,4.5,4.5
1371,Kwun Tong,15,Olympic,41,9.2,4.4,2,10.5,4.4,2,2,4.5,4.5
1372,Kwun Tong,15,Tsing Yi,42,11,4.9,2,13,4.9,2,2,5,5
1373,Kwun Tong,15,Tung Chung,43,22.2,11.1,2,25.5,11.1,2,2,13.5,13.5
1374,Kwun Tong,15,Yau Tong,48,4.9,3.2,2,5,3.2,2,2,3.5,3.5
1375,Kwun Tong,15,Tiu Keng Leng,49,5.9,3.2,2,6,3.2,2,2,3.5,3.5
1376,Kwun Tong,15,Tseung Kwan O,50,5.9,3.2,2,6,3.2,2,2,3.5,3.5
1377,Kwun Tong,15,Hang Hau,51,7.4,3.7,2,7.5,3.7,2,2,4,4
1378,Kwun Tong,15,Po Lam,52,7.4,3.7,2,7.5,3.7,2,2,4,4
1379,Kwun Tong,15,Nam Cheong,53,9.2,4.4,2,10.5,4.4,2,2,4.5,4.5
1380,Kwun Tong,15,Sunny Bay,54,18.7,9.4,2,21,9.4,2,2,10.5,10.5
1381,Kwun Tong,15,Disneyland Resort,55,24.3,12.5,2,28,12.5,2,2,15,15
1382,Kwun Tong,15,LOHAS Park,57,7.4,3.7,2,7.5,3.7,2,2,4,4
1383,Kwun Tong,15,Hung Hom,64,8.5,3.9,2,10,3.9,2,2,4,4
1384,Kwun Tong,15,Mong Kok East,65,8.5,3.9,2,10,3.9,2,2,4,4
1385,Kwun Tong,15,Tai Wai,67,11,5.4,2,13,5.4,2,2,5.5,5.5
1386,Kwun Tong,15,Sha Tin,68,11,5.4,2,13,5.4,2,2,5.5,5.5
1387,Kwun Tong,15,Fo Tan,69,11.7,5.9,2,13.5,5.9,2,2,6,6
1388,Kwun Tong,15,Racecourse,70,19.5,9.9,19.5,21.5,9.9,2,2,12,12
1389,Kwun Tong,15,University,71,12.4,6.1,2,14,6.1,2,2,6.5,6.5
1390,Kwun Tong,15,Tai Po Market,72,13.4,6.9,2,15.5,6.9,2,2,7,7
1391,Kwun Tong,15,Tai Wo,73,13.4,6.9,2,15.5,6.9,2,2,7,7
1392,Kwun Tong,15,Fanling,74,15,7.6,2,16.5,7.6,2,2,8,8
1393,Kwun Tong,15,Sheung Shui,75,15,7.6,2,16.5,7.6,2,2,8,8
1394,Kwun Tong,15,Lo Wu,76,46.6,43.7,46.6,49.5,23.7,23.7,23.7,24.5,24.5
1395,Kwun Tong,15,Lok Ma Chau,78,46.6,43.7,46.6,49.5,23.7,23.7,23.7,24.5,24.5
1396,Kwun Tong,15,East Tsim Sha Tsui,80,9.2,4.4,2,10.5,4.4,2,2,4.5,4.5
1397,Kwun Tong,15,Che Kung Temple,96,11.1,5.6,2,13,5.6,2,2,6,6
1398,Kwun Tong,15,Sha Tin Wai,97,11.1,5.6,2,13,5.6,2,2,6,6
1399,Kwun Tong,15,City One,98,11.1,5.6,2,13,5.6,2,2,6,6
1400,Kwun Tong,15,Shek Mun,99,11.1,5.6,2,13,5.6,2,2,6,6
1401,Kwun Tong,15,Tai Shui Hang,100,13.3,6.5,2,15.5,6.5,2,2,6.5,6.5
1402,Kwun Tong,15,Heng On,101,13.3,6.5,2,15.5,6.5,2,2,6.5,6.5
1403,Kwun Tong,15,Ma On Shan,102,13.3,6.5,2,15.5,6.5,2,2,6.5,6.5
1404,Kwun Tong,15,Wu Kai Sha,103,13.3,6.5,2,15.5,6.5,2,2,6.5,6.5
1405,Kwun Tong,15,Austin,111,9.2,4.4,2,10.5,4.4,2,2,4.5,4.5
1406,Kwun Tong,15,Tsuen Wan West,114,12.8,5.9,2,15.5,5.9,2,2,6,6
1407,Kwun Tong,15,Kam Sheung Road,115,23.4,11.7,2,26,11.7,2,2,13.5,13.5
1408,Kwun Tong,15,Yuen Long,116,24.9,12.6,2,27.5,12.6,2,2,14,14
1409,Kwun Tong,15,Long Ping,117,24.9,12.6,2,27.5,12.6,2,2,14,14
1410,Kwun Tong,15,Tin Shui Wai,118,24.9,12.6,2,27.5,12.6,2,2,14,14
1411,Kwun Tong,15,Siu Hong,119,24.9,12.6,2,27.5,12.6,2,2,14,14
1412,Kwun Tong,15,Tuen Mun,120,24.9,12.6,2,27.5,12.6,2,2,14,14
1413,Kwun Tong,15,Sai Ying Pun,81,15.8,7.4,2,16,7.4,2,2,7.5,7.5
1414,Kwun Tong,15,HKU,82,15.8,7.4,2,16,7.4,2,2,7.5,7.5
1415,Kwun Tong,15,Kennedy Town,83,15.8,7.4,2,16,7.4,2,2,7.5,7.5
1416,Kwun Tong,15,Ho Man Tin,84,9.2,4.4,2,10.5,4.4,2,2,4.5,4.5
1417,Kwun Tong,15,Whampoa,85,9.2,4.4,2,10.5,4.4,2,2,4.5,4.5
1418,Kwun Tong,15,Ocean Park,86,15.8,7.4,2,16,7.4,2,2,7.5,7.5
1419,Kwun Tong,15,Wong Chuk Hang,87,15.8,7.4,2,16,7.4,2,2,7.5,7.5
1420,Kwun Tong,15,Lei Tung,88,15.8,7.4,2,16,7.4,2,2,7.5,7.5
1421,Kwun Tong,15,South Horizons,89,15.8,7.4,2,16,7.4,2,2,7.5,7.5
1422,Kwun Tong,15,Hin Keng,90,11,5.4,2,13,5.4,2,2,5.5,5.5
1423,Kwun Tong,15,Kai Tak,91,7.4,3.7,2,7.5,3.7,2,2,4,4
1424,Kwun Tong,15,Sung Wong Toi,92,7.4,3.7,2,7.5,3.7,2,2,4,4
1425,Kwun Tong,15,To Kwa Wan,93,7.4,3.7,2,7.5,3.7,2,2,4,4
1426,Prince Edward,16,Central,1,13.2,6.5,2,15.5,6.5,2,2,6.5,6.5
1427,Prince Edward,16,Admiralty,2,13.2,6.5,2,15.5,6.5,2,2,6.5,6.5
1428,Prince Edward,16,Tsim Sha Tsui,3,5.9,3.2,2,6,3.2,2,2,3.5,3.5
1429,Prince Edward,16,Jordan,4,5.9,3.2,2,6,3.2,2,2,3.5,3.5
1430,Prince Edward,16,Yau Ma Tei,5,4.9,3.2,2,5,3.2,2,2,3.5,3.5
1431,Prince Edward,16,Mong Kok,6,4.9,3.2,2,5,3.2,2,2,3.5,3.5
1432,Prince Edward,16,Shek Kip Mei,7,4.9,3.2,2,5,3.2,2,2,3.5,3.5
1433,Prince Edward,16,Kowloon Tong,8,4.9,3.2,2,5,3.2,2,2,3.5,3.5
1434,Prince Edward,16,Lok Fu,9,5.9,3.2,2,6,3.2,2,2,3.5,3.5
1435,Prince Edward,16,Wong Tai Sin,10,5.9,3.2,2,6,3.2,2,2,3.5,3.5
1436,Prince Edward,16,Diamond Hill,11,7.4,3.7,2,7.5,3.7,2,2,4,4
1437,Prince Edward,16,Choi Hung,12,7.4,3.7,2,7.5,3.7,2,2,4,4
1438,Prince Edward,16,Kowloon Bay,13,9.2,4.4,2,10.5,4.4,2,2,4.5,4.5
1439,Prince Edward,16,Ngau Tau Kok,14,9.2,4.4,2,10.5,4.4,2,2,4.5,4.5
1440,Prince Edward,16,Kwun Tong,15,9.2,4.4,2,10.5,4.4,2,2,4.5,4.5
1441,Prince Edward,16,Prince Edward,16,0,0,0,0,0,0,0,0,0
1442,Prince Edward,16,Sham Shui Po,17,4.9,3.2,2,5,3.2,2,2,3.5,3.5
1443,Prince Edward,16,Cheung Sha Wan,18,4.9,3.2,2,5,3.2,2,2,3.5,3.5
1444,Prince Edward,16,Lai Chi Kok,19,5.9,3.2,2,6,3.2,2,2,3.5,3.5
1445,Prince Edward,16,Mei Foo,20,5.9,3.2,2,6,3.2,2,2,3.5,3.5
1446,Prince Edward,16,Lai King,21,7.4,3.7,2,7.5,3.7,2,2,4,4
1447,Prince Edward,16,Kwai Fong,22,7.4,3.7,2,7.5,3.7,2,2,4,4
1448,Prince Edward,16,Kwai Hing,23,9.2,4.4,2,10.5,4.4,2,2,4.5,4.5
1449,Prince Edward,16,Tai Wo Hau,24,9.2,4.4,2,10.5,4.4,2,2,4.5,4.5
1450,Prince Edward,16,Tsuen Wan,25,9.2,4.4,2,10.5,4.4,2,2,4.5,4.5
1451,Prince Edward,16,Sheung Wan,26,13.2,6.5,2,15.5,6.5,2,2,6.5,6.5
1452,Prince Edward,16,Wan Chai,27,13.2,6.5,2,15.5,6.5,2,2,6.5,6.5
1453,Prince Edward,16,Causeway Bay,28,13.2,6.5,2,15.5,6.5,2,2,6.5,6.5
1454,Prince Edward,16,Tin Hau,29,13.2,6.5,2,15.5,6.5,2,2,6.5,6.5
1455,Prince Edward,16,Fortress Hill,30,13.2,6.5,2,15.5,6.5,2,2,6.5,6.5
1456,Prince Edward,16,North Point,31,15.8,7.4,2,16,7.4,2,2,7.5,7.5
1457,Prince Edward,16,Quarry Bay,32,15.8,7.4,2,16,7.4,2,2,7.5,7.5
1458,Prince Edward,16,Tai Koo,33,15.8,7.4,2,16,7.4,2,2,7.5,7.5
1459,Prince Edward,16,Sai Wan Ho,34,15.8,7.4,2,16,7.4,2,2,7.5,7.5
1460,Prince Edward,16,Shau Kei Wan,35,15.8,7.4,2,16,7.4,2,2,7.5,7.5
1461,Prince Edward,16,Heng Fa Chuen,36,15.8,7.4,2,16,7.4,2,2,7.5,7.5
1462,Prince Edward,16,Chai Wan,37,15.8,7.4,2,16,7.4,2,2,7.5,7.5
1463,Prince Edward,16,Lam Tin,38,9.2,4.4,2,10.5,4.4,2,2,4.5,4.5
1464,Prince Edward,16,Hong Kong,39,13.2,6.5,2,15.5,6.5,2,2,6.5,6.5
1465,Prince Edward,16,Kowloon,40,5.9,3.2,2,6,3.2,2,2,3.5,3.5
1466,Prince Edward,16,Olympic,41,4.9,3.2,2,5,3.2,2,2,3.5,3.5
1467,Prince Edward,16,Tsing Yi,42,9.2,4.4,2,10.5,4.4,2,2,4.5,4.5
1468,Prince Edward,16,Tung Chung,43,18.7,9.4,2,21,9.4,2,2,10.5,10.5
1469,Prince Edward,16,Yau Tong,48,9.2,4.4,2,10.5,4.4,2,2,4.5,4.5
1470,Prince Edward,16,Tiu Keng Leng,49,11,4.9,2,13,4.9,2,2,5,5
1471,Prince Edward,16,Tseung Kwan O,50,11,4.9,2,13,4.9,2,2,5,5
1472,Prince Edward,16,Hang Hau,51,11,4.9,2,13,4.9,2,2,5,5
1473,Prince Edward,16,Po Lam,52,11,4.9,2,13,4.9,2,2,5,5
1474,Prince Edward,16,Nam Cheong,53,4.9,3.2,2,5,3.2,2,2,3.5,3.5
1475,Prince Edward,16,Sunny Bay,54,15.9,7.7,2,17,7.7,2,2,8,8
1476,Prince Edward,16,Disneyland Resort,55,22.2,11.1,2,25.5,11.1,2,2,13.5,13.5
1477,Prince Edward,16,LOHAS Park,57,11,4.9,2,13,4.9,2,2,5,5
1478,Prince Edward,16,Hung Hom,64,5.9,3.4,2,6,3.4,2,2,3.5,3.5
1479,Prince Edward,16,Mong Kok East,65,4.9,2.8,2,5,2.8,2,2,3,3
1480,Prince Edward,16,Tai Wai,67,8.6,4.6,2,10,4.6,2,2,5,5
1481,Prince Edward,16,Sha Tin,68,8.6,4.6,2,10,4.6,2,2,5,5
1482,Prince Edward,16,Fo Tan,69,9.2,5.3,2,10.5,5.3,2,2,5.5,5.5
1483,Prince Edward,16,Racecourse,70,17.1,9.2,17.1,19,9.2,2,2,10.5,10.5
1484,Prince Edward,16,University,71,9.8,5.4,2,12,5.4,2,2,5.5,5.5
1485,Prince Edward,16,Tai Po Market,72,11.7,6.4,2,13.5,6.4,2,2,6.5,6.5
1486,Prince Edward,16,Tai Wo,73,11.7,6.4,2,13.5,6.4,2,2,6.5,6.5
1487,Prince Edward,16,Fanling,74,12.6,7.1,2,15,7.1,2,2,7.5,7.5
1488,Prince Edward,16,Sheung Shui,75,12.6,7.1,2,15,7.1,2,2,7.5,7.5
1489,Prince Edward,16,Lo Wu,76,44.4,43.1,44.4,47,23.1,23.1,23.1,24.5,24.5
1490,Prince Edward,16,Lok Ma Chau,78,44.4,43.1,44.4,47,23.1,23.1,23.1,24.5,24.5
1491,Prince Edward,16,East Tsim Sha Tsui,80,5.9,3.2,2,6,3.2,2,2,3.5,3.5
1492,Prince Edward,16,Che Kung Temple,96,8.7,4.9,2,10,4.9,2,2,5,5
1493,Prince Edward,16,Sha Tin Wai,97,8.7,4.9,2,10,4.9,2,2,5,5
1494,Prince Edward,16,City One,98,8.7,4.9,2,10,4.9,2,2,5,5
1495,Prince Edward,16,Shek Mun,99,8.7,4.9,2,10,4.9,2,2,5,5
1496,Prince Edward,16,Tai Shui Hang,100,10.7,6,2,12.5,6,2,2,6,6
1497,Prince Edward,16,Heng On,101,10.7,6,2,12.5,6,2,2,6,6
1498,Prince Edward,16,Ma On Shan,102,10.7,6,2,12.5,6,2,2,6,6
1499,Prince Edward,16,Wu Kai Sha,103,10.7,6,2,12.5,6,2,2,6,6
1500,Prince Edward,16,Austin,111,5.9,3.2,2,6,3.2,2,2,3.5,3.5
1501,Prince Edward,16,Tsuen Wan West,114,8.7,4.3,2,10.5,4.3,2,2,4.5,4.5
1502,Prince Edward,16,Kam Sheung Road,115,18.7,9.4,2,19.5,9.4,2,2,10.5,10.5
1503,Prince Edward,16,Yuen Long,116,20.7,10.4,2,21.5,10.4,2,2,12.5,12.5
1504,Prince Edward,16,Long Ping,117,20.7,10.4,2,21.5,10.4,2,2,12.5,12.5
1505,Prince Edward,16,Tin Shui Wai,118,20.7,10.4,2,21.5,10.4,2,2,12.5,12.5
1506,Prince Edward,16,Siu Hong,119,20.7,10.4,2,21.5,10.4,2,2,12.5,12.5
1507,Prince Edward,16,Tuen Mun,120,20.7,10.4,2,21.5,10.4,2,2,12.5,12.5
1508,Prince Edward,16,Sai Ying Pun,81,13.2,6.5,2,15.5,6.5,2,2,6.5,6.5
1509,Prince Edward,16,HKU,82,13.2,6.5,2,15.5,6.5,2,2,6.5,6.5
1510,Prince Edward,16,Kennedy Town,83,13.2,6.5,2,15.5,6.5,2,2,6.5,6.5
1511,Prince Edward,16,Ho Man Tin,84,5.9,3.2,2,6,3.2,2,2,3.5,3.5
1512,Prince Edward,16,Whampoa,85,5.9,3.2,2,6,3.2,2,2,3.5,3.5
1513,Prince Edward,16,Ocean Park,86,13.2,6.5,2,15.5,6.5,2,2,6.5,6.5
1514,Prince Edward,16,Wong Chuk Hang,87,15.8,7.4,2,16,7.4,2,2,7.5,7.5
1515,Prince Edward,16,Lei Tung,88,15.8,7.4,2,16,7.4,2,2,7.5,7.5
1516,Prince Edward,16,South Horizons,89,15.8,7.4,2,16,7.4,2,2,7.5,7.5
1517,Prince Edward,16,Hin Keng,90,8.6,4.6,2,10,4.6,2,2,5,5
1518,Prince Edward,16,Kai Tak,91,5.9,3.2,2,6,3.2,2,2,3.5,3.5
1519,Prince Edward,16,Sung Wong Toi,92,5.9,3.2,2,6,3.2,2,2,3.5,3.5
1520,Prince Edward,16,To Kwa Wan,93,5.9,3.2,2,6,3.2,2,2,3.5,3.5
1521,Sham Shui Po,17,Central,1,13.2,6.5,2,15.5,6.5,2,2,6.5,6.5
1522,Sham Shui Po,17,Admiralty,2,13.2,6.5,2,15.5,6.5,2,2,6.5,6.5
1523,Sham Shui Po,17,Tsim Sha Tsui,3,7.4,3.7,2,7.5,3.7,2,2,4,4
1524,Sham Shui Po,17,Jordan,4,5.9,3.2,2,6,3.2,2,2,3.5,3.5
1525,Sham Shui Po,17,Yau Ma Tei,5,5.9,3.2,2,6,3.2,2,2,3.5,3.5
1526,Sham Shui Po,17,Mong Kok,6,4.9,3.2,2,5,3.2,2,2,3.5,3.5
1527,Sham Shui Po,17,Shek Kip Mei,7,4.9,3.2,2,5,3.2,2,2,3.5,3.5
1528,Sham Shui Po,17,Kowloon Tong,8,4.9,3.2,2,5,3.2,2,2,3.5,3.5
1529,Sham Shui Po,17,Lok Fu,9,5.9,3.2,2,6,3.2,2,2,3.5,3.5
1530,Sham Shui Po,17,Wong Tai Sin,10,5.9,3.2,2,6,3.2,2,2,3.5,3.5
1531,Sham Shui Po,17,Diamond Hill,11,7.4,3.7,2,7.5,3.7,2,2,4,4
1532,Sham Shui Po,17,Choi Hung,12,7.4,3.7,2,7.5,3.7,2,2,4,4
1533,Sham Shui Po,17,Kowloon Bay,13,9.2,4.4,2,10.5,4.4,2,2,4.5,4.5
1534,Sham Shui Po,17,Ngau Tau Kok,14,9.2,4.4,2,10.5,4.4,2,2,4.5,4.5
1535,Sham Shui Po,17,Kwun Tong,15,9.2,4.4,2,10.5,4.4,2,2,4.5,4.5
1536,Sham Shui Po,17,Prince Edward,16,4.9,3.2,2,5,3.2,2,2,3.5,3.5
1537,Sham Shui Po,17,Sham Shui Po,17,0,0,0,0,0,0,0,0,0
1538,Sham Shui Po,17,Cheung Sha Wan,18,4.9,3.2,2,5,3.2,2,2,3.5,3.5
1539,Sham Shui Po,17,Lai Chi Kok,19,4.9,3.2,2,5,3.2,2,2,3.5,3.5
1540,Sham Shui Po,17,Mei Foo,20,5.9,3.2,2,6,3.2,2,2,3.5,3.5
1541,Sham Shui Po,17,Lai King,21,5.9,3.2,2,6,3.2,2,2,3.5,3.5
1542,Sham Shui Po,17,Kwai Fong,22,7.4,3.7,2,7.5,3.7,2,2,4,4
1543,Sham Shui Po,17,Kwai Hing,23,7.4,3.7,2,7.5,3.7,2,2,4,4
1544,Sham Shui Po,17,Tai Wo Hau,24,9.2,4.4,2,10.5,4.4,2,2,4.5,4.5
1545,Sham Shui Po,17,Tsuen Wan,25,9.2,4.4,2,10.5,4.4,2,2,4.5,4.5
1546,Sham Shui Po,17,Sheung Wan,26,13.2,6.5,2,15.5,6.5,2,2,6.5,6.5
1547,Sham Shui Po,17,Wan Chai,27,13.2,6.5,2,15.5,6.5,2,2,6.5,6.5
1548,Sham Shui Po,17,Causeway Bay,28,13.2,6.5,2,15.5,6.5,2,2,6.5,6.5
1549,Sham Shui Po,17,Tin Hau,29,13.2,6.5,2,15.5,6.5,2,2,6.5,6.5
1550,Sham Shui Po,17,Fortress Hill,30,15.8,7.4,2,16,7.4,2,2,7.5,7.5
1551,Sham Shui Po,17,North Point,31,15.8,7.4,2,16,7.4,2,2,7.5,7.5
1552,Sham Shui Po,17,Quarry Bay,32,15.8,7.4,2,16,7.4,2,2,7.5,7.5
1553,Sham Shui Po,17,Tai Koo,33,15.8,7.4,2,16,7.4,2,2,7.5,7.5
1554,Sham Shui Po,17,Sai Wan Ho,34,15.8,7.4,2,16,7.4,2,2,7.5,7.5
1555,Sham Shui Po,17,Shau Kei Wan,35,15.8,7.4,2,16,7.4,2,2,7.5,7.5
1556,Sham Shui Po,17,Heng Fa Chuen,36,15.8,7.4,2,16,7.4,2,2,7.5,7.5
1557,Sham Shui Po,17,Chai Wan,37,15.8,7.4,2,16,7.4,2,2,7.5,7.5
1558,Sham Shui Po,17,Lam Tin,38,9.2,4.4,2,10.5,4.4,2,2,4.5,4.5
1559,Sham Shui Po,17,Hong Kong,39,13.2,6.5,2,15.5,6.5,2,2,6.5,6.5
1560,Sham Shui Po,17,Kowloon,40,5.9,3.2,2,6,3.2,2,2,3.5,3.5
1561,Sham Shui Po,17,Olympic,41,4.9,3.2,2,5,3.2,2,2,3.5,3.5
1562,Sham Shui Po,17,Tsing Yi,42,7.4,3.7,2,7.5,3.7,2,2,4,4
1563,Sham Shui Po,17,Tung Chung,43,15.9,7.7,2,17,7.7,2,2,8,8
1564,Sham Shui Po,17,Yau Tong,48,11,4.9,2,13,4.9,2,2,5,5
1565,Sham Shui Po,17,Tiu Keng Leng,49,11,4.9,2,13,4.9,2,2,5,5
1566,Sham Shui Po,17,Tseung Kwan O,50,11,4.9,2,13,4.9,2,2,5,5
1567,Sham Shui Po,17,Hang Hau,51,11,4.9,2,13,4.9,2,2,5,5
1568,Sham Shui Po,17,Po Lam,52,11,4.9,2,13,4.9,2,2,5,5
1569,Sham Shui Po,17,Nam Cheong,53,4.9,3.2,2,5,3.2,2,2,3.5,3.5
1570,Sham Shui Po,17,Sunny Bay,54,13.2,6.5,2,15.5,6.5,2,2,6.5,6.5
1571,Sham Shui Po,17,Disneyland Resort,55,18.7,9.4,2,21,9.4,2,2,10.5,10.5
1572,Sham Shui Po,17,LOHAS Park,57,11,4.9,2,13,4.9,2,2,5,5
1573,Sham Shui Po,17,Hung Hom,64,5.9,3.4,2,6,3.4,2,2,3.5,3.5
1574,Sham Shui Po,17,Mong Kok East,65,5.9,3.4,2,6,3.4,2,2,3.5,3.5
1575,Sham Shui Po,17,Tai Wai,67,8.6,4.6,2,10,4.6,2,2,5,5
1576,Sham Shui Po,17,Sha Tin,68,8.6,4.6,2,10,4.6,2,2,5,5
1577,Sham Shui Po,17,Fo Tan,69,9.2,5.3,2,10.5,5.3,2,2,5.5,5.5
1578,Sham Shui Po,17,Racecourse,70,17.1,9.2,17.1,19,9.2,2,2,10.5,10.5
1579,Sham Shui Po,17,University,71,9.8,5.4,2,12,5.4,2,2,5.5,5.5
1580,Sham Shui Po,17,Tai Po Market,72,11.7,6.4,2,13.5,6.4,2,2,6.5,6.5
1581,Sham Shui Po,17,Tai Wo,73,11.7,6.4,2,13.5,6.4,2,2,6.5,6.5
1582,Sham Shui Po,17,Fanling,74,12.6,7.1,2,15,7.1,2,2,7.5,7.5
1583,Sham Shui Po,17,Sheung Shui,75,12.6,7.1,2,15,7.1,2,2,7.5,7.5
1584,Sham Shui Po,17,Lo Wu,76,44.4,43.1,44.4,47,23.1,23.1,23.1,24.5,24.5
1585,Sham Shui Po,17,Lok Ma Chau,78,44.4,43.1,44.4,47,23.1,23.1,23.1,24.5,24.5
1586,Sham Shui Po,17,East Tsim Sha Tsui,80,7.4,3.7,2,7.5,3.7,2,2,4,4
1587,Sham Shui Po,17,Che Kung Temple,96,8.7,4.9,2,10,4.9,2,2,5,5
1588,Sham Shui Po,17,Sha Tin Wai,97,8.7,4.9,2,10,4.9,2,2,5,5
1589,Sham Shui Po,17,City One,98,8.7,4.9,2,10,4.9,2,2,5,5
1590,Sham Shui Po,17,Shek Mun,99,8.7,4.9,2,10,4.9,2,2,5,5
1591,Sham Shui Po,17,Tai Shui Hang,100,10.7,6,2,12.5,6,2,2,6,6
1592,Sham Shui Po,17,Heng On,101,10.7,6,2,12.5,6,2,2,6,6
1593,Sham Shui Po,17,Ma On Shan,102,10.7,6,2,12.5,6,2,2,6,6
1594,Sham Shui Po,17,Wu Kai Sha,103,10.7,6,2,12.5,6,2,2,6,6
1595,Sham Shui Po,17,Austin,111,5.9,3.2,2,6,3.2,2,2,3.5,3.5
1596,Sham Shui Po,17,Tsuen Wan West,114,8.7,4.3,2,10.5,4.3,2,2,4.5,4.5
1597,Sham Shui Po,17,Kam Sheung Road,115,18.7,9.4,2,19.5,9.4,2,2,10.5,10.5
1598,Sham Shui Po,17,Yuen Long,116,20.7,10.4,2,21.5,10.4,2,2,12.5,12.5
1599,Sham Shui Po,17,Long Ping,117,20.7,10.4,2,21.5,10.4,2,2,12.5,12.5
1600,Sham Shui Po,17,Tin Shui Wai,118,20.7,10.4,2,21.5,10.4,2,2,12.5,12.5
1601,Sham Shui Po,17,Siu Hong,119,20.7,10.4,2,21.5,10.4,2,2,12.5,12.5
1602,Sham Shui Po,17,Tuen Mun,120,20.7,10.4,2,21.5,10.4,2,2,12.5,12.5
1603,Sham Shui Po,17,Sai Ying Pun,81,13.2,6.5,2,15.5,6.5,2,2,6.5,6.5
1604,Sham Shui Po,17,HKU,82,13.2,6.5,2,15.5,6.5,2,2,6.5,6.5
1605,Sham Shui Po,17,Kennedy Town,83,15.8,7.4,2,16,7.4,2,2,7.5,7.5
1606,Sham Shui Po,17,Ho Man Tin,84,5.9,3.2,2,6,3.2,2,2,3.5,3.5
1607,Sham Shui Po,17,Whampoa,85,7.4,3.7,2,7.5,3.7,2,2,4,4
1608,Sham Shui Po,17,Ocean Park,86,15.8,7.4,2,16,7.4,2,2,7.5,7.5
1609,Sham Shui Po,17,Wong Chuk Hang,87,15.8,7.4,2,16,7.4,2,2,7.5,7.5
1610,Sham Shui Po,17,Lei Tung,88,15.8,7.4,2,16,7.4,2,2,7.5,7.5
1611,Sham Shui Po,17,South Horizons,89,15.8,7.4,2,16,7.4,2,2,7.5,7.5
1612,Sham Shui Po,17,Hin Keng,90,8.6,4.6,2,10,4.6,2,2,5,5
1613,Sham Shui Po,17,Kai Tak,91,7.4,3.7,2,7.5,3.7,2,2,4,4
1614,Sham Shui Po,17,Sung Wong Toi,92,7.4,3.7,2,7.5,3.7,2,2,4,4
1615,Sham Shui Po,17,To Kwa Wan,93,7.4,3.7,2,7.5,3.7,2,2,4,4
1616,Cheung Sha Wan,18,Central,1,13.2,6.5,2,15.5,6.5,2,2,6.5,6.5
1617,Cheung Sha Wan,18,Admiralty,2,13.2,6.5,2,15.5,6.5,2,2,6.5,6.5
1618,Cheung Sha Wan,18,Tsim Sha Tsui,3,7.4,3.7,2,7.5,3.7,2,2,4,4
1619,Cheung Sha Wan,18,Jordan,4,7.4,3.7,2,7.5,3.7,2,2,4,4
1620,Cheung Sha Wan,18,Yau Ma Tei,5,5.9,3.2,2,6,3.2,2,2,3.5,3.5
1621,Cheung Sha Wan,18,Mong Kok,6,5.9,3.2,2,6,3.2,2,2,3.5,3.5
1622,Cheung Sha Wan,18,Shek Kip Mei,7,4.9,3.2,2,5,3.2,2,2,3.5,3.5
1623,Cheung Sha Wan,18,Kowloon Tong,8,5.9,3.2,2,6,3.2,2,2,3.5,3.5
1624,Cheung Sha Wan,18,Lok Fu,9,5.9,3.2,2,6,3.2,2,2,3.5,3.5
1625,Cheung Sha Wan,18,Wong Tai Sin,10,7.4,3.7,2,7.5,3.7,2,2,4,4
1626,Cheung Sha Wan,18,Diamond Hill,11,7.4,3.7,2,7.5,3.7,2,2,4,4
1627,Cheung Sha Wan,18,Choi Hung,12,9.2,4.4,2,10.5,4.4,2,2,4.5,4.5
1628,Cheung Sha Wan,18,Kowloon Bay,13,9.2,4.4,2,10.5,4.4,2,2,4.5,4.5
1629,Cheung Sha Wan,18,Ngau Tau Kok,14,9.2,4.4,2,10.5,4.4,2,2,4.5,4.5
1630,Cheung Sha Wan,18,Kwun Tong,15,9.2,4.4,2,10.5,4.4,2,2,4.5,4.5
1631,Cheung Sha Wan,18,Prince Edward,16,4.9,3.2,2,5,3.2,2,2,3.5,3.5
1632,Cheung Sha Wan,18,Sham Shui Po,17,4.9,3.2,2,5,3.2,2,2,3.5,3.5
1633,Cheung Sha Wan,18,Cheung Sha Wan,18,0,0,0,0,0,0,0,0,0
1634,Cheung Sha Wan,18,Lai Chi Kok,19,4.9,3.2,2,5,3.2,2,2,3.5,3.5
1635,Cheung Sha Wan,18,Mei Foo,20,4.9,3.2,2,5,3.2,2,2,3.5,3.5
1636,Cheung Sha Wan,18,Lai King,21,5.9,3.2,2,6,3.2,2,2,3.5,3.5
1637,Cheung Sha Wan,18,Kwai Fong,22,5.9,3.2,2,6,3.2,2,2,3.5,3.5
1638,Cheung Sha Wan,18,Kwai Hing,23,7.4,3.7,2,7.5,3.7,2,2,4,4
1639,Cheung Sha Wan,18,Tai Wo Hau,24,7.4,3.7,2,7.5,3.7,2,2,4,4
1640,Cheung Sha Wan,18,Tsuen Wan,25,9.2,4.4,2,10.5,4.4,2,2,4.5,4.5
1641,Cheung Sha Wan,18,Sheung Wan,26,13.2,6.5,2,15.5,6.5,2,2,6.5,6.5
1642,Cheung Sha Wan,18,Wan Chai,27,13.2,6.5,2,15.5,6.5,2,2,6.5,6.5
1643,Cheung Sha Wan,18,Causeway Bay,28,13.2,6.5,2,15.5,6.5,2,2,6.5,6.5
1644,Cheung Sha Wan,18,Tin Hau,29,15.8,7.4,2,16,7.4,2,2,7.5,7.5
1645,Cheung Sha Wan,18,Fortress Hill,30,15.8,7.4,2,16,7.4,2,2,7.5,7.5
1646,Cheung Sha Wan,18,North Point,31,15.8,7.4,2,16,7.4,2,2,7.5,7.5
1647,Cheung Sha Wan,18,Quarry Bay,32,15.8,7.4,2,16,7.4,2,2,7.5,7.5
1648,Cheung Sha Wan,18,Tai Koo,33,15.8,7.4,2,16,7.4,2,2,7.5,7.5
1649,Cheung Sha Wan,18,Sai Wan Ho,34,15.8,7.4,2,16,7.4,2,2,7.5,7.5
1650,Cheung Sha Wan,18,Shau Kei Wan,35,15.8,7.4,2,16,7.4,2,2,7.5,7.5
1651,Cheung Sha Wan,18,Heng Fa Chuen,36,15.8,7.4,2,16,7.4,2,2,7.5,7.5
1652,Cheung Sha Wan,18,Chai Wan,37,15.8,7.4,2,16,7.4,2,2,7.5,7.5
1653,Cheung Sha Wan,18,Lam Tin,38,9.2,4.4,2,10.5,4.4,2,2,4.5,4.5
1654,Cheung Sha Wan,18,Hong Kong,39,13.2,6.5,2,15.5,6.5,2,2,6.5,6.5
1655,Cheung Sha Wan,18,Kowloon,40,7.4,3.7,2,7.5,3.7,2,2,4,4
1656,Cheung Sha Wan,18,Olympic,41,5.9,3.2,2,6,3.2,2,2,3.5,3.5
1657,Cheung Sha Wan,18,Tsing Yi,42,7.4,3.7,2,7.5,3.7,2,2,4,4
1658,Cheung Sha Wan,18,Tung Chung,43,15.9,7.7,2,17,7.7,2,2,8,8
1659,Cheung Sha Wan,18,Yau Tong,48,11,4.9,2,13,4.9,2,2,5,5
1660,Cheung Sha Wan,18,Tiu Keng Leng,49,11,4.9,2,13,4.9,2,2,5,5
1661,Cheung Sha Wan,18,Tseung Kwan O,50,11,4.9,2,13,4.9,2,2,5,5
1662,Cheung Sha Wan,18,Hang Hau,51,11,4.9,2,13,4.9,2,2,5,5
1663,Cheung Sha Wan,18,Po Lam,52,11,4.9,2,13,4.9,2,2,5,5
1664,Cheung Sha Wan,18,Nam Cheong,53,4.9,3.2,2,5,3.2,2,2,3.5,3.5
1665,Cheung Sha Wan,18,Sunny Bay,54,13.2,6.5,2,15.5,6.5,2,2,6.5,6.5
1666,Cheung Sha Wan,18,Disneyland Resort,55,18.7,9.4,2,21,9.4,2,2,10.5,10.5
1667,Cheung Sha Wan,18,LOHAS Park,57,11,4.9,2,13,4.9,2,2,5,5
1668,Cheung Sha Wan,18,Hung Hom,64,7.1,3.4,2,7.5,3.4,2,2,3.5,3.5
1669,Cheung Sha Wan,18,Mong Kok East,65,7.1,3.4,2,7.5,3.4,2,2,3.5,3.5
1670,Cheung Sha Wan,18,Tai Wai,67,9.6,4.6,2,12,4.6,2,2,5,5
1671,Cheung Sha Wan,18,Sha Tin,68,9.6,4.6,2,12,4.6,2,2,5,5
1672,Cheung Sha Wan,18,Fo Tan,69,10.1,5.3,2,12.5,5.3,2,2,5.5,5.5
1673,Cheung Sha Wan,18,Racecourse,70,18.3,9.2,18.3,20,9.2,2,2,10.5,10.5
1674,Cheung Sha Wan,18,University,71,10.8,5.4,2,13.5,5.4,2,2,5.5,5.5
1675,Cheung Sha Wan,18,Tai Po Market,72,12.8,6.4,2,14.5,6.4,2,2,6.5,6.5
1676,Cheung Sha Wan,18,Tai Wo,73,12.8,6.4,2,14.5,6.4,2,2,6.5,6.5
1677,Cheung Sha Wan,18,Fanling,74,13.6,7.1,2,15.5,7.1,2,2,7.5,7.5
1678,Cheung Sha Wan,18,Sheung Shui,75,13.6,7.1,2,15.5,7.1,2,2,7.5,7.5
1679,Cheung Sha Wan,18,Lo Wu,76,45.4,43.1,45.4,48,23.1,23.1,23.1,24.5,24.5
1680,Cheung Sha Wan,18,Lok Ma Chau,78,45.4,43.1,45.4,48,23.1,23.1,23.1,24.5,24.5
1681,Cheung Sha Wan,18,East Tsim Sha Tsui,80,7.4,3.7,2,7.5,3.7,2,2,4,4
1682,Cheung Sha Wan,18,Che Kung Temple,96,9.8,4.9,2,12,4.9,2,2,5,5
1683,Cheung Sha Wan,18,Sha Tin Wai,97,9.8,4.9,2,12,4.9,2,2,5,5
1684,Cheung Sha Wan,18,City One,98,9.8,4.9,2,12,4.9,2,2,5,5
1685,Cheung Sha Wan,18,Shek Mun,99,9.8,4.9,2,12,4.9,2,2,5,5
1686,Cheung Sha Wan,18,Tai Shui Hang,100,12,6,2,14,6,2,2,6,6
1687,Cheung Sha Wan,18,Heng On,101,12,6,2,14,6,2,2,6,6
1688,Cheung Sha Wan,18,Ma On Shan,102,12,6,2,14,6,2,2,6,6
1689,Cheung Sha Wan,18,Wu Kai Sha,103,12,6,2,14,6,2,2,6,6
1690,Cheung Sha Wan,18,Austin,111,7.4,3.7,2,7.5,3.7,2,2,4,4
1691,Cheung Sha Wan,18,Tsuen Wan West,114,7.5,4.3,2,7.5,4.3,2,2,4.5,4.5
1692,Cheung Sha Wan,18,Kam Sheung Road,115,17.5,9.4,2,18.5,9.4,2,2,10.5,10.5
1693,Cheung Sha Wan,18,Yuen Long,116,18.9,10,2,19.5,10,2,2,12,12
1694,Cheung Sha Wan,18,Long Ping,117,18.9,10,2,19.5,10,2,2,12,12
1695,Cheung Sha Wan,18,Tin Shui Wai,118,18.9,10,2,19.5,10,2,2,12,12
1696,Cheung Sha Wan,18,Siu Hong,119,18.9,10,2,19.5,10,2,2,12,12
1697,Cheung Sha Wan,18,Tuen Mun,120,18.9,10,2,19.5,10,2,2,12,12
1698,Cheung Sha Wan,18,Sai Ying Pun,81,13.2,6.5,2,15.5,6.5,2,2,6.5,6.5
1699,Cheung Sha Wan,18,HKU,82,15.8,7.4,2,16,7.4,2,2,7.5,7.5
1700,Cheung Sha Wan,18,Kennedy Town,83,15.8,7.4,2,16,7.4,2,2,7.5,7.5
1701,Cheung Sha Wan,18,Ho Man Tin,84,7.4,3.7,2,7.5,3.7,2,2,4,4
1702,Cheung Sha Wan,18,Whampoa,85,7.4,3.7,2,7.5,3.7,2,2,4,4
1703,Cheung Sha Wan,18,Ocean Park,86,15.8,7.4,2,16,7.4,2,2,7.5,7.5
1704,Cheung Sha Wan,18,Wong Chuk Hang,87,15.8,7.4,2,16,7.4,2,2,7.5,7.5
1705,Cheung Sha Wan,18,Lei Tung,88,15.8,7.4,2,16,7.4,2,2,7.5,7.5
1706,Cheung Sha Wan,18,South Horizons,89,15.8,7.4,2,16,7.4,2,2,7.5,7.5
1707,Cheung Sha Wan,18,Hin Keng,90,9.6,4.6,2,12,4.6,2,2,5,5
1708,Cheung Sha Wan,18,Kai Tak,91,7.4,3.7,2,7.5,3.7,2,2,4,4
1709,Cheung Sha Wan,18,Sung Wong Toi,92,7.4,3.7,2,7.5,3.7,2,2,4,4
1710,Cheung Sha Wan,18,To Kwa Wan,93,7.4,3.7,2,7.5,3.7,2,2,4,4
1711,Lai Chi Kok,19,Central,1,15.8,7.4,2,16,7.4,2,2,7.5,7.5
1712,Lai Chi Kok,19,Admiralty,2,15.8,7.4,2,16,7.4,2,2,7.5,7.5
1713,Lai Chi Kok,19,Tsim Sha Tsui,3,9,3.9,2,10.5,3.9,2,2,4,4
1714,Lai Chi Kok,19,Jordan,4,7.4,3.7,2,7.5,3.7,2,2,4,4
1715,Lai Chi Kok,19,Yau Ma Tei,5,7.4,3.7,2,7.5,3.7,2,2,4,4
1716,Lai Chi Kok,19,Mong Kok,6,5.9,3.2,2,6,3.2,2,2,3.5,3.5
1717,Lai Chi Kok,19,Shek Kip Mei,7,5.9,3.2,2,6,3.2,2,2,3.5,3.5
1718,Lai Chi Kok,19,Kowloon Tong,8,5.9,3.2,2,6,3.2,2,2,3.5,3.5
1719,Lai Chi Kok,19,Lok Fu,9,7.4,3.7,2,7.5,3.7,2,2,4,4
1720,Lai Chi Kok,19,Wong Tai Sin,10,7.4,3.7,2,7.5,3.7,2,2,4,4
1721,Lai Chi Kok,19,Diamond Hill,11,9.2,4.4,2,10.5,4.4,2,2,4.5,4.5
1722,Lai Chi Kok,19,Choi Hung,12,9.2,4.4,2,10.5,4.4,2,2,4.5,4.5
1723,Lai Chi Kok,19,Kowloon Bay,13,9.2,4.4,2,10.5,4.4,2,2,4.5,4.5
1724,Lai Chi Kok,19,Ngau Tau Kok,14,9.2,4.4,2,10.5,4.4,2,2,4.5,4.5
1725,Lai Chi Kok,19,Kwun Tong,15,9.2,4.4,2,10.5,4.4,2,2,4.5,4.5
1726,Lai Chi Kok,19,Prince Edward,16,5.9,3.2,2,6,3.2,2,2,3.5,3.5
1727,Lai Chi Kok,19,Sham Shui Po,17,4.9,3.2,2,5,3.2,2,2,3.5,3.5
1728,Lai Chi Kok,19,Cheung Sha Wan,18,4.9,3.2,2,5,3.2,2,2,3.5,3.5
1729,Lai Chi Kok,19,Lai Chi Kok,19,0,0,0,0,0,0,0,0,0
1730,Lai Chi Kok,19,Mei Foo,20,4.9,3.2,2,5,3.2,2,2,3.5,3.5
1731,Lai Chi Kok,19,Lai King,21,4.9,3.2,2,5,3.2,2,2,3.5,3.5
1732,Lai Chi Kok,19,Kwai Fong,22,5.9,3.2,2,6,3.2,2,2,3.5,3.5
1733,Lai Chi Kok,19,Kwai Hing,23,5.9,3.2,2,6,3.2,2,2,3.5,3.5
1734,Lai Chi Kok,19,Tai Wo Hau,24,7.4,3.7,2,7.5,3.7,2,2,4,4
1735,Lai Chi Kok,19,Tsuen Wan,25,7.4,3.7,2,7.5,3.7,2,2,4,4
1736,Lai Chi Kok,19,Sheung Wan,26,15.8,7.4,2,16,7.4,2,2,7.5,7.5
1737,Lai Chi Kok,19,Wan Chai,27,15.8,7.4,2,16,7.4,2,2,7.5,7.5
1738,Lai Chi Kok,19,Causeway Bay,28,15.8,7.4,2,16,7.4,2,2,7.5,7.5
1739,Lai Chi Kok,19,Tin Hau,29,15.8,7.4,2,16,7.4,2,2,7.5,7.5
1740,Lai Chi Kok,19,Fortress Hill,30,15.8,7.4,2,16,7.4,2,2,7.5,7.5
1741,Lai Chi Kok,19,North Point,31,15.8,7.4,2,16,7.4,2,2,7.5,7.5
1742,Lai Chi Kok,19,Quarry Bay,32,15.8,7.4,2,16,7.4,2,2,7.5,7.5
1743,Lai Chi Kok,19,Tai Koo,33,15.8,7.4,2,16,7.4,2,2,7.5,7.5
1744,Lai Chi Kok,19,Sai Wan Ho,34,15.8,7.4,2,16,7.4,2,2,7.5,7.5
1745,Lai Chi Kok,19,Shau Kei Wan,35,15.8,7.4,2,16,7.4,2,2,7.5,7.5
1746,Lai Chi Kok,19,Heng Fa Chuen,36,15.8,7.4,2,16,7.4,2,2,7.5,7.5
1747,Lai Chi Kok,19,Chai Wan,37,15.8,7.4,2,16,7.4,2,2,7.5,7.5
1748,Lai Chi Kok,19,Lam Tin,38,9.2,4.4,2,10.5,4.4,2,2,4.5,4.5
1749,Lai Chi Kok,19,Hong Kong,39,15.8,7.4,2,16,7.4,2,2,7.5,7.5
1750,Lai Chi Kok,19,Kowloon,40,7.4,3.7,2,7.5,3.7,2,2,4,4
1751,Lai Chi Kok,19,Olympic,41,5.9,3.2,2,6,3.2,2,2,3.5,3.5
1752,Lai Chi Kok,19,Tsing Yi,42,5.9,3.2,2,6,3.2,2,2,3.5,3.5
1753,Lai Chi Kok,19,Tung Chung,43,15.9,7.7,2,17,7.7,2,2,8,8
1754,Lai Chi Kok,19,Yau Tong,48,11,4.9,2,13,4.9,2,2,5,5
1755,Lai Chi Kok,19,Tiu Keng Leng,49,11,4.9,2,13,4.9,2,2,5,5
1756,Lai Chi Kok,19,Tseung Kwan O,50,11,4.9,2,13,4.9,2,2,5,5
1757,Lai Chi Kok,19,Hang Hau,51,11,4.9,2,13,4.9,2,2,5,5
1758,Lai Chi Kok,19,Po Lam,52,11,4.9,2,13,4.9,2,2,5,5
1759,Lai Chi Kok,19,Nam Cheong,53,4.9,3.2,2,5,3.2,2,2,3.5,3.5
1760,Lai Chi Kok,19,Sunny Bay,54,13.2,6.5,2,15.5,6.5,2,2,6.5,6.5
1761,Lai Chi Kok,19,Disneyland Resort,55,18.7,9.4,2,21,9.4,2,2,10.5,10.5
1762,Lai Chi Kok,19,LOHAS Park,57,11,4.9,2,13,4.9,2,2,5,5
1763,Lai Chi Kok,19,Hung Hom,64,7.1,3.4,2,7.5,3.4,2,2,3.5,3.5
1764,Lai Chi Kok,19,Mong Kok East,65,7.1,3.4,2,7.5,3.4,2,2,3.5,3.5
1765,Lai Chi Kok,19,Tai Wai,67,9.6,4.6,2,12,4.6,2,2,5,5
1766,Lai Chi Kok,19,Sha Tin,68,9.6,4.6,2,12,4.6,2,2,5,5
1767,Lai Chi Kok,19,Fo Tan,69,10.1,5.3,2,12.5,5.3,2,2,5.5,5.5
1768,Lai Chi Kok,19,Racecourse,70,18.3,9.2,18.3,20,9.2,2,2,10.5,10.5
1769,Lai Chi Kok,19,University,71,10.8,5.4,2,13.5,5.4,2,2,5.5,5.5
1770,Lai Chi Kok,19,Tai Po Market,72,12.8,6.4,2,14.5,6.4,2,2,6.5,6.5
1771,Lai Chi Kok,19,Tai Wo,73,12.8,6.4,2,14.5,6.4,2,2,6.5,6.5
1772,Lai Chi Kok,19,Fanling,74,13.6,7.1,2,15.5,7.1,2,2,7.5,7.5
1773,Lai Chi Kok,19,Sheung Shui,75,13.6,7.1,2,15.5,7.1,2,2,7.5,7.5
1774,Lai Chi Kok,19,Lo Wu,76,45.4,43.1,45.4,48,23.1,23.1,23.1,24.5,24.5
1775,Lai Chi Kok,19,Lok Ma Chau,78,45.4,43.1,45.4,48,23.1,23.1,23.1,24.5,24.5
1776,Lai Chi Kok,19,East Tsim Sha Tsui,80,9,3.9,2,10.5,3.9,2,2,4,4
1777,Lai Chi Kok,19,Che Kung Temple,96,9.8,4.9,2,12,4.9,2,2,5,5
1778,Lai Chi Kok,19,Sha Tin Wai,97,9.8,4.9,2,12,4.9,2,2,5,5
1779,Lai Chi Kok,19,City One,98,9.8,4.9,2,12,4.9,2,2,5,5
1780,Lai Chi Kok,19,Shek Mun,99,9.8,4.9,2,12,4.9,2,2,5,5
1781,Lai Chi Kok,19,Tai Shui Hang,100,12,6,2,14,6,2,2,6,6
1782,Lai Chi Kok,19,Heng On,101,12,6,2,14,6,2,2,6,6
1783,Lai Chi Kok,19,Ma On Shan,102,12,6,2,14,6,2,2,6,6
1784,Lai Chi Kok,19,Wu Kai Sha,103,12,6,2,14,6,2,2,6,6
1785,Lai Chi Kok,19,Austin,111,7.4,3.7,2,7.5,3.7,2,2,4,4
1786,Lai Chi Kok,19,Tsuen Wan West,114,7.5,4.3,2,7.5,4.3,2,2,4.5,4.5
1787,Lai Chi Kok,19,Kam Sheung Road,115,17.5,9.4,2,18.5,9.4,2,2,10.5,10.5
1788,Lai Chi Kok,19,Yuen Long,116,18.9,10,2,19.5,10,2,2,12,12
1789,Lai Chi Kok,19,Long Ping,117,18.9,10,2,19.5,10,2,2,12,12
1790,Lai Chi Kok,19,Tin Shui Wai,118,18.9,10,2,19.5,10,2,2,12,12
1791,Lai Chi Kok,19,Siu Hong,119,18.9,10,2,19.5,10,2,2,12,12
1792,Lai Chi Kok,19,Tuen Mun,120,18.9,10,2,19.5,10,2,2,12,12
1793,Lai Chi Kok,19,Sai Ying Pun,81,15.8,7.4,2,16,7.4,2,2,7.5,7.5
1794,Lai Chi Kok,19,HKU,82,15.8,7.4,2,16,7.4,2,2,7.5,7.5
1795,Lai Chi Kok,19,Kennedy Town,83,15.8,7.4,2,16,7.4,2,2,7.5,7.5
1796,Lai Chi Kok,19,Ho Man Tin,84,7.4,3.7,2,7.5,3.7,2,2,4,4
1797,Lai Chi Kok,19,Whampoa,85,9,3.9,2,10.5,3.9,2,2,4,4
1798,Lai Chi Kok,19,Ocean Park,86,15.8,7.4,2,16,7.4,2,2,7.5,7.5
1799,Lai Chi Kok,19,Wong Chuk Hang,87,15.8,7.4,2,16,7.4,2,2,7.5,7.5
1800,Lai Chi Kok,19,Lei Tung,88,15.8,7.4,2,16,7.4,2,2,7.5,7.5
1801,Lai Chi Kok,19,South Horizons,89,15.8,7.4,2,16,7.4,2,2,7.5,7.5
1802,Lai Chi Kok,19,Hin Keng,90,9.6,4.6,2,12,4.6,2,2,5,5
1803,Lai Chi Kok,19,Kai Tak,91,9,3.9,2,10.5,3.9,2,2,4,4
1804,Lai Chi Kok,19,Sung Wong Toi,92,9,3.9,2,10.5,3.9,2,2,4,4
1805,Lai Chi Kok,19,To Kwa Wan,93,9,3.9,2,10.5,3.9,2,2,4,4
1806,Mei Foo,20,Central,1,15.8,7.4,2,16,7.4,2,2,7.5,7.5
1807,Mei Foo,20,Admiralty,2,15.8,7.4,2,16,7.4,2,2,7.5,7.5
1808,Mei Foo,20,Tsim Sha Tsui,3,9,3.9,2,10.5,3.9,2,2,4,4
1809,Mei Foo,20,Jordan,4,9,3.9,2,10.5,3.9,2,2,4,4
1810,Mei Foo,20,Yau Ma Tei,5,7.4,3.7,2,7.5,3.7,2,2,4,4
1811,Mei Foo,20,Mong Kok,6,7.4,3.7,2,7.5,3.7,2,2,4,4
1812,Mei Foo,20,Shek Kip Mei,7,5.9,3.2,2,6,3.2,2,2,3.5,3.5
1813,Mei Foo,20,Kowloon Tong,8,7.4,3.7,2,7.5,3.7,2,2,4,4
1814,Mei Foo,20,Lok Fu,9,7.4,3.7,2,7.5,3.7,2,2,4,4
1815,Mei Foo,20,Wong Tai Sin,10,9.2,4.4,2,10.5,4.4,2,2,4.5,4.5
1816,Mei Foo,20,Diamond Hill,11,9.2,4.4,2,10.5,4.4,2,2,4.5,4.5
1817,Mei Foo,20,Choi Hung,12,9.2,4.4,2,10.5,4.4,2,2,4.5,4.5
1818,Mei Foo,20,Kowloon Bay,13,11,4.9,2,13,4.9,2,2,5,5
1819,Mei Foo,20,Ngau Tau Kok,14,11,4.9,2,13,4.9,2,2,5,5
1820,Mei Foo,20,Kwun Tong,15,11,4.9,2,13,4.9,2,2,5,5
1821,Mei Foo,20,Prince Edward,16,5.9,3.2,2,6,3.2,2,2,3.5,3.5
1822,Mei Foo,20,Sham Shui Po,17,5.9,3.2,2,6,3.2,2,2,3.5,3.5
1823,Mei Foo,20,Cheung Sha Wan,18,4.9,3.2,2,5,3.2,2,2,3.5,3.5
1824,Mei Foo,20,Lai Chi Kok,19,4.9,3.2,2,5,3.2,2,2,3.5,3.5
1825,Mei Foo,20,Mei Foo,20,0,0,0,0,0,0,0,0,0
1826,Mei Foo,20,Lai King,21,4.9,3.2,2,5,3.2,2,2,3.5,3.5
1827,Mei Foo,20,Kwai Fong,22,4.9,3.2,2,5,3.2,2,2,3.5,3.5
1828,Mei Foo,20,Kwai Hing,23,5.9,3.2,2,6,3.2,2,2,3.5,3.5
1829,Mei Foo,20,Tai Wo Hau,24,5.9,3.2,2,6,3.2,2,2,3.5,3.5
1830,Mei Foo,20,Tsuen Wan,25,7.4,3.7,2,7.5,3.7,2,2,4,4
1831,Mei Foo,20,Sheung Wan,26,15.8,7.4,2,16,7.4,2,2,7.5,7.5
1832,Mei Foo,20,Wan Chai,27,15.8,7.4,2,16,7.4,2,2,7.5,7.5
1833,Mei Foo,20,Causeway Bay,28,15.8,7.4,2,16,7.4,2,2,7.5,7.5
1834,Mei Foo,20,Tin Hau,29,15.8,7.4,2,16,7.4,2,2,7.5,7.5
1835,Mei Foo,20,Fortress Hill,30,15.8,7.4,2,16,7.4,2,2,7.5,7.5
1836,Mei Foo,20,North Point,31,15.8,7.4,2,16,7.4,2,2,7.5,7.5
1837,Mei Foo,20,Quarry Bay,32,15.8,7.4,2,16,7.4,2,2,7.5,7.5
1838,Mei Foo,20,Tai Koo,33,15.8,7.4,2,16,7.4,2,2,7.5,7.5
1839,Mei Foo,20,Sai Wan Ho,34,15.8,7.4,2,16,7.4,2,2,7.5,7.5
1840,Mei Foo,20,Shau Kei Wan,35,15.8,7.4,2,16,7.4,2,2,7.5,7.5
1841,Mei Foo,20,Heng Fa Chuen,36,15.8,7.4,2,16,7.4,2,2,7.5,7.5
1842,Mei Foo,20,Chai Wan,37,15.8,7.4,2,16,7.4,2,2,7.5,7.5
1843,Mei Foo,20,Lam Tin,38,11,4.9,2,13,4.9,2,2,5,5
1844,Mei Foo,20,Hong Kong,39,15.8,7.4,2,16,7.4,2,2,7.5,7.5
1845,Mei Foo,20,Kowloon,40,9.2,4.4,2,10.5,4.4,2,2,4.5,4.5
1846,Mei Foo,20,Olympic,41,7.4,3.7,2,7.5,3.7,2,2,4,4
1847,Mei Foo,20,Tsing Yi,42,5.9,3.2,2,6,3.2,2,2,3.5,3.5
1848,Mei Foo,20,Tung Chung,43,15.9,7.7,2,17,7.7,2,2,8,8
1849,Mei Foo,20,Yau Tong,48,11,4.9,2,13,4.9,2,2,5,5
1850,Mei Foo,20,Tiu Keng Leng,49,11,4.9,2,13,4.9,2,2,5,5
1851,Mei Foo,20,Tseung Kwan O,50,11,4.9,2,13,4.9,2,2,5,5
1852,Mei Foo,20,Hang Hau,51,11,4.9,2,13,4.9,2,2,5,5
1853,Mei Foo,20,Po Lam,52,11,4.9,2,13,4.9,2,2,5,5
1854,Mei Foo,20,Nam Cheong,53,5.9,2.8,2,6,2.8,2,2,3,3
1855,Mei Foo,20,Sunny Bay,54,13.2,6.5,2,15.5,6.5,2,2,6.5,6.5
1856,Mei Foo,20,Disneyland Resort,55,18.7,9.4,2,21,9.4,2,2,10.5,10.5
1857,Mei Foo,20,LOHAS Park,57,11,4.9,2,13,4.9,2,2,5,5
1858,Mei Foo,20,Hung Hom,64,9,3.9,2,10.5,3.9,2,2,4,4
1859,Mei Foo,20,Mong Kok East,65,9,3.9,2,10.5,3.9,2,2,4,4
1860,Mei Foo,20,Tai Wai,67,11,5.4,2,13,5.4,2,2,5.5,5.5
1861,Mei Foo,20,Sha Tin,68,11,5.4,2,13,5.4,2,2,5.5,5.5
1862,Mei Foo,20,Fo Tan,69,11.7,5.9,2,13.5,5.9,2,2,6,6
1863,Mei Foo,20,Racecourse,70,19.5,9.9,19.5,21.5,9.9,2,2,12,12
1864,Mei Foo,20,University,71,12.4,6.1,2,14,6.1,2,2,6.5,6.5
1865,Mei Foo,20,Tai Po Market,72,13.4,6.9,2,15.5,6.9,2,2,7,7
1866,Mei Foo,20,Tai Wo,73,13.4,6.9,2,15.5,6.9,2,2,7,7
1867,Mei Foo,20,Fanling,74,15,7.6,2,16.5,7.6,2,2,8,8
1868,Mei Foo,20,Sheung Shui,75,15,7.6,2,16.5,7.6,2,2,8,8
1869,Mei Foo,20,Lo Wu,76,46.6,43.7,46.6,49.5,23.7,23.7,23.7,24.5,24.5
1870,Mei Foo,20,Lok Ma Chau,78,46.6,43.7,46.6,49.5,23.7,23.7,23.7,24.5,24.5
1871,Mei Foo,20,East Tsim Sha Tsui,80,9,3.9,2,10.5,3.9,2,2,4,4
1872,Mei Foo,20,Che Kung Temple,96,11.1,5.6,2,13,5.6,2,2,6,6
1873,Mei Foo,20,Sha Tin Wai,97,11.1,5.6,2,13,5.6,2,2,6,6
1874,Mei Foo,20,City One,98,11.1,5.6,2,13,5.6,2,2,6,6
1875,Mei Foo,20,Shek Mun,99,11.1,5.6,2,13,5.6,2,2,6,6
1876,Mei Foo,20,Tai Shui Hang,100,13.8,6.7,2,15.5,6.7,2,2,7,7
1877,Mei Foo,20,Heng On,101,13.8,6.7,2,15.5,6.7,2,2,7,7
1878,Mei Foo,20,Ma On Shan,102,13.8,6.7,2,15.5,6.7,2,2,7,7
1879,Mei Foo,20,Wu Kai Sha,103,13.8,6.7,2,15.5,6.7,2,2,7,7
1880,Mei Foo,20,Austin,111,9,3.9,2,10.5,3.9,2,2,4,4
1881,Mei Foo,20,Tsuen Wan West,114,7.2,3.5,2,7.5,3.5,2,2,3.5,3.5
1882,Mei Foo,20,Kam Sheung Road,115,15.8,7.6,2,16,7.6,2,2,8,8
1883,Mei Foo,20,Yuen Long,116,16.8,8.5,2,17,8.5,2,2,9.5,9.5
1884,Mei Foo,20,Long Ping,117,16.8,8.5,2,17,8.5,2,2,9.5,9.5
1885,Mei Foo,20,Tin Shui Wai,118,16.8,8.5,2,17,8.5,2,2,9.5,9.5
1886,Mei Foo,20,Siu Hong,119,16.8,8.5,2,17,8.5,2,2,9.5,9.5
1887,Mei Foo,20,Tuen Mun,120,16.8,8.5,2,17,8.5,2,2,9.5,9.5
1888,Mei Foo,20,Sai Ying Pun,81,15.8,7.4,2,16,7.4,2,2,7.5,7.5
1889,Mei Foo,20,HKU,82,15.8,7.4,2,16,7.4,2,2,7.5,7.5
1890,Mei Foo,20,Kennedy Town,83,15.8,7.4,2,16,7.4,2,2,7.5,7.5
1891,Mei Foo,20,Ho Man Tin,84,9,3.9,2,10.5,3.9,2,2,4,4
1892,Mei Foo,20,Whampoa,85,9,3.9,2,10.5,3.9,2,2,4,4
1893,Mei Foo,20,Ocean Park,86,15.8,7.4,2,16,7.4,2,2,7.5,7.5
1894,Mei Foo,20,Wong Chuk Hang,87,15.8,7.4,2,16,7.4,2,2,7.5,7.5
1895,Mei Foo,20,Lei Tung,88,15.8,7.4,2,16,7.4,2,2,7.5,7.5
1896,Mei Foo,20,South Horizons,89,15.8,7.4,2,16,7.4,2,2,7.5,7.5
1897,Mei Foo,20,Hin Keng,90,11,5.4,2,13,5.4,2,2,5.5,5.5
1898,Mei Foo,20,Kai Tak,91,9,3.9,2,10.5,3.9,2,2,4,4
1899,Mei Foo,20,Sung Wong Toi,92,9,3.9,2,10.5,3.9,2,2,4,4
1900,Mei Foo,20,To Kwa Wan,93,9,3.9,2,10.5,3.9,2,2,4,4
1901,Lai King,21,Central,1,15.8,7.4,2,16,7.4,2,2,7.5,7.5
1902,Lai King,21,Admiralty,2,15.8,7.4,2,16,7.4,2,2,7.5,7.5
1903,Lai King,21,Tsim Sha Tsui,3,11,4.9,2,13,4.9,2,2,5,5
1904,Lai King,21,Jordan,4,9.2,4.4,2,10.5,4.4,2,2,4.5,4.5
1905,Lai King,21,Yau Ma Tei,5,9.2,4.4,2,10.5,4.4,2,2,4.5,4.5
1906,Lai King,21,Mong Kok,6,7.4,3.7,2,7.5,3.7,2,2,4,4
1907,Lai King,21,Shek Kip Mei,7,7.4,3.7,2,7.5,3.7,2,2,4,4
1908,Lai King,21,Kowloon Tong,8,7.4,3.7,2,7.5,3.7,2,2,4,4
1909,Lai King,21,Lok Fu,9,9.2,4.4,2,10.5,4.4,2,2,4.5,4.5
1910,Lai King,21,Wong Tai Sin,10,9.2,4.4,2,10.5,4.4,2,2,4.5,4.5
1911,Lai King,21,Diamond Hill,11,9.2,4.4,2,10.5,4.4,2,2,4.5,4.5
1912,Lai King,21,Choi Hung,12,11,4.9,2,13,4.9,2,2,5,5
1913,Lai King,21,Kowloon Bay,13,11,4.9,2,13,4.9,2,2,5,5
1914,Lai King,21,Ngau Tau Kok,14,11,4.9,2,13,4.9,2,2,5,5
1915,Lai King,21,Kwun Tong,15,11,4.9,2,13,4.9,2,2,5,5
1916,Lai King,21,Prince Edward,16,7.4,3.7,2,7.5,3.7,2,2,4,4
1917,Lai King,21,Sham Shui Po,17,5.9,3.2,2,6,3.2,2,2,3.5,3.5
1918,Lai King,21,Cheung Sha Wan,18,5.9,3.2,2,6,3.2,2,2,3.5,3.5
1919,Lai King,21,Lai Chi Kok,19,4.9,3.2,2,5,3.2,2,2,3.5,3.5
1920,Lai King,21,Mei Foo,20,4.9,3.2,2,5,3.2,2,2,3.5,3.5
1921,Lai King,21,Lai King,21,0,0,0,0,0,0,0,0,0
1922,Lai King,21,Kwai Fong,22,4.9,3.2,2,5,3.2,2,2,3.5,3.5
1923,Lai King,21,Kwai Hing,23,4.9,3.2,2,5,3.2,2,2,3.5,3.5
1924,Lai King,21,Tai Wo Hau,24,5.9,3.2,2,6,3.2,2,2,3.5,3.5
1925,Lai King,21,Tsuen Wan,25,5.9,3.2,2,6,3.2,2,2,3.5,3.5
1926,Lai King,21,Sheung Wan,26,15.8,7.4,2,16,7.4,2,2,7.5,7.5
1927,Lai King,21,Wan Chai,27,15.8,7.4,2,16,7.4,2,2,7.5,7.5
1928,Lai King,21,Causeway Bay,28,15.8,7.4,2,16,7.4,2,2,7.5,7.5
1929,Lai King,21,Tin Hau,29,15.8,7.4,2,16,7.4,2,2,7.5,7.5
1930,Lai King,21,Fortress Hill,30,15.8,7.4,2,16,7.4,2,2,7.5,7.5
1931,Lai King,21,North Point,31,15.8,7.4,2,16,7.4,2,2,7.5,7.5
1932,Lai King,21,Quarry Bay,32,15.8,7.4,2,16,7.4,2,2,7.5,7.5
1933,Lai King,21,Tai Koo,33,15.8,7.4,2,16,7.4,2,2,7.5,7.5
1934,Lai King,21,Sai Wan Ho,34,15.8,7.4,2,16,7.4,2,2,7.5,7.5
1935,Lai King,21,Shau Kei Wan,35,15.8,7.4,2,16,7.4,2,2,7.5,7.5
1936,Lai King,21,Heng Fa Chuen,36,15.8,7.4,2,16,7.4,2,2,7.5,7.5
1937,Lai King,21,Chai Wan,37,15.8,7.4,2,16,7.4,2,2,7.5,7.5
1938,Lai King,21,Lam Tin,38,11,4.9,2,13,4.9,2,2,5,5
1939,Lai King,21,Hong Kong,39,15.8,7.4,2,16,7.4,2,2,7.5,7.5
1940,Lai King,21,Kowloon,40,9.2,4.4,2,10.5,4.4,2,2,4.5,4.5
1941,Lai King,21,Olympic,41,7.4,3.7,2,7.5,3.7,2,2,4,4
1942,Lai King,21,Tsing Yi,42,4.9,3.2,2,5,3.2,2,2,3.5,3.5
1943,Lai King,21,Tung Chung,43,15.9,7.7,2,17,7.7,2,2,8,8
1944,Lai King,21,Yau Tong,48,11,4.9,2,13,4.9,2,2,5,5
1945,Lai King,21,Tiu Keng Leng,49,11,4.9,2,13,4.9,2,2,5,5
1946,Lai King,21,Tseung Kwan O,50,11,4.9,2,13,4.9,2,2,5,5
1947,Lai King,21,Hang Hau,51,11,4.9,2,13,4.9,2,2,5,5
1948,Lai King,21,Po Lam,52,13.2,6.5,2,15.5,6.5,2,2,6.5,6.5
1949,Lai King,21,Nam Cheong,53,5.9,3.2,2,6,3.2,2,2,3.5,3.5
1950,Lai King,21,Sunny Bay,54,13.2,6.5,2,15.5,6.5,2,2,6.5,6.5
1951,Lai King,21,Disneyland Resort,55,18.7,9.4,2,21,9.4,2,2,10.5,10.5
1952,Lai King,21,LOHAS Park,57,13.2,6.5,2,15.5,6.5,2,2,6.5,6.5
1953,Lai King,21,Hung Hom,64,8.5,3.9,2,10,3.9,2,2,4,4
1954,Lai King,21,Mong Kok East,65,8.5,3.9,2,10,3.9,2,2,4,4
1955,Lai King,21,Tai Wai,67,11,5.4,2,13,5.4,2,2,5.5,5.5
1956,Lai King,21,Sha Tin,68,11,5.4,2,13,5.4,2,2,5.5,5.5
1957,Lai King,21,Fo Tan,69,11.7,5.9,2,13.5,5.9,2,2,6,6
1958,Lai King,21,Racecourse,70,19.5,9.9,19.5,21.5,9.9,2,2,12,12
1959,Lai King,21,University,71,12.4,6.1,2,14,6.1,2,2,6.5,6.5
1960,Lai King,21,Tai Po Market,72,13.4,6.9,2,15.5,6.9,2,2,7,7
1961,Lai King,21,Tai Wo,73,13.4,6.9,2,15.5,6.9,2,2,7,7
1962,Lai King,21,Fanling,74,15,7.6,2,16.5,7.6,2,2,8,8
1963,Lai King,21,Sheung Shui,75,15,7.6,2,16.5,7.6,2,2,8,8
1964,Lai King,21,Lo Wu,76,46.6,43.7,46.6,49.5,23.7,23.7,23.7,24.5,24.5
1965,Lai King,21,Lok Ma Chau,78,46.6,43.7,46.6,49.5,23.7,23.7,23.7,24.5,24.5
1966,Lai King,21,East Tsim Sha Tsui,80,11,4.9,2,13,4.9,2,2,5,5
1967,Lai King,21,Che Kung Temple,96,11.1,5.6,2,13,5.6,2,2,6,6
1968,Lai King,21,Sha Tin Wai,97,11.1,5.6,2,13,5.6,2,2,6,6
1969,Lai King,21,City One,98,11.1,5.6,2,13,5.6,2,2,6,6
1970,Lai King,21,Shek Mun,99,11.1,5.6,2,13,5.6,2,2,6,6
1971,Lai King,21,Tai Shui Hang,100,13.8,6.7,2,15.5,6.7,2,2,7,7
1972,Lai King,21,Heng On,101,13.8,6.7,2,15.5,6.7,2,2,7,7
1973,Lai King,21,Ma On Shan,102,13.8,6.7,2,15.5,6.7,2,2,7,7
1974,Lai King,21,Wu Kai Sha,103,13.8,6.7,2,15.5,6.7,2,2,7,7
1975,Lai King,21,Austin,111,9.2,4.4,2,10.5,4.4,2,2,4.5,4.5
1976,Lai King,21,Tsuen Wan West,114,5.9,3.7,2,6,3.7,2,2,4,4
1977,Lai King,21,Kam Sheung Road,115,17.5,9.4,2,18.5,9.4,2,2,10.5,10.5
1978,Lai King,21,Yuen Long,116,18.9,10,2,19.5,10,2,2,12,12
1979,Lai King,21,Long Ping,117,18.9,10,2,19.5,10,2,2,12,12
1980,Lai King,21,Tin Shui Wai,118,18.9,10,2,19.5,10,2,2,12,12
1981,Lai King,21,Siu Hong,119,18.9,10,2,19.5,10,2,2,12,12
1982,Lai King,21,Tuen Mun,120,18.9,10,2,19.5,10,2,2,12,12
1983,Lai King,21,Sai Ying Pun,81,15.8,7.4,2,16,7.4,2,2,7.5,7.5
1984,Lai King,21,HKU,82,15.8,7.4,2,16,7.4,2,2,7.5,7.5
1985,Lai King,21,Kennedy Town,83,15.8,7.4,2,16,7.4,2,2,7.5,7.5
1986,Lai King,21,Ho Man Tin,84,9.2,4.4,2,10.5,4.4,2,2,4.5,4.5
1987,Lai King,21,Whampoa,85,11,4.9,2,13,4.9,2,2,5,5
1988,Lai King,21,Ocean Park,86,15.8,7.4,2,16,7.4,2,2,7.5,7.5
1989,Lai King,21,Wong Chuk Hang,87,15.8,7.4,2,16,7.4,2,2,7.5,7.5
1990,Lai King,21,Lei Tung,88,15.8,7.4,2,16,7.4,2,2,7.5,7.5
1991,Lai King,21,South Horizons,89,15.8,7.4,2,16,7.4,2,2,7.5,7.5
1992,Lai King,21,Hin Keng,90,11,5.4,2,13,5.4,2,2,5.5,5.5
1993,Lai King,21,Kai Tak,91,9.2,4.4,2,10.5,4.4,2,2,4.5,4.5
1994,Lai King,21,Sung Wong Toi,92,9.2,4.4,2,10.5,4.4,2,2,4.5,4.5
1995,Lai King,21,To Kwa Wan,93,9.2,4.4,2,10.5,4.4,2,2,4.5,4.5
1996,Kwai Fong,22,Central,1,15.8,7.4,2,16,7.4,2,2,7.5,7.5
1997,Kwai Fong,22,Admiralty,2,15.8,7.4,2,16,7.4,2,2,7.5,7.5
1998,Kwai Fong,22,Tsim Sha Tsui,3,11,4.9,2,13,4.9,2,2,5,5
1999,Kwai Fong,22,Jordan,4,11,4.9,2,13,4.9,2,2,5,5
2000,Kwai Fong,22,Yau Ma Tei,5,9.2,4.4,2,10.5,4.4,2,2,4.5,4.5
2001,Kwai Fong,22,Mong Kok,6,9.2,4.4,2,10.5,4.4,2,2,4.5,4.5
2002,Kwai Fong,22,Shek Kip Mei,7,7.4,3.7,2,7.5,3.7,2,2,4,4
2003,Kwai Fong,22,Kowloon Tong,8,9.2,4.4,2,10.5,4.4,2,2,4.5,4.5
2004,Kwai Fong,22,Lok Fu,9,9.2,4.4,2,10.5,4.4,2,2,4.5,4.5
2005,Kwai Fong,22,Wong Tai Sin,10,9.2,4.4,2,10.5,4.4,2,2,4.5,4.5
2006,Kwai Fong,22,Diamond Hill,11,11,4.9,2,13,4.9,2,2,5,5
2007,Kwai Fong,22,Choi Hung,12,11,4.9,2,13,4.9,2,2,5,5
2008,Kwai Fong,22,Kowloon Bay,13,11,4.9,2,13,4.9,2,2,5,5
2009,Kwai Fong,22,Ngau Tau Kok,14,11,4.9,2,13,4.9,2,2,5,5
2010,Kwai Fong,22,Kwun Tong,15,11,4.9,2,13,4.9,2,2,5,5
2011,Kwai Fong,22,Prince Edward,16,7.4,3.7,2,7.5,3.7,2,2,4,4
2012,Kwai Fong,22,Sham Shui Po,17,7.4,3.7,2,7.5,3.7,2,2,4,4
2013,Kwai Fong,22,Cheung Sha Wan,18,5.9,3.2,2,6,3.2,2,2,3.5,3.5
2014,Kwai Fong,22,Lai Chi Kok,19,5.9,3.2,2,6,3.2,2,2,3.5,3.5
2015,Kwai Fong,22,Mei Foo,20,4.9,3.2,2,5,3.2,2,2,3.5,3.5
2016,Kwai Fong,22,Lai King,21,4.9,3.2,2,5,3.2,2,2,3.5,3.5
2017,Kwai Fong,22,Kwai Fong,22,0,0,0,0,0,0,0,0,0
2018,Kwai Fong,22,Kwai Hing,23,4.9,3.2,2,5,3.2,2,2,3.5,3.5
2019,Kwai Fong,22,Tai Wo Hau,24,4.9,3.2,2,5,3.2,2,2,3.5,3.5
2020,Kwai Fong,22,Tsuen Wan,25,5.9,3.2,2,6,3.2,2,2,3.5,3.5
2021,Kwai Fong,22,Sheung Wan,26,15.8,7.4,2,16,7.4,2,2,7.5,7.5
2022,Kwai Fong,22,Wan Chai,27,15.8,7.4,2,16,7.4,2,2,7.5,7.5
2023,Kwai Fong,22,Causeway Bay,28,15.8,7.4,2,16,7.4,2,2,7.5,7.5
2024,Kwai Fong,22,Tin Hau,29,15.8,7.4,2,16,7.4,2,2,7.5,7.5
2025,Kwai Fong,22,Fortress Hill,30,15.8,7.4,2,16,7.4,2,2,7.5,7.5
2026,Kwai Fong,22,North Point,31,15.8,7.4,2,16,7.4,2,2,7.5,7.5
2027,Kwai Fong,22,Quarry Bay,32,15.8,7.4,2,16,7.4,2,2,7.5,7.5
2028,Kwai Fong,22,Tai Koo,33,15.8,7.4,2,16,7.4,2,2,7.5,7.5
2029,Kwai Fong,22,Sai Wan Ho,34,15.8,7.4,2,16,7.4,2,2,7.5,7.5
2030,Kwai Fong,22,Shau Kei Wan,35,15.8,7.4,2,16,7.4,2,2,7.5,7.5
2031,Kwai Fong,22,Heng Fa Chuen,36,15.8,7.4,2,16,7.4,2,2,7.5,7.5
2032,Kwai Fong,22,Chai Wan,37,15.8,7.4,2,16,7.4,2,2,7.5,7.5
2033,Kwai Fong,22,Lam Tin,38,11,4.9,2,13,4.9,2,2,5,5
2034,Kwai Fong,22,Hong Kong,39,15.8,7.4,2,16,7.4,2,2,7.5,7.5
2035,Kwai Fong,22,Kowloon,40,11,4.9,2,13,4.9,2,2,5,5
2036,Kwai Fong,22,Olympic,41,9.2,4.4,2,10.5,4.4,2,2,4.5,4.5
2037,Kwai Fong,22,Tsing Yi,42,4.9,3.2,2,5,3.2,2,2,3.5,3.5
2038,Kwai Fong,22,Tung Chung,43,15.9,7.7,2,17,7.7,2,2,8,8
2039,Kwai Fong,22,Yau Tong,48,11,4.9,2,13,4.9,2,2,5,5
2040,Kwai Fong,22,Tiu Keng Leng,49,11,4.9,2,13,4.9,2,2,5,5
2041,Kwai Fong,22,Tseung Kwan O,50,11,4.9,2,13,4.9,2,2,5,5
2042,Kwai Fong,22,Hang Hau,51,13.2,6.5,2,15.5,6.5,2,2,6.5,6.5
2043,Kwai Fong,22,Po Lam,52,13.2,6.5,2,15.5,6.5,2,2,6.5,6.5
2044,Kwai Fong,22,Nam Cheong,53,7.4,3.7,2,7.5,3.7,2,2,4,4
2045,Kwai Fong,22,Sunny Bay,54,13.2,6.5,2,15.5,6.5,2,2,6.5,6.5
2046,Kwai Fong,22,Disneyland Resort,55,18.7,9.4,2,21,9.4,2,2,10.5,10.5
2047,Kwai Fong,22,LOHAS Park,57,13.2,6.5,2,15.5,6.5,2,2,6.5,6.5
2048,Kwai Fong,22,Hung Hom,64,10,4.6,2,12.5,4.6,2,2,5,5
2049,Kwai Fong,22,Mong Kok East,65,10,4.6,2,12.5,4.6,2,2,5,5
2050,Kwai Fong,22,Tai Wai,67,12.3,5.9,2,14,5.9,2,2,6,6
2051,Kwai Fong,22,Sha Tin,68,12.3,5.9,2,14,5.9,2,2,6,6
2052,Kwai Fong,22,Fo Tan,69,12.6,6.2,2,15.5,6.2,2,2,6.5,6.5
2053,Kwai Fong,22,Racecourse,70,21.8,11,21.8,25.5,11,2,2,13.5,13.5
2054,Kwai Fong,22,University,71,13.3,6.5,2,15.5,6.5,2,2,6.5,6.5
2055,Kwai Fong,22,Tai Po Market,72,15,7.5,2,17,7.5,2,2,7.5,7.5
2056,Kwai Fong,22,Tai Wo,73,15,7.5,2,17,7.5,2,2,7.5,7.5
2057,Kwai Fong,22,Fanling,74,17.4,8.7,2,19.5,8.7,2,2,10,10
2058,Kwai Fong,22,Sheung Shui,75,17.4,8.7,2,19.5,8.7,2,2,10,10
2059,Kwai Fong,22,Lo Wu,76,48.2,44.3,48.2,52,24.4,24.4,24.4,26.5,26.5
2060,Kwai Fong,22,Lok Ma Chau,78,48.2,44.3,48.2,52,24.4,24.4,24.4,26.5,26.5
2061,Kwai Fong,22,East Tsim Sha Tsui,80,11,4.9,2,13,4.9,2,2,5,5
2062,Kwai Fong,22,Che Kung Temple,96,12.3,6,2,15,6,2,2,6,6
2063,Kwai Fong,22,Sha Tin Wai,97,12.3,6,2,15,6,2,2,6,6
2064,Kwai Fong,22,City One,98,12.3,6,2,15,6,2,2,6,6
2065,Kwai Fong,22,Shek Mun,99,12.3,6,2,15,6,2,2,6,6
2066,Kwai Fong,22,Tai Shui Hang,100,15.9,7.6,2,17,7.6,2,2,8,8
2067,Kwai Fong,22,Heng On,101,15.9,7.6,2,17,7.6,2,2,8,8
2068,Kwai Fong,22,Ma On Shan,102,15.9,7.6,2,17,7.6,2,2,8,8
2069,Kwai Fong,22,Wu Kai Sha,103,15.9,7.6,2,17,7.6,2,2,8,8
2070,Kwai Fong,22,Austin,111,11,4.9,2,13,4.9,2,2,5,5
2071,Kwai Fong,22,Tsuen Wan West,114,5.9,3.7,2,6,3.7,2,2,4,4
2072,Kwai Fong,22,Kam Sheung Road,115,17.5,9.4,2,18.5,9.4,2,2,10.5,10.5
2073,Kwai Fong,22,Yuen Long,116,18.9,10,2,19.5,10,2,2,12,12
2074,Kwai Fong,22,Long Ping,117,18.9,10,2,19.5,10,2,2,12,12
2075,Kwai Fong,22,Tin Shui Wai,118,18.9,10,2,19.5,10,2,2,12,12
2076,Kwai Fong,22,Siu Hong,119,18.9,10,2,19.5,10,2,2,12,12
2077,Kwai Fong,22,Tuen Mun,120,18.9,10,2,19.5,10,2,2,12,12
2078,Kwai Fong,22,Sai Ying Pun,81,15.8,7.4,2,16,7.4,2,2,7.5,7.5
2079,Kwai Fong,22,HKU,82,15.8,7.4,2,16,7.4,2,2,7.5,7.5
2080,Kwai Fong,22,Kennedy Town,83,15.8,7.4,2,16,7.4,2,2,7.5,7.5
2081,Kwai Fong,22,Ho Man Tin,84,11,4.9,2,13,4.9,2,2,5,5
2082,Kwai Fong,22,Whampoa,85,11,4.9,2,13,4.9,2,2,5,5
2083,Kwai Fong,22,Ocean Park,86,15.8,7.4,2,16,7.4,2,2,7.5,7.5
2084,Kwai Fong,22,Wong Chuk Hang,87,15.8,7.4,2,16,7.4,2,2,7.5,7.5
2085,Kwai Fong,22,Lei Tung,88,15.8,7.4,2,16,7.4,2,2,7.5,7.5
2086,Kwai Fong,22,South Horizons,89,15.8,7.4,2,16,7.4,2,2,7.5,7.5
2087,Kwai Fong,22,Hin Keng,90,12.3,5.9,2,14,5.9,2,2,6,6
2088,Kwai Fong,22,Kai Tak,91,11,4.9,2,13,4.9,2,2,5,5
2089,Kwai Fong,22,Sung Wong Toi,92,11,4.9,2,13,4.9,2,2,5,5
2090,Kwai Fong,22,To Kwa Wan,93,11,4.9,2,13,4.9,2,2,5,5
2091,Kwai Hing,23,Central,1,15.8,7.4,2,16,7.4,2,2,7.5,7.5
2092,Kwai Hing,23,Admiralty,2,15.8,7.4,2,16,7.4,2,2,7.5,7.5
2093,Kwai Hing,23,Tsim Sha Tsui,3,11,4.9,2,13,4.9,2,2,5,5
2094,Kwai Hing,23,Jordan,4,11,4.9,2,13,4.9,2,2,5,5
2095,Kwai Hing,23,Yau Ma Tei,5,11,4.9,2,13,4.9,2,2,5,5
2096,Kwai Hing,23,Mong Kok,6,9.2,4.4,2,10.5,4.4,2,2,4.5,4.5
2097,Kwai Hing,23,Shek Kip Mei,7,9.2,4.4,2,10.5,4.4,2,2,4.5,4.5
2098,Kwai Hing,23,Kowloon Tong,8,9.2,4.4,2,10.5,4.4,2,2,4.5,4.5
2099,Kwai Hing,23,Lok Fu,9,9.2,4.4,2,10.5,4.4,2,2,4.5,4.5
2100,Kwai Hing,23,Wong Tai Sin,10,11,4.9,2,13,4.9,2,2,5,5
2101,Kwai Hing,23,Diamond Hill,11,11,4.9,2,13,4.9,2,2,5,5
2102,Kwai Hing,23,Choi Hung,12,11,4.9,2,13,4.9,2,2,5,5
2103,Kwai Hing,23,Kowloon Bay,13,11,4.9,2,13,4.9,2,2,5,5
2104,Kwai Hing,23,Ngau Tau Kok,14,11,4.9,2,13,4.9,2,2,5,5
2105,Kwai Hing,23,Kwun Tong,15,11,4.9,2,13,4.9,2,2,5,5
2106,Kwai Hing,23,Prince Edward,16,9.2,4.4,2,10.5,4.4,2,2,4.5,4.5
2107,Kwai Hing,23,Sham Shui Po,17,7.4,3.7,2,7.5,3.7,2,2,4,4
2108,Kwai Hing,23,Cheung Sha Wan,18,7.4,3.7,2,7.5,3.7,2,2,4,4
2109,Kwai Hing,23,Lai Chi Kok,19,5.9,3.2,2,6,3.2,2,2,3.5,3.5
2110,Kwai Hing,23,Mei Foo,20,5.9,3.2,2,6,3.2,2,2,3.5,3.5
2111,Kwai Hing,23,Lai King,21,4.9,3.2,2,5,3.2,2,2,3.5,3.5
2112,Kwai Hing,23,Kwai Fong,22,4.9,3.2,2,5,3.2,2,2,3.5,3.5
2113,Kwai Hing,23,Kwai Hing,23,0,0,0,0,0,0,0,0,0
2114,Kwai Hing,23,Tai Wo Hau,24,4.9,3.2,2,5,3.2,2,2,3.5,3.5
2115,Kwai Hing,23,Tsuen Wan,25,4.9,3.2,2,5,3.2,2,2,3.5,3.5
2116,Kwai Hing,23,Sheung Wan,26,15.8,7.4,2,16,7.4,2,2,7.5,7.5
2117,Kwai Hing,23,Wan Chai,27,15.8,7.4,2,16,7.4,2,2,7.5,7.5
2118,Kwai Hing,23,Causeway Bay,28,15.8,7.4,2,16,7.4,2,2,7.5,7.5
2119,Kwai Hing,23,Tin Hau,29,15.8,7.4,2,16,7.4,2,2,7.5,7.5
2120,Kwai Hing,23,Fortress Hill,30,15.8,7.4,2,16,7.4,2,2,7.5,7.5
2121,Kwai Hing,23,North Point,31,15.8,7.4,2,16,7.4,2,2,7.5,7.5
2122,Kwai Hing,23,Quarry Bay,32,15.8,7.4,2,16,7.4,2,2,7.5,7.5
2123,Kwai Hing,23,Tai Koo,33,15.8,7.4,2,16,7.4,2,2,7.5,7.5
2124,Kwai Hing,23,Sai Wan Ho,34,15.8,7.4,2,16,7.4,2,2,7.5,7.5
2125,Kwai Hing,23,Shau Kei Wan,35,15.8,7.4,2,16,7.4,2,2,7.5,7.5
2126,Kwai Hing,23,Heng Fa Chuen,36,15.8,7.4,2,16,7.4,2,2,7.5,7.5
2127,Kwai Hing,23,Chai Wan,37,15.8,7.4,2,16,7.4,2,2,7.5,7.5
2128,Kwai Hing,23,Lam Tin,38,11,4.9,2,13,4.9,2,2,5,5
2129,Kwai Hing,23,Hong Kong,39,15.8,7.4,2,16,7.4,2,2,7.5,7.5
2130,Kwai Hing,23,Kowloon,40,11,4.9,2,13,4.9,2,2,5,5
2131,Kwai Hing,23,Olympic,41,9.2,4.4,2,10.5,4.4,2,2,4.5,4.5
2132,Kwai Hing,23,Tsing Yi,42,4.9,3.2,2,5,3.2,2,2,3.5,3.5
2133,Kwai Hing,23,Tung Chung,43,15.9,7.7,2,17,7.7,2,2,8,8
2134,Kwai Hing,23,Yau Tong,48,11,4.9,2,13,4.9,2,2,5,5
2135,Kwai Hing,23,Tiu Keng Leng,49,11,4.9,2,13,4.9,2,2,5,5
2136,Kwai Hing,23,Tseung Kwan O,50,13.2,6.5,2,15.5,6.5,2,2,6.5,6.5
2137,Kwai Hing,23,Hang Hau,51,13.2,6.5,2,15.5,6.5,2,2,6.5,6.5
2138,Kwai Hing,23,Po Lam,52,13.2,6.5,2,15.5,6.5,2,2,6.5,6.5
2139,Kwai Hing,23,Nam Cheong,53,7.4,3.7,2,7.5,3.7,2,2,4,4
2140,Kwai Hing,23,Sunny Bay,54,13.2,6.5,2,15.5,6.5,2,2,6.5,6.5
2141,Kwai Hing,23,Disneyland Resort,55,18.7,9.4,2,21,9.4,2,2,10.5,10.5
2142,Kwai Hing,23,LOHAS Park,57,13.2,6.5,2,15.5,6.5,2,2,6.5,6.5
2143,Kwai Hing,23,Hung Hom,64,10,4.6,2,12.5,4.6,2,2,5,5
2144,Kwai Hing,23,Mong Kok East,65,10,4.6,2,12.5,4.6,2,2,5,5
2145,Kwai Hing,23,Tai Wai,67,12.3,5.9,2,14,5.9,2,2,6,6
2146,Kwai Hing,23,Sha Tin,68,12.3,5.9,2,14,5.9,2,2,6,6
2147,Kwai Hing,23,Fo Tan,69,12.6,6.2,2,15.5,6.2,2,2,6.5,6.5
2148,Kwai Hing,23,Racecourse,70,21.8,11,21.8,25.5,11,2,2,13.5,13.5
2149,Kwai Hing,23,University,71,13.3,6.5,2,15.5,6.5,2,2,6.5,6.5
2150,Kwai Hing,23,Tai Po Market,72,15,7.5,2,17,7.5,2,2,7.5,7.5
2151,Kwai Hing,23,Tai Wo,73,15,7.5,2,17,7.5,2,2,7.5,7.5
2152,Kwai Hing,23,Fanling,74,17.4,8.7,2,19.5,8.7,2,2,10,10
2153,Kwai Hing,23,Sheung Shui,75,17.4,8.7,2,19.5,8.7,2,2,10,10
2154,Kwai Hing,23,Lo Wu,76,48.2,44.3,48.2,52,24.4,24.4,24.4,26.5,26.5
2155,Kwai Hing,23,Lok Ma Chau,78,48.2,44.3,48.2,52,24.4,24.4,24.4,26.5,26.5
2156,Kwai Hing,23,East Tsim Sha Tsui,80,11,4.9,2,13,4.9,2,2,5,5
2157,Kwai Hing,23,Che Kung Temple,96,12.3,6,2,15,6,2,2,6,6
2158,Kwai Hing,23,Sha Tin Wai,97,12.3,6,2,15,6,2,2,6,6
2159,Kwai Hing,23,City One,98,12.3,6,2,15,6,2,2,6,6
2160,Kwai Hing,23,Shek Mun,99,12.3,6,2,15,6,2,2,6,6
2161,Kwai Hing,23,Tai Shui Hang,100,15.9,7.6,2,17,7.6,2,2,8,8
2162,Kwai Hing,23,Heng On,101,15.9,7.6,2,17,7.6,2,2,8,8
2163,Kwai Hing,23,Ma On Shan,102,15.9,7.6,2,17,7.6,2,2,8,8
2164,Kwai Hing,23,Wu Kai Sha,103,15.9,7.6,2,17,7.6,2,2,8,8
2165,Kwai Hing,23,Austin,111,11,4.9,2,13,4.9,2,2,5,5
2166,Kwai Hing,23,Tsuen Wan West,114,5.9,3.2,2,6,3.2,2,2,3.5,3.5
2167,Kwai Hing,23,Kam Sheung Road,115,18.7,9.4,2,19.5,9.4,2,2,10.5,10.5
2168,Kwai Hing,23,Yuen Long,116,20.7,10.4,2,21.5,10.4,2,2,12.5,12.5
2169,Kwai Hing,23,Long Ping,117,20.7,10.4,2,21.5,10.4,2,2,12.5,12.5
2170,Kwai Hing,23,Tin Shui Wai,118,20.7,10.4,2,21.5,10.4,2,2,12.5,12.5
2171,Kwai Hing,23,Siu Hong,119,20.7,10.4,2,21.5,10.4,2,2,12.5,12.5
2172,Kwai Hing,23,Tuen Mun,120,20.7,10.4,2,21.5,10.4,2,2,12.5,12.5
2173,Kwai Hing,23,Sai Ying Pun,81,15.8,7.4,2,16,7.4,2,2,7.5,7.5
2174,Kwai Hing,23,HKU,82,15.8,7.4,2,16,7.4,2,2,7.5,7.5
2175,Kwai Hing,23,Kennedy Town,83,15.8,7.4,2,16,7.4,2,2,7.5,7.5
2176,Kwai Hing,23,Ho Man Tin,84,11,4.9,2,13,4.9,2,2,5,5
2177,Kwai Hing,23,Whampoa,85,11,4.9,2,13,4.9,2,2,5,5
2178,Kwai Hing,23,Ocean Park,86,15.8,7.4,2,16,7.4,2,2,7.5,7.5
2179,Kwai Hing,23,Wong Chuk Hang,87,15.8,7.4,2,16,7.4,2,2,7.5,7.5
2180,Kwai Hing,23,Lei Tung,88,15.8,7.4,2,16,7.4,2,2,7.5,7.5
2181,Kwai Hing,23,South Horizons,89,15.8,7.4,2,16,7.4,2,2,7.5,7.5
2182,Kwai Hing,23,Hin Keng,90,12.3,5.9,2,14,5.9,2,2,6,6
2183,Kwai Hing,23,Kai Tak,91,11,4.9,2,13,4.9,2,2,5,5
2184,Kwai Hing,23,Sung Wong Toi,92,11,4.9,2,13,4.9,2,2,5,5
2185,Kwai Hing,23,To Kwa Wan,93,11,4.9,2,13,4.9,2,2,5,5
2186,Tai Wo Hau,24,Central,1,15.8,7.4,2,16,7.4,2,2,7.5,7.5
2187,Tai Wo Hau,24,Admiralty,2,15.8,7.4,2,16,7.4,2,2,7.5,7.5
2188,Tai Wo Hau,24,Tsim Sha Tsui,3,11,4.9,2,13,4.9,2,2,5,5
2189,Tai Wo Hau,24,Jordan,4,11,4.9,2,13,4.9,2,2,5,5
2190,Tai Wo Hau,24,Yau Ma Tei,5,11,4.9,2,13,4.9,2,2,5,5
2191,Tai Wo Hau,24,Mong Kok,6,9.2,4.4,2,10.5,4.4,2,2,4.5,4.5
2192,Tai Wo Hau,24,Shek Kip Mei,7,9.2,4.4,2,10.5,4.4,2,2,4.5,4.5
2193,Tai Wo Hau,24,Kowloon Tong,8,9.2,4.4,2,10.5,4.4,2,2,4.5,4.5
2194,Tai Wo Hau,24,Lok Fu,9,11,4.9,2,13,4.9,2,2,5,5
2195,Tai Wo Hau,24,Wong Tai Sin,10,11,4.9,2,13,4.9,2,2,5,5
2196,Tai Wo Hau,24,Diamond Hill,11,11,4.9,2,13,4.9,2,2,5,5
2197,Tai Wo Hau,24,Choi Hung,12,11,4.9,2,13,4.9,2,2,5,5
2198,Tai Wo Hau,24,Kowloon Bay,13,11,4.9,2,13,4.9,2,2,5,5
2199,Tai Wo Hau,24,Ngau Tau Kok,14,11,4.9,2,13,4.9,2,2,5,5
2200,Tai Wo Hau,24,Kwun Tong,15,11,4.9,2,13,4.9,2,2,5,5
2201,Tai Wo Hau,24,Prince Edward,16,9.2,4.4,2,10.5,4.4,2,2,4.5,4.5
2202,Tai Wo Hau,24,Sham Shui Po,17,9.2,4.4,2,10.5,4.4,2,2,4.5,4.5
2203,Tai Wo Hau,24,Cheung Sha Wan,18,7.4,3.7,2,7.5,3.7,2,2,4,4
2204,Tai Wo Hau,24,Lai Chi Kok,19,7.4,3.7,2,7.5,3.7,2,2,4,4
2205,Tai Wo Hau,24,Mei Foo,20,5.9,3.2,2,6,3.2,2,2,3.5,3.5
2206,Tai Wo Hau,24,Lai King,21,5.9,3.2,2,6,3.2,2,2,3.5,3.5
2207,Tai Wo Hau,24,Kwai Fong,22,4.9,3.2,2,5,3.2,2,2,3.5,3.5
2208,Tai Wo Hau,24,Kwai Hing,23,4.9,3.2,2,5,3.2,2,2,3.5,3.5
2209,Tai Wo Hau,24,Tai Wo Hau,24,0,0,0,0,0,0,0,0,0
2210,Tai Wo Hau,24,Tsuen Wan,25,4.9,3.2,2,5,3.2,2,2,3.5,3.5
2211,Tai Wo Hau,24,Sheung Wan,26,15.8,7.4,2,16,7.4,2,2,7.5,7.5
2212,Tai Wo Hau,24,Wan Chai,27,15.8,7.4,2,16,7.4,2,2,7.5,7.5
2213,Tai Wo Hau,24,Causeway Bay,28,15.8,7.4,2,16,7.4,2,2,7.5,7.5
2214,Tai Wo Hau,24,Tin Hau,29,15.8,7.4,2,16,7.4,2,2,7.5,7.5
2215,Tai Wo Hau,24,Fortress Hill,30,15.8,7.4,2,16,7.4,2,2,7.5,7.5
2216,Tai Wo Hau,24,North Point,31,15.8,7.4,2,16,7.4,2,2,7.5,7.5
2217,Tai Wo Hau,24,Quarry Bay,32,15.8,7.4,2,16,7.4,2,2,7.5,7.5
2218,Tai Wo Hau,24,Tai Koo,33,15.8,7.4,2,16,7.4,2,2,7.5,7.5
2219,Tai Wo Hau,24,Sai Wan Ho,34,15.8,7.4,2,16,7.4,2,2,7.5,7.5
2220,Tai Wo Hau,24,Shau Kei Wan,35,15.8,7.4,2,16,7.4,2,2,7.5,7.5
2221,Tai Wo Hau,24,Heng Fa Chuen,36,15.8,7.4,2,16,7.4,2,2,7.5,7.5
2222,Tai Wo Hau,24,Chai Wan,37,15.8,7.4,2,16,7.4,2,2,7.5,7.5
2223,Tai Wo Hau,24,Lam Tin,38,11,4.9,2,13,4.9,2,2,5,5
2224,Tai Wo Hau,24,Hong Kong,39,15.8,7.4,2,16,7.4,2,2,7.5,7.5
2225,Tai Wo Hau,24,Kowloon,40,11,4.9,2,13,4.9,2,2,5,5
2226,Tai Wo Hau,24,Olympic,41,9.2,4.4,2,10.5,4.4,2,2,4.5,4.5
2227,Tai Wo Hau,24,Tsing Yi,42,4.9,3.2,2,5,3.2,2,2,3.5,3.5
2228,Tai Wo Hau,24,Tung Chung,43,15.9,7.7,2,17,7.7,2,2,8,8
2229,Tai Wo Hau,24,Yau Tong,48,11,4.9,2,13,4.9,2,2,5,5
2230,Tai Wo Hau,24,Tiu Keng Leng,49,13.2,6.5,2,15.5,6.5,2,2,6.5,6.5
2231,Tai Wo Hau,24,Tseung Kwan O,50,13.2,6.5,2,15.5,6.5,2,2,6.5,6.5
2232,Tai Wo Hau,24,Hang Hau,51,13.2,6.5,2,15.5,6.5,2,2,6.5,6.5
2233,Tai Wo Hau,24,Po Lam,52,13.2,6.5,2,15.5,6.5,2,2,6.5,6.5
2234,Tai Wo Hau,24,Nam Cheong,53,9.2,4.4,2,10.5,4.4,2,2,4.5,4.5
2235,Tai Wo Hau,24,Sunny Bay,54,13.2,6.5,2,15.5,6.5,2,2,6.5,6.5
2236,Tai Wo Hau,24,Disneyland Resort,55,18.7,9.4,2,21,9.4,2,2,10.5,10.5
2237,Tai Wo Hau,24,LOHAS Park,57,13.2,6.5,2,15.5,6.5,2,2,6.5,6.5
2238,Tai Wo Hau,24,Hung Hom,64,10,4.6,2,12.5,4.6,2,2,5,5
2239,Tai Wo Hau,24,Mong Kok East,65,10,4.6,2,12.5,4.6,2,2,5,5
2240,Tai Wo Hau,24,Tai Wai,67,12.3,5.9,2,14,5.9,2,2,6,6
2241,Tai Wo Hau,24,Sha Tin,68,12.3,5.9,2,14,5.9,2,2,6,6
2242,Tai Wo Hau,24,Fo Tan,69,12.6,6.2,2,15.5,6.2,2,2,6.5,6.5
2243,Tai Wo Hau,24,Racecourse,70,21.8,11,21.8,25.5,11,2,2,13.5,13.5
2244,Tai Wo Hau,24,University,71,13.3,6.5,2,15.5,6.5,2,2,6.5,6.5
2245,Tai Wo Hau,24,Tai Po Market,72,15,7.5,2,17,7.5,2,2,7.5,7.5
2246,Tai Wo Hau,24,Tai Wo,73,15,7.5,2,17,7.5,2,2,7.5,7.5
2247,Tai Wo Hau,24,Fanling,74,17.4,8.7,2,19.5,8.7,2,2,10,10
2248,Tai Wo Hau,24,Sheung Shui,75,17.4,8.7,2,19.5,8.7,2,2,10,10
2249,Tai Wo Hau,24,Lo Wu,76,48.2,44.3,48.2,52,24.4,24.4,24.4,26.5,26.5
2250,Tai Wo Hau,24,Lok Ma Chau,78,48.2,44.3,48.2,52,24.4,24.4,24.4,26.5,26.5
2251,Tai Wo Hau,24,East Tsim Sha Tsui,80,11,4.9,2,13,4.9,2,2,5,5
2252,Tai Wo Hau,24,Che Kung Temple,96,12.3,6,2,15,6,2,2,6,6
2253,Tai Wo Hau,24,Sha Tin Wai,97,12.3,6,2,15,6,2,2,6,6
2254,Tai Wo Hau,24,City One,98,12.3,6,2,15,6,2,2,6,6
2255,Tai Wo Hau,24,Shek Mun,99,12.3,6,2,15,6,2,2,6,6
2256,Tai Wo Hau,24,Tai Shui Hang,100,15.9,7.6,2,17,7.6,2,2,8,8
2257,Tai Wo Hau,24,Heng On,101,15.9,7.6,2,17,7.6,2,2,8,8
2258,Tai Wo Hau,24,Ma On Shan,102,15.9,7.6,2,17,7.6,2,2,8,8
2259,Tai Wo Hau,24,Wu Kai Sha,103,15.9,7.6,2,17,7.6,2,2,8,8
2260,Tai Wo Hau,24,Austin,111,11,4.9,2,13,4.9,2,2,5,5
2261,Tai Wo Hau,24,Tsuen Wan West,114,4.9,2.6,2,5,2.6,2,2,3,3
2262,Tai Wo Hau,24,Kam Sheung Road,115,18.7,9.4,2,19.5,9.4,2,2,10.5,10.5
2263,Tai Wo Hau,24,Yuen Long,116,20.7,10.4,2,21.5,10.4,2,2,12.5,12.5
2264,Tai Wo Hau,24,Long Ping,117,20.7,10.4,2,21.5,10.4,2,2,12.5,12.5
2265,Tai Wo Hau,24,Tin Shui Wai,118,20.7,10.4,2,21.5,10.4,2,2,12.5,12.5
2266,Tai Wo Hau,24,Siu Hong,119,20.7,10.4,2,21.5,10.4,2,2,12.5,12.5
2267,Tai Wo Hau,24,Tuen Mun,120,20.7,10.4,2,21.5,10.4,2,2,12.5,12.5
2268,Tai Wo Hau,24,Sai Ying Pun,81,15.8,7.4,2,16,7.4,2,2,7.5,7.5
2269,Tai Wo Hau,24,HKU,82,15.8,7.4,2,16,7.4,2,2,7.5,7.5
2270,Tai Wo Hau,24,Kennedy Town,83,15.8,7.4,2,16,7.4,2,2,7.5,7.5
2271,Tai Wo Hau,24,Ho Man Tin,84,11,4.9,2,13,4.9,2,2,5,5
2272,Tai Wo Hau,24,Whampoa,85,11,4.9,2,13,4.9,2,2,5,5
2273,Tai Wo Hau,24,Ocean Park,86,15.8,7.4,2,16,7.4,2,2,7.5,7.5
2274,Tai Wo Hau,24,Wong Chuk Hang,87,15.8,7.4,2,16,7.4,2,2,7.5,7.5
2275,Tai Wo Hau,24,Lei Tung,88,15.8,7.4,2,16,7.4,2,2,7.5,7.5
2276,Tai Wo Hau,24,South Horizons,89,15.8,7.4,2,16,7.4,2,2,7.5,7.5
2277,Tai Wo Hau,24,Hin Keng,90,12.3,5.9,2,14,5.9,2,2,6,6
2278,Tai Wo Hau,24,Kai Tak,91,11,4.9,2,13,4.9,2,2,5,5
2279,Tai Wo Hau,24,Sung Wong Toi,92,11,4.9,2,13,4.9,2,2,5,5
2280,Tai Wo Hau,24,To Kwa Wan,93,11,4.9,2,13,4.9,2,2,5,5
2281,Tsuen Wan,25,Central,1,15.8,7.4,2,16,7.4,2,2,7.5,7.5
2282,Tsuen Wan,25,Admiralty,2,15.8,7.4,2,16,7.4,2,2,7.5,7.5
2283,Tsuen Wan,25,Tsim Sha Tsui,3,11,4.9,2,13,4.9,2,2,5,5
2284,Tsuen Wan,25,Jordan,4,11,4.9,2,13,4.9,2,2,5,5
2285,Tsuen Wan,25,Yau Ma Tei,5,11,4.9,2,13,4.9,2,2,5,5
2286,Tsuen Wan,25,Mong Kok,6,9.2,4.4,2,10.5,4.4,2,2,4.5,4.5
2287,Tsuen Wan,25,Shek Kip Mei,7,9.2,4.4,2,10.5,4.4,2,2,4.5,4.5
2288,Tsuen Wan,25,Kowloon Tong,8,9.2,4.4,2,10.5,4.4,2,2,4.5,4.5
2289,Tsuen Wan,25,Lok Fu,9,11,4.9,2,13,4.9,2,2,5,5
2290,Tsuen Wan,25,Wong Tai Sin,10,11,4.9,2,13,4.9,2,2,5,5
2291,Tsuen Wan,25,Diamond Hill,11,11,4.9,2,13,4.9,2,2,5,5
2292,Tsuen Wan,25,Choi Hung,12,11,4.9,2,13,4.9,2,2,5,5
2293,Tsuen Wan,25,Kowloon Bay,13,11,4.9,2,13,4.9,2,2,5,5
2294,Tsuen Wan,25,Ngau Tau Kok,14,11,4.9,2,13,4.9,2,2,5,5
2295,Tsuen Wan,25,Kwun Tong,15,11,4.9,2,13,4.9,2,2,5,5
2296,Tsuen Wan,25,Prince Edward,16,9.2,4.4,2,10.5,4.4,2,2,4.5,4.5
2297,Tsuen Wan,25,Sham Shui Po,17,9.2,4.4,2,10.5,4.4,2,2,4.5,4.5
2298,Tsuen Wan,25,Cheung Sha Wan,18,9.2,4.4,2,10.5,4.4,2,2,4.5,4.5
2299,Tsuen Wan,25,Lai Chi Kok,19,7.4,3.7,2,7.5,3.7,2,2,4,4
2300,Tsuen Wan,25,Mei Foo,20,7.4,3.7,2,7.5,3.7,2,2,4,4
2301,Tsuen Wan,25,Lai King,21,5.9,3.2,2,6,3.2,2,2,3.5,3.5
2302,Tsuen Wan,25,Kwai Fong,22,5.9,3.2,2,6,3.2,2,2,3.5,3.5
2303,Tsuen Wan,25,Kwai Hing,23,4.9,3.2,2,5,3.2,2,2,3.5,3.5
2304,Tsuen Wan,25,Tai Wo Hau,24,4.9,3.2,2,5,3.2,2,2,3.5,3.5
2305,Tsuen Wan,25,Tsuen Wan,25,0,0,0,0,0,0,0,0,0
2306,Tsuen Wan,25,Sheung Wan,26,15.8,7.4,2,16,7.4,2,2,7.5,7.5
2307,Tsuen Wan,25,Wan Chai,27,15.8,7.4,2,16,7.4,2,2,7.5,7.5
2308,Tsuen Wan,25,Causeway Bay,28,15.8,7.4,2,16,7.4,2,2,7.5,7.5
2309,Tsuen Wan,25,Tin Hau,29,15.8,7.4,2,16,7.4,2,2,7.5,7.5
2310,Tsuen Wan,25,Fortress Hill,30,15.8,7.4,2,16,7.4,2,2,7.5,7.5
2311,Tsuen Wan,25,North Point,31,15.8,7.4,2,16,7.4,2,2,7.5,7.5
2312,Tsuen Wan,25,Quarry Bay,32,15.8,7.4,2,16,7.4,2,2,7.5,7.5
2313,Tsuen Wan,25,Tai Koo,33,15.8,7.4,2,16,7.4,2,2,7.5,7.5
2314,Tsuen Wan,25,Sai Wan Ho,34,15.8,7.4,2,16,7.4,2,2,7.5,7.5
2315,Tsuen Wan,25,Shau Kei Wan,35,15.8,7.4,2,16,7.4,2,2,7.5,7.5
2316,Tsuen Wan,25,Heng Fa Chuen,36,15.8,7.4,2,16,7.4,2,2,7.5,7.5
2317,Tsuen Wan,25,Chai Wan,37,15.8,7.4,2,16,7.4,2,2,7.5,7.5
2318,Tsuen Wan,25,Lam Tin,38,11,4.9,2,13,4.9,2,2,5,5
2319,Tsuen Wan,25,Hong Kong,39,15.8,7.4,2,16,7.4,2,2,7.5,7.5
2320,Tsuen Wan,25,Kowloon,40,11,4.9,2,13,4.9,2,2,5,5
2321,Tsuen Wan,25,Olympic,41,9.2,4.4,2,10.5,4.4,2,2,4.5,4.5
2322,Tsuen Wan,25,Tsing Yi,42,4.9,3.2,2,5,3.2,2,2,3.5,3.5
2323,Tsuen Wan,25,Tung Chung,43,15.9,7.7,2,17,7.7,2,2,8,8
2324,Tsuen Wan,25,Yau Tong,48,13.2,6.5,2,15.5,6.5,2,2,6.5,6.5
2325,Tsuen Wan,25,Tiu Keng Leng,49,13.2,6.5,2,15.5,6.5,2,2,6.5,6.5
2326,Tsuen Wan,25,Tseung Kwan O,50,13.2,6.5,2,15.5,6.5,2,2,6.5,6.5
2327,Tsuen Wan,25,Hang Hau,51,13.2,6.5,2,15.5,6.5,2,2,6.5,6.5
2328,Tsuen Wan,25,Po Lam,52,13.2,6.5,2,15.5,6.5,2,2,6.5,6.5
2329,Tsuen Wan,25,Nam Cheong,53,9.2,4.4,2,10.5,4.4,2,2,4.5,4.5
2330,Tsuen Wan,25,Sunny Bay,54,13.2,6.5,2,15.5,6.5,2,2,6.5,6.5
2331,Tsuen Wan,25,Disneyland Resort,55,18.7,9.4,2,21,9.4,2,2,10.5,10.5
2332,Tsuen Wan,25,LOHAS Park,57,13.2,6.5,2,15.5,6.5,2,2,6.5,6.5
2333,Tsuen Wan,25,Hung Hom,64,10,4.6,2,12.5,4.6,2,2,5,5
2334,Tsuen Wan,25,Mong Kok East,65,10,4.6,2,12.5,4.6,2,2,5,5
2335,Tsuen Wan,25,Tai Wai,67,12.3,5.9,2,14,5.9,2,2,6,6
2336,Tsuen Wan,25,Sha Tin,68,12.3,5.9,2,14,5.9,2,2,6,6
2337,Tsuen Wan,25,Fo Tan,69,12.6,6.2,2,15.5,6.2,2,2,6.5,6.5
2338,Tsuen Wan,25,Racecourse,70,21.8,11,21.8,25.5,11,2,2,13.5,13.5
2339,Tsuen Wan,25,University,71,13.3,6.5,2,15.5,6.5,2,2,6.5,6.5
2340,Tsuen Wan,25,Tai Po Market,72,15,7.5,2,17,7.5,2,2,7.5,7.5
2341,Tsuen Wan,25,Tai Wo,73,15,7.5,2,17,7.5,2,2,7.5,7.5
2342,Tsuen Wan,25,Fanling,74,17.4,8.7,2,19.5,8.7,2,2,10,10
2343,Tsuen Wan,25,Sheung Shui,75,17.4,8.7,2,19.5,8.7,2,2,10,10
2344,Tsuen Wan,25,Lo Wu,76,48.2,44.3,48.2,52,24.4,24.4,24.4,26.5,26.5
2345,Tsuen Wan,25,Lok Ma Chau,78,48.2,44.3,48.2,52,24.4,24.4,24.4,26.5,26.5
2346,Tsuen Wan,25,East Tsim Sha Tsui,80,11,4.9,2,13,4.9,2,2,5,5
2347,Tsuen Wan,25,Che Kung Temple,96,12.3,6,2,15,6,2,2,6,6
2348,Tsuen Wan,25,Sha Tin Wai,97,12.3,6,2,15,6,2,2,6,6
2349,Tsuen Wan,25,City One,98,12.3,6,2,15,6,2,2,6,6
2350,Tsuen Wan,25,Shek Mun,99,12.3,6,2,15,6,2,2,6,6
2351,Tsuen Wan,25,Tai Shui Hang,100,15.9,7.6,2,17,7.6,2,2,8,8
2352,Tsuen Wan,25,Heng On,101,15.9,7.6,2,17,7.6,2,2,8,8
2353,Tsuen Wan,25,Ma On Shan,102,15.9,7.6,2,17,7.6,2,2,8,8
2354,Tsuen Wan,25,Wu Kai Sha,103,15.9,7.6,2,17,7.6,2,2,8,8
2355,Tsuen Wan,25,Austin,111,11,4.9,2,13,4.9,2,2,5,5
2356,Tsuen Wan,25,Tsuen Wan West,114,4.9,2.2,2,5,2.2,2,2,2.5,2.5
2357,Tsuen Wan,25,Kam Sheung Road,115,20.8,10.4,2,21.5,10.4,2,2,12.5,12.5
2358,Tsuen Wan,25,Yuen Long,116,21.8,11.1,2,22.5,11.1,2,2,13,13
2359,Tsuen Wan,25,Long Ping,117,21.8,11.1,2,22.5,11.1,2,2,13,13
2360,Tsuen Wan,25,Tin Shui Wai,118,21.8,11.1,2,22.5,11.1,2,2,13,13
2361,Tsuen Wan,25,Siu Hong,119,21.8,11.1,2,22.5,11.1,2,2,13,13
2362,Tsuen Wan,25,Tuen Mun,120,21.8,11.1,2,22.5,11.1,2,2,13,13
2363,Tsuen Wan,25,Sai Ying Pun,81,15.8,7.4,2,16,7.4,2,2,7.5,7.5
2364,Tsuen Wan,25,HKU,82,15.8,7.4,2,16,7.4,2,2,7.5,7.5
2365,Tsuen Wan,25,Kennedy Town,83,15.8,7.4,2,16,7.4,2,2,7.5,7.5
2366,Tsuen Wan,25,Ho Man Tin,84,11,4.9,2,13,4.9,2,2,5,5
2367,Tsuen Wan,25,Whampoa,85,11,4.9,2,13,4.9,2,2,5,5
2368,Tsuen Wan,25,Ocean Park,86,15.8,7.4,2,16,7.4,2,2,7.5,7.5
2369,Tsuen Wan,25,Wong Chuk Hang,87,15.8,7.4,2,16,7.4,2,2,7.5,7.5
2370,Tsuen Wan,25,Lei Tung,88,15.8,7.4,2,16,7.4,2,2,7.5,7.5
2371,Tsuen Wan,25,South Horizons,89,15.8,7.4,2,16,7.4,2,2,7.5,7.5
2372,Tsuen Wan,25,Hin Keng,90,12.3,5.9,2,14,5.9,2,2,6,6
2373,Tsuen Wan,25,Kai Tak,91,11,4.9,2,13,4.9,2,2,5,5
2374,Tsuen Wan,25,Sung Wong Toi,92,11,4.9,2,13,4.9,2,2,5,5
2375,Tsuen Wan,25,To Kwa Wan,93,11,4.9,2,13,4.9,2,2,5,5
2376,Sheung Wan,26,Central,1,4.9,3.2,2,5,3.2,2,2,3.5,3.5
2377,Sheung Wan,26,Admiralty,2,4.9,3.2,2,5,3.2,2,2,3.5,3.5
2378,Sheung Wan,26,Tsim Sha Tsui,3,10.6,5.4,2,12.5,5.4,2,2,5.5,5.5
2379,Sheung Wan,26,Jordan,4,10.6,5.4,2,12.5,5.4,2,2,5.5,5.5
2380,Sheung Wan,26,Yau Ma Tei,5,13.2,6.5,2,15.5,6.5,2,2,6.5,6.5
2381,Sheung Wan,26,Mong Kok,6,13.2,6.5,2,15.5,6.5,2,2,6.5,6.5
2382,Sheung Wan,26,Shek Kip Mei,7,13.2,6.5,2,15.5,6.5,2,2,6.5,6.5
2383,Sheung Wan,26,Kowloon Tong,8,13.2,6.5,2,15.5,6.5,2,2,6.5,6.5
2384,Sheung Wan,26,Lok Fu,9,15.8,7.4,2,16,7.4,2,2,7.5,7.5
2385,Sheung Wan,26,Wong Tai Sin,10,15.8,7.4,2,16,7.4,2,2,7.5,7.5
2386,Sheung Wan,26,Diamond Hill,11,15.8,7.4,2,16,7.4,2,2,7.5,7.5
2387,Sheung Wan,26,Choi Hung,12,15.8,7.4,2,16,7.4,2,2,7.5,7.5
2388,Sheung Wan,26,Kowloon Bay,13,15.8,7.4,2,16,7.4,2,2,7.5,7.5
2389,Sheung Wan,26,Ngau Tau Kok,14,15.8,7.4,2,16,7.4,2,2,7.5,7.5
2390,Sheung Wan,26,Kwun Tong,15,15.8,7.4,2,16,7.4,2,2,7.5,7.5
2391,Sheung Wan,26,Prince Edward,16,13.2,6.5,2,15.5,6.5,2,2,6.5,6.5
2392,Sheung Wan,26,Sham Shui Po,17,13.2,6.5,2,15.5,6.5,2,2,6.5,6.5
2393,Sheung Wan,26,Cheung Sha Wan,18,13.2,6.5,2,15.5,6.5,2,2,6.5,6.5
2394,Sheung Wan,26,Lai Chi Kok,19,15.8,7.4,2,16,7.4,2,2,7.5,7.5
2395,Sheung Wan,26,Mei Foo,20,15.8,7.4,2,16,7.4,2,2,7.5,7.5
2396,Sheung Wan,26,Lai King,21,15.8,7.4,2,16,7.4,2,2,7.5,7.5
2397,Sheung Wan,26,Kwai Fong,22,15.8,7.4,2,16,7.4,2,2,7.5,7.5
2398,Sheung Wan,26,Kwai Hing,23,15.8,7.4,2,16,7.4,2,2,7.5,7.5
2399,Sheung Wan,26,Tai Wo Hau,24,15.8,7.4,2,16,7.4,2,2,7.5,7.5
2400,Sheung Wan,26,Tsuen Wan,25,15.8,7.4,2,16,7.4,2,2,7.5,7.5
2401,Sheung Wan,26,Sheung Wan,26,0,0,0,0,0,0,0,0,0
2402,Sheung Wan,26,Wan Chai,27,5.9,3.2,2,6,3.2,2,2,3.5,3.5
2403,Sheung Wan,26,Causeway Bay,28,5.9,3.2,2,6,3.2,2,2,3.5,3.5
2404,Sheung Wan,26,Tin Hau,29,5.9,3.2,2,6,3.2,2,2,3.5,3.5
2405,Sheung Wan,26,Fortress Hill,30,7.4,3.7,2,7.5,3.7,2,2,4,4
2406,Sheung Wan,26,North Point,31,7.4,3.7,2,7.5,3.7,2,2,4,4
2407,Sheung Wan,26,Quarry Bay,32,7.4,3.7,2,7.5,3.7,2,2,4,4
2408,Sheung Wan,26,Tai Koo,33,9.2,4.4,2,10.5,4.4,2,2,4.5,4.5
2409,Sheung Wan,26,Sai Wan Ho,34,9.2,4.4,2,10.5,4.4,2,2,4.5,4.5
2410,Sheung Wan,26,Shau Kei Wan,35,9.2,4.4,2,10.5,4.4,2,2,4.5,4.5
2411,Sheung Wan,26,Heng Fa Chuen,36,9.2,4.4,2,10.5,4.4,2,2,4.5,4.5
2412,Sheung Wan,26,Chai Wan,37,9.2,4.4,2,10.5,4.4,2,2,4.5,4.5
2413,Sheung Wan,26,Lam Tin,38,15.8,7.4,2,16,7.4,2,2,7.5,7.5
2414,Sheung Wan,26,Hong Kong,39,4.9,3.2,2,5,3.2,2,2,3.5,3.5
2415,Sheung Wan,26,Kowloon,40,10.6,5.4,2,12.5,5.4,2,2,5.5,5.5
2416,Sheung Wan,26,Olympic,41,13.2,6.5,2,15.5,6.5,2,2,6.5,6.5
2417,Sheung Wan,26,Tsing Yi,42,15.8,7.4,2,16,7.4,2,2,7.5,7.5
2418,Sheung Wan,26,Tung Chung,43,24.3,12.5,2,28,12.5,2,2,15,15
2419,Sheung Wan,26,Yau Tong,48,15.8,7.4,2,16,7.4,2,2,7.5,7.5
2420,Sheung Wan,26,Tiu Keng Leng,49,15.8,7.4,2,16,7.4,2,2,7.5,7.5
2421,Sheung Wan,26,Tseung Kwan O,50,15.8,7.4,2,16,7.4,2,2,7.5,7.5
2422,Sheung Wan,26,Hang Hau,51,15.8,7.4,2,16,7.4,2,2,7.5,7.5
2423,Sheung Wan,26,Po Lam,52,15.8,7.4,2,16,7.4,2,2,7.5,7.5
2424,Sheung Wan,26,Nam Cheong,53,13.2,6.5,2,15.5,6.5,2,2,6.5,6.5
2425,Sheung Wan,26,Sunny Bay,54,22.2,11.1,2,25.5,11.1,2,2,13.5,13.5
2426,Sheung Wan,26,Disneyland Resort,55,27.9,14.2,2,31,14.2,2,2,16.5,16.5
2427,Sheung Wan,26,LOHAS Park,57,15.8,7.4,2,16,7.4,2,2,7.5,7.5
2428,Sheung Wan,26,Hung Hom,64,12.6,5.9,2,15,5.9,2,2,6,6
2429,Sheung Wan,26,Mong Kok East,65,12.9,6.4,2,15.5,6.4,2,2,6.5,6.5
2430,Sheung Wan,26,Tai Wai,67,17.1,8.6,2,19,8.6,2,2,9.5,9.5
2431,Sheung Wan,26,Sha Tin,68,17.1,8.6,2,19,8.6,2,2,9.5,9.5
2432,Sheung Wan,26,Fo Tan,69,17.6,9.1,2,19.5,9.1,2,2,10,10
2433,Sheung Wan,26,Racecourse,70,25.7,13.4,25.7,28.5,13.4,2,2,15,15
2434,Sheung Wan,26,University,71,18.4,9.2,2,20,9.2,2,2,10.5,10.5
2435,Sheung Wan,26,Tai Po Market,72,19.9,10.1,2,22,10.1,2,2,12,12
2436,Sheung Wan,26,Tai Wo,73,19.9,10.1,2,22,10.1,2,2,12,12
2437,Sheung Wan,26,Fanling,74,22.2,11.6,2,25.5,11.6,2,2,13.5,13.5
2438,Sheung Wan,26,Sheung Shui,75,22.2,11.6,2,25.5,11.6,2,2,13.5,13.5
2439,Sheung Wan,26,Lo Wu,76,52.2,46,52.2,55.5,26.2,26.2,26.2,27.5,27.5
2440,Sheung Wan,26,Lok Ma Chau,78,52.2,46,52.2,55.5,26.2,26.2,26.2,27.5,27.5
2441,Sheung Wan,26,East Tsim Sha Tsui,80,10.6,5.4,2,12.5,5.4,2,2,5.5,5.5
2442,Sheung Wan,26,Che Kung Temple,96,17.2,8.7,2,19,8.7,2,2,10,10
2443,Sheung Wan,26,Sha Tin Wai,97,17.2,8.7,2,19,8.7,2,2,10,10
2444,Sheung Wan,26,City One,98,17.2,8.7,2,19,8.7,2,2,10,10
2445,Sheung Wan,26,Shek Mun,99,17.2,8.7,2,19,8.7,2,2,10,10
2446,Sheung Wan,26,Tai Shui Hang,100,20.8,10.4,2,22,10.4,2,2,12.5,12.5
2447,Sheung Wan,26,Heng On,101,20.8,10.4,2,22,10.4,2,2,12.5,12.5
2448,Sheung Wan,26,Ma On Shan,102,20.8,10.4,2,22,10.4,2,2,12.5,12.5
2449,Sheung Wan,26,Wu Kai Sha,103,20.8,10.4,2,22,10.4,2,2,12.5,12.5
2450,Sheung Wan,26,Austin,111,10.6,5.4,2,12.5,5.4,2,2,5.5,5.5
2451,Sheung Wan,26,Tsuen Wan West,114,17.8,9.1,2,19.5,9.1,2,2,10,10
2452,Sheung Wan,26,Kam Sheung Road,115,28,14.3,2,30,14.3,2,2,15.5,15.5
2453,Sheung Wan,26,Yuen Long,116,29.3,15.2,2,31,15.2,2,2,16.5,16.5
2454,Sheung Wan,26,Long Ping,117,29.3,15.2,2,31,15.2,2,2,16.5,16.5
2455,Sheung Wan,26,Tin Shui Wai,118,29.3,15.2,2,31,15.2,2,2,16.5,16.5
2456,Sheung Wan,26,Siu Hong,119,29.3,15.2,2,31,15.2,2,2,16.5,16.5
2457,Sheung Wan,26,Tuen Mun,120,29.3,15.2,2,31,15.2,2,2,16.5,16.5
2458,Sheung Wan,26,Sai Ying Pun,81,4.9,3.2,2,5,3.2,2,2,3.5,3.5
2459,Sheung Wan,26,HKU,82,4.9,3.2,2,5,3.2,2,2,3.5,3.5
2460,Sheung Wan,26,Kennedy Town,83,5.9,3.2,2,6,3.2,2,2,3.5,3.5
2461,Sheung Wan,26,Ho Man Tin,84,13.2,6.5,2,15.5,6.5,2,2,6.5,6.5
2462,Sheung Wan,26,Whampoa,85,13.2,6.5,2,15.5,6.5,2,2,6.5,6.5
2463,Sheung Wan,26,Ocean Park,86,7.4,3.7,2,7.5,3.7,2,2,4,4
2464,Sheung Wan,26,Wong Chuk Hang,87,7.4,3.7,2,7.5,3.7,2,2,4,4
2465,Sheung Wan,26,Lei Tung,88,7.4,3.7,2,7.5,3.7,2,2,4,4
2466,Sheung Wan,26,South Horizons,89,9.2,4.4,2,10.5,4.4,2,2,4.5,4.5
2467,Sheung Wan,26,Hin Keng,90,17.1,8.6,2,19,8.6,2,2,9.5,9.5
2468,Sheung Wan,26,Kai Tak,91,13.2,6.5,2,15.5,6.5,2,2,6.5,6.5
2469,Sheung Wan,26,Sung Wong Toi,92,13.2,6.5,2,15.5,6.5,2,2,6.5,6.5
2470,Sheung Wan,26,To Kwa Wan,93,13.2,6.5,2,15.5,6.5,2,2,6.5,6.5
2471,Wan Chai,27,Central,1,4.9,3.2,2,5,3.2,2,2,3.5,3.5
2472,Wan Chai,27,Admiralty,2,4.9,3.2,2,5,3.2,2,2,3.5,3.5
2473,Wan Chai,27,Tsim Sha Tsui,3,10.6,5.4,2,12.5,5.4,2,2,5.5,5.5
2474,Wan Chai,27,Jordan,4,10.6,5.4,2,12.5,5.4,2,2,5.5,5.5
2475,Wan Chai,27,Yau Ma Tei,5,13.2,6.5,2,15.5,6.5,2,2,6.5,6.5
2476,Wan Chai,27,Mong Kok,6,13.2,6.5,2,15.5,6.5,2,2,6.5,6.5
2477,Wan Chai,27,Shek Kip Mei,7,13.2,6.5,2,15.5,6.5,2,2,6.5,6.5
2478,Wan Chai,27,Kowloon Tong,8,13.2,6.5,2,15.5,6.5,2,2,6.5,6.5
2479,Wan Chai,27,Lok Fu,9,15.8,7.4,2,16,7.4,2,2,7.5,7.5
2480,Wan Chai,27,Wong Tai Sin,10,15.8,7.4,2,16,7.4,2,2,7.5,7.5
2481,Wan Chai,27,Diamond Hill,11,15.8,7.4,2,16,7.4,2,2,7.5,7.5
2482,Wan Chai,27,Choi Hung,12,15.8,7.4,2,16,7.4,2,2,7.5,7.5
2483,Wan Chai,27,Kowloon Bay,13,15.8,7.4,2,16,7.4,2,2,7.5,7.5
2484,Wan Chai,27,Ngau Tau Kok,14,13.2,6.5,2,15.5,6.5,2,2,6.5,6.5
2485,Wan Chai,27,Kwun Tong,15,13.2,6.5,2,15.5,6.5,2,2,6.5,6.5
2486,Wan Chai,27,Prince Edward,16,13.2,6.5,2,15.5,6.5,2,2,6.5,6.5
2487,Wan Chai,27,Sham Shui Po,17,13.2,6.5,2,15.5,6.5,2,2,6.5,6.5
2488,Wan Chai,27,Cheung Sha Wan,18,13.2,6.5,2,15.5,6.5,2,2,6.5,6.5
2489,Wan Chai,27,Lai Chi Kok,19,15.8,7.4,2,16,7.4,2,2,7.5,7.5
2490,Wan Chai,27,Mei Foo,20,15.8,7.4,2,16,7.4,2,2,7.5,7.5
2491,Wan Chai,27,Lai King,21,15.8,7.4,2,16,7.4,2,2,7.5,7.5
2492,Wan Chai,27,Kwai Fong,22,15.8,7.4,2,16,7.4,2,2,7.5,7.5
2493,Wan Chai,27,Kwai Hing,23,15.8,7.4,2,16,7.4,2,2,7.5,7.5
2494,Wan Chai,27,Tai Wo Hau,24,15.8,7.4,2,16,7.4,2,2,7.5,7.5
2495,Wan Chai,27,Tsuen Wan,25,15.8,7.4,2,16,7.4,2,2,7.5,7.5
2496,Wan Chai,27,Sheung Wan,26,5.9,3.2,2,6,3.2,2,2,3.5,3.5
2497,Wan Chai,27,Wan Chai,27,0,0,0,0,0,0,0,0,0
2498,Wan Chai,27,Causeway Bay,28,4.9,3.2,2,5,3.2,2,2,3.5,3.5
2499,Wan Chai,27,Tin Hau,29,4.9,3.2,2,5,3.2,2,2,3.5,3.5
2500,Wan Chai,27,Fortress Hill,30,5.9,3.2,2,6,3.2,2,2,3.5,3.5
2501,Wan Chai,27,North Point,31,5.9,3.2,2,6,3.2,2,2,3.5,3.5
2502,Wan Chai,27,Quarry Bay,32,7.4,3.7,2,7.5,3.7,2,2,4,4
2503,Wan Chai,27,Tai Koo,33,7.4,3.7,2,7.5,3.7,2,2,4,4
2504,Wan Chai,27,Sai Wan Ho,34,9.2,4.4,2,10.5,4.4,2,2,4.5,4.5
2505,Wan Chai,27,Shau Kei Wan,35,9.2,4.4,2,10.5,4.4,2,2,4.5,4.5
2506,Wan Chai,27,Heng Fa Chuen,36,9.2,4.4,2,10.5,4.4,2,2,4.5,4.5
2507,Wan Chai,27,Chai Wan,37,9.2,4.4,2,10.5,4.4,2,2,4.5,4.5
2508,Wan Chai,27,Lam Tin,38,13.2,6.5,2,15.5,6.5,2,2,6.5,6.5
2509,Wan Chai,27,Hong Kong,39,4.9,3.2,2,5,3.2,2,2,3.5,3.5
2510,Wan Chai,27,Kowloon,40,10.6,5.4,2,12.5,5.4,2,2,5.5,5.5
2511,Wan Chai,27,Olympic,41,13.2,6.5,2,15.5,6.5,2,2,6.5,6.5
2512,Wan Chai,27,Tsing Yi,42,15.8,7.4,2,16,7.4,2,2,7.5,7.5
2513,Wan Chai,27,Tung Chung,43,24.3,12.5,2,28,12.5,2,2,15,15
2514,Wan Chai,27,Yau Tong,48,13.2,6.5,2,15.5,6.5,2,2,6.5,6.5
2515,Wan Chai,27,Tiu Keng Leng,49,15.8,7.4,2,16,7.4,2,2,7.5,7.5
2516,Wan Chai,27,Tseung Kwan O,50,15.8,7.4,2,16,7.4,2,2,7.5,7.5
2517,Wan Chai,27,Hang Hau,51,15.8,7.4,2,16,7.4,2,2,7.5,7.5
2518,Wan Chai,27,Po Lam,52,15.8,7.4,2,16,7.4,2,2,7.5,7.5
2519,Wan Chai,27,Nam Cheong,53,13.2,6.5,2,15.5,6.5,2,2,6.5,6.5
2520,Wan Chai,27,Sunny Bay,54,22.2,11.1,2,25.5,11.1,2,2,13.5,13.5
2521,Wan Chai,27,Disneyland Resort,55,27.9,14.2,2,31,14.2,2,2,16.5,16.5
2522,Wan Chai,27,LOHAS Park,57,15.8,7.4,2,16,7.4,2,2,7.5,7.5
2523,Wan Chai,27,Hung Hom,64,12.6,5.9,2,15,5.9,2,2,6,6
2524,Wan Chai,27,Mong Kok East,65,12.9,6.4,2,15.5,6.4,2,2,6.5,6.5
2525,Wan Chai,27,Tai Wai,67,17.1,8.6,2,19,8.6,2,2,9.5,9.5
2526,Wan Chai,27,Sha Tin,68,17.1,8.6,2,19,8.6,2,2,9.5,9.5
2527,Wan Chai,27,Fo Tan,69,17.6,9.1,2,19.5,9.1,2,2,10,10
2528,Wan Chai,27,Racecourse,70,25.7,13.4,25.7,28.5,13.4,2,2,15,15
2529,Wan Chai,27,University,71,18.4,9.2,2,20,9.2,2,2,10.5,10.5
2530,Wan Chai,27,Tai Po Market,72,19.9,10.1,2,22,10.1,2,2,12,12
2531,Wan Chai,27,Tai Wo,73,19.9,10.1,2,22,10.1,2,2,12,12
2532,Wan Chai,27,Fanling,74,22.2,11.6,2,25.5,11.6,2,2,13.5,13.5
2533,Wan Chai,27,Sheung Shui,75,22.2,11.6,2,25.5,11.6,2,2,13.5,13.5
2534,Wan Chai,27,Lo Wu,76,52.2,46,52.2,55.5,26.2,26.2,26.2,27.5,27.5
2535,Wan Chai,27,Lok Ma Chau,78,52.2,46,52.2,55.5,26.2,26.2,26.2,27.5,27.5
2536,Wan Chai,27,East Tsim Sha Tsui,80,10.6,5.4,2,12.5,5.4,2,2,5.5,5.5
2537,Wan Chai,27,Che Kung Temple,96,17.2,8.7,2,19,8.7,2,2,10,10
2538,Wan Chai,27,Sha Tin Wai,97,17.2,8.7,2,19,8.7,2,2,10,10
2539,Wan Chai,27,City One,98,17.2,8.7,2,19,8.7,2,2,10,10
2540,Wan Chai,27,Shek Mun,99,17.2,8.7,2,19,8.7,2,2,10,10
2541,Wan Chai,27,Tai Shui Hang,100,20.8,10.4,2,22,10.4,2,2,12.5,12.5
2542,Wan Chai,27,Heng On,101,20.8,10.4,2,22,10.4,2,2,12.5,12.5
2543,Wan Chai,27,Ma On Shan,102,20.8,10.4,2,22,10.4,2,2,12.5,12.5
2544,Wan Chai,27,Wu Kai Sha,103,20.8,10.4,2,22,10.4,2,2,12.5,12.5
2545,Wan Chai,27,Austin,111,10.6,5.4,2,12.5,5.4,2,2,5.5,5.5
2546,Wan Chai,27,Tsuen Wan West,114,17.8,9.1,2,19.5,9.1,2,2,10,10
2547,Wan Chai,27,Kam Sheung Road,115,28,14.3,2,30,14.3,2,2,15.5,15.5
2548,Wan Chai,27,Yuen Long,116,29.3,15.2,2,31,15.2,2,2,16.5,16.5
2549,Wan Chai,27,Long Ping,117,29.3,15.2,2,31,15.2,2,2,16.5,16.5
2550,Wan Chai,27,Tin Shui Wai,118,29.3,15.2,2,31,15.2,2,2,16.5,16.5
2551,Wan Chai,27,Siu Hong,119,29.3,15.2,2,31,15.2,2,2,16.5,16.5
2552,Wan Chai,27,Tuen Mun,120,29.3,15.2,2,31,15.2,2,2,16.5,16.5
2553,Wan Chai,27,Sai Ying Pun,81,5.9,3.2,2,6,3.2,2,2,3.5,3.5
2554,Wan Chai,27,HKU,82,5.9,3.2,2,6,3.2,2,2,3.5,3.5
2555,Wan Chai,27,Kennedy Town,83,7.4,3.7,2,7.5,3.7,2,2,4,4
2556,Wan Chai,27,Ho Man Tin,84,13.2,6.5,2,15.5,6.5,2,2,6.5,6.5
2557,Wan Chai,27,Whampoa,85,13.2,6.5,2,15.5,6.5,2,2,6.5,6.5
2558,Wan Chai,27,Ocean Park,86,5.9,3.2,2,6,3.2,2,2,3.5,3.5
2559,Wan Chai,27,Wong Chuk Hang,87,7.4,3.7,2,7.5,3.7,2,2,4,4
2560,Wan Chai,27,Lei Tung,88,7.4,3.7,2,7.5,3.7,2,2,4,4
2561,Wan Chai,27,South Horizons,89,7.4,3.7,2,7.5,3.7,2,2,4,4
2562,Wan Chai,27,Hin Keng,90,17.1,8.6,2,19,8.6,2,2,9.5,9.5
2563,Wan Chai,27,Kai Tak,91,13.2,6.5,2,15.5,6.5,2,2,6.5,6.5
2564,Wan Chai,27,Sung Wong Toi,92,13.2,6.5,2,15.5,6.5,2,2,6.5,6.5
2565,Wan Chai,27,To Kwa Wan,93,13.2,6.5,2,15.5,6.5,2,2,6.5,6.5
2566,Causeway Bay,28,Central,1,5.9,3.2,2,6,3.2,2,2,3.5,3.5
2567,Causeway Bay,28,Admiralty,2,4.9,3.2,2,5,3.2,2,2,3.5,3.5
2568,Causeway Bay,28,Tsim Sha Tsui,3,13.2,6.5,2,15.5,6.5,2,2,6.5,6.5
2569,Causeway Bay,28,Jordan,4,13.2,6.5,2,15.5,6.5,2,2,6.5,6.5
2570,Causeway Bay,28,Yau Ma Tei,5,13.2,6.5,2,15.5,6.5,2,2,6.5,6.5
2571,Causeway Bay,28,Mong Kok,6,13.2,6.5,2,15.5,6.5,2,2,6.5,6.5
2572,Causeway Bay,28,Shek Kip Mei,7,13.2,6.5,2,15.5,6.5,2,2,6.5,6.5
2573,Causeway Bay,28,Kowloon Tong,8,13.2,6.5,2,15.5,6.5,2,2,6.5,6.5
2574,Causeway Bay,28,Lok Fu,9,15.8,7.4,2,16,7.4,2,2,7.5,7.5
2575,Causeway Bay,28,Wong Tai Sin,10,15.8,7.4,2,16,7.4,2,2,7.5,7.5
2576,Causeway Bay,28,Diamond Hill,11,15.8,7.4,2,16,7.4,2,2,7.5,7.5
2577,Causeway Bay,28,Choi Hung,12,15.8,7.4,2,16,7.4,2,2,7.5,7.5
2578,Causeway Bay,28,Kowloon Bay,13,13.2,6.5,2,15.5,6.5,2,2,6.5,6.5
2579,Causeway Bay,28,Ngau Tau Kok,14,13.2,6.5,2,15.5,6.5,2,2,6.5,6.5
2580,Causeway Bay,28,Kwun Tong,15,13.2,6.5,2,15.5,6.5,2,2,6.5,6.5
2581,Causeway Bay,28,Prince Edward,16,13.2,6.5,2,15.5,6.5,2,2,6.5,6.5
2582,Causeway Bay,28,Sham Shui Po,17,13.2,6.5,2,15.5,6.5,2,2,6.5,6.5
2583,Causeway Bay,28,Cheung Sha Wan,18,13.2,6.5,2,15.5,6.5,2,2,6.5,6.5
2584,Causeway Bay,28,Lai Chi Kok,19,15.8,7.4,2,16,7.4,2,2,7.5,7.5
2585,Causeway Bay,28,Mei Foo,20,15.8,7.4,2,16,7.4,2,2,7.5,7.5
2586,Causeway Bay,28,Lai King,21,15.8,7.4,2,16,7.4,2,2,7.5,7.5
2587,Causeway Bay,28,Kwai Fong,22,15.8,7.4,2,16,7.4,2,2,7.5,7.5
2588,Causeway Bay,28,Kwai Hing,23,15.8,7.4,2,16,7.4,2,2,7.5,7.5
2589,Causeway Bay,28,Tai Wo Hau,24,15.8,7.4,2,16,7.4,2,2,7.5,7.5
2590,Causeway Bay,28,Tsuen Wan,25,15.8,7.4,2,16,7.4,2,2,7.5,7.5
2591,Causeway Bay,28,Sheung Wan,26,5.9,3.2,2,6,3.2,2,2,3.5,3.5
2592,Causeway Bay,28,Wan Chai,27,4.9,3.2,2,5,3.2,2,2,3.5,3.5
2593,Causeway Bay,28,Causeway Bay,28,0,0,0,0,0,0,0,0,0
2594,Causeway Bay,28,Tin Hau,29,4.9,3.2,2,5,3.2,2,2,3.5,3.5
2595,Causeway Bay,28,Fortress Hill,30,4.9,3.2,2,5,3.2,2,2,3.5,3.5
2596,Causeway Bay,28,North Point,31,5.9,3.2,2,6,3.2,2,2,3.5,3.5
2597,Causeway Bay,28,Quarry Bay,32,5.9,3.2,2,6,3.2,2,2,3.5,3.5
2598,Causeway Bay,28,Tai Koo,33,7.4,3.7,2,7.5,3.7,2,2,4,4
2599,Causeway Bay,28,Sai Wan Ho,34,7.4,3.7,2,7.5,3.7,2,2,4,4
2600,Causeway Bay,28,Shau Kei Wan,35,9.2,4.4,2,10.5,4.4,2,2,4.5,4.5
2601,Causeway Bay,28,Heng Fa Chuen,36,9.2,4.4,2,10.5,4.4,2,2,4.5,4.5
2602,Causeway Bay,28,Chai Wan,37,9.2,4.4,2,10.5,4.4,2,2,4.5,4.5
2603,Causeway Bay,28,Lam Tin,38,13.2,6.5,2,15.5,6.5,2,2,6.5,6.5
2604,Causeway Bay,28,Hong Kong,39,5.9,3.2,2,6,3.2,2,2,3.5,3.5
2605,Causeway Bay,28,Kowloon,40,13.2,6.5,2,15.5,6.5,2,2,6.5,6.5
2606,Causeway Bay,28,Olympic,41,13.2,6.5,2,15.5,6.5,2,2,6.5,6.5
2607,Causeway Bay,28,Tsing Yi,42,15.8,7.4,2,16,7.4,2,2,7.5,7.5
2608,Causeway Bay,28,Tung Chung,43,24.3,12.5,2,28,12.5,2,2,15,15
2609,Causeway Bay,28,Yau Tong,48,13.2,6.5,2,15.5,6.5,2,2,6.5,6.5
2610,Causeway Bay,28,Tiu Keng Leng,49,13.2,6.5,2,15.5,6.5,2,2,6.5,6.5
2611,Causeway Bay,28,Tseung Kwan O,50,15.8,7.4,2,16,7.4,2,2,7.5,7.5
2612,Causeway Bay,28,Hang Hau,51,15.8,7.4,2,16,7.4,2,2,7.5,7.5
2613,Causeway Bay,28,Po Lam,52,15.8,7.4,2,16,7.4,2,2,7.5,7.5
2614,Causeway Bay,28,Nam Cheong,53,13.2,6.5,2,15.5,6.5,2,2,6.5,6.5
2615,Causeway Bay,28,Sunny Bay,54,22.2,11.1,2,25.5,11.1,2,2,13.5,13.5
2616,Causeway Bay,28,Disneyland Resort,55,27.9,14.2,2,31,14.2,2,2,16.5,16.5
2617,Causeway Bay,28,LOHAS Park,57,15.8,7.4,2,16,7.4,2,2,7.5,7.5
2618,Causeway Bay,28,Hung Hom,64,13.2,6.4,2,15.5,6.4,2,2,6.5,6.5
2619,Causeway Bay,28,Mong Kok East,65,13.2,6.4,2,15.5,6.4,2,2,6.5,6.5
2620,Causeway Bay,28,Tai Wai,67,17.1,8.6,2,19,8.6,2,2,9.5,9.5
2621,Causeway Bay,28,Sha Tin,68,17.1,8.6,2,19,8.6,2,2,9.5,9.5
2622,Causeway Bay,28,Fo Tan,69,17.6,9.1,2,19.5,9.1,2,2,10,10
2623,Causeway Bay,28,Racecourse,70,25.7,13.4,25.7,28.5,13.4,2,2,15,15
2624,Causeway Bay,28,University,71,18.4,9.2,2,20,9.2,2,2,10.5,10.5
2625,Causeway Bay,28,Tai Po Market,72,19.9,10.1,2,22,10.1,2,2,12,12
2626,Causeway Bay,28,Tai Wo,73,19.9,10.1,2,22,10.1,2,2,12,12
2627,Causeway Bay,28,Fanling,74,22.2,11.6,2,25.5,11.6,2,2,13.5,13.5
2628,Causeway Bay,28,Sheung Shui,75,22.2,11.6,2,25.5,11.6,2,2,13.5,13.5
2629,Causeway Bay,28,Lo Wu,76,52.2,46,52.2,55.5,26.2,26.2,26.2,27.5,27.5
2630,Causeway Bay,28,Lok Ma Chau,78,52.2,46,52.2,55.5,26.2,26.2,26.2,27.5,27.5
2631,Causeway Bay,28,East Tsim Sha Tsui,80,13.2,6.5,2,15.5,6.5,2,2,6.5,6.5
2632,Causeway Bay,28,Che Kung Temple,96,17.2,8.7,2,19,8.7,2,2,10,10
2633,Causeway Bay,28,Sha Tin Wai,97,17.2,8.7,2,19,8.7,2,2,10,10
2634,Causeway Bay,28,City One,98,17.2,8.7,2,19,8.7,2,2,10,10
2635,Causeway Bay,28,Shek Mun,99,17.2,8.7,2,19,8.7,2,2,10,10
2636,Causeway Bay,28,Tai Shui Hang,100,20.8,10.4,2,22,10.4,2,2,12.5,12.5
2637,Causeway Bay,28,Heng On,101,20.8,10.4,2,22,10.4,2,2,12.5,12.5
2638,Causeway Bay,28,Ma On Shan,102,20.8,10.4,2,22,10.4,2,2,12.5,12.5
2639,Causeway Bay,28,Wu Kai Sha,103,20.8,10.4,2,22,10.4,2,2,12.5,12.5
2640,Causeway Bay,28,Austin,111,13.2,6.5,2,15.5,6.5,2,2,6.5,6.5
2641,Causeway Bay,28,Tsuen Wan West,114,17.8,9.1,2,19.5,9.1,2,2,10,10
2642,Causeway Bay,28,Kam Sheung Road,115,28,14.3,2,30,14.3,2,2,15.5,15.5
2643,Causeway Bay,28,Yuen Long,116,29.3,15.2,2,31,15.2,2,2,16.5,16.5
2644,Causeway Bay,28,Long Ping,117,29.3,15.2,2,31,15.2,2,2,16.5,16.5
2645,Causeway Bay,28,Tin Shui Wai,118,29.3,15.2,2,31,15.2,2,2,16.5,16.5
2646,Causeway Bay,28,Siu Hong,119,29.3,15.2,2,31,15.2,2,2,16.5,16.5
2647,Causeway Bay,28,Tuen Mun,120,29.3,15.2,2,31,15.2,2,2,16.5,16.5
2648,Causeway Bay,28,Sai Ying Pun,81,5.9,3.2,2,6,3.2,2,2,3.5,3.5
2649,Causeway Bay,28,HKU,82,7.4,3.7,2,7.5,3.7,2,2,4,4
2650,Causeway Bay,28,Kennedy Town,83,7.4,3.7,2,7.5,3.7,2,2,4,4
2651,Causeway Bay,28,Ho Man Tin,84,13.2,6.5,2,15.5,6.5,2,2,6.5,6.5
2652,Causeway Bay,28,Whampoa,85,13.2,6.5,2,15.5,6.5,2,2,6.5,6.5
2653,Causeway Bay,28,Ocean Park,86,5.9,3.2,2,6,3.2,2,2,3.5,3.5
2654,Causeway Bay,28,Wong Chuk Hang,87,7.4,3.7,2,7.5,3.7,2,2,4,4
2655,Causeway Bay,28,Lei Tung,88,7.4,3.7,2,7.5,3.7,2,2,4,4
2656,Causeway Bay,28,South Horizons,89,7.4,3.7,2,7.5,3.7,2,2,4,4
2657,Causeway Bay,28,Hin Keng,90,17.1,8.6,2,19,8.6,2,2,9.5,9.5
2658,Causeway Bay,28,Kai Tak,91,13.2,6.5,2,15.5,6.5,2,2,6.5,6.5
2659,Causeway Bay,28,Sung Wong Toi,92,13.2,6.5,2,15.5,6.5,2,2,6.5,6.5
2660,Causeway Bay,28,To Kwa Wan,93,13.2,6.5,2,15.5,6.5,2,2,6.5,6.5
2661,Tin Hau,29,Central,1,5.9,3.2,2,6,3.2,2,2,3.5,3.5
2662,Tin Hau,29,Admiralty,2,5.9,3.2,2,6,3.2,2,2,3.5,3.5
2663,Tin Hau,29,Tsim Sha Tsui,3,13.2,6.5,2,15.5,6.5,2,2,6.5,6.5
2664,Tin Hau,29,Jordan,4,13.2,6.5,2,15.5,6.5,2,2,6.5,6.5
2665,Tin Hau,29,Yau Ma Tei,5,13.2,6.5,2,15.5,6.5,2,2,6.5,6.5
2666,Tin Hau,29,Mong Kok,6,13.2,6.5,2,15.5,6.5,2,2,6.5,6.5
2667,Tin Hau,29,Shek Kip Mei,7,13.2,6.5,2,15.5,6.5,2,2,6.5,6.5
2668,Tin Hau,29,Kowloon Tong,8,15.8,7.4,2,16,7.4,2,2,7.5,7.5
2669,Tin Hau,29,Lok Fu,9,15.8,7.4,2,16,7.4,2,2,7.5,7.5
2670,Tin Hau,29,Wong Tai Sin,10,15.8,7.4,2,16,7.4,2,2,7.5,7.5
2671,Tin Hau,29,Diamond Hill,11,15.8,7.4,2,16,7.4,2,2,7.5,7.5
2672,Tin Hau,29,Choi Hung,12,13.2,6.5,2,15.5,6.5,2,2,6.5,6.5
2673,Tin Hau,29,Kowloon Bay,13,13.2,6.5,2,15.5,6.5,2,2,6.5,6.5
2674,Tin Hau,29,Ngau Tau Kok,14,13.2,6.5,2,15.5,6.5,2,2,6.5,6.5
2675,Tin Hau,29,Kwun Tong,15,13.2,6.5,2,15.5,6.5,2,2,6.5,6.5
2676,Tin Hau,29,Prince Edward,16,13.2,6.5,2,15.5,6.5,2,2,6.5,6.5
2677,Tin Hau,29,Sham Shui Po,17,13.2,6.5,2,15.5,6.5,2,2,6.5,6.5
2678,Tin Hau,29,Cheung Sha Wan,18,15.8,7.4,2,16,7.4,2,2,7.5,7.5
2679,Tin Hau,29,Lai Chi Kok,19,15.8,7.4,2,16,7.4,2,2,7.5,7.5
2680,Tin Hau,29,Mei Foo,20,15.8,7.4,2,16,7.4,2,2,7.5,7.5
2681,Tin Hau,29,Lai King,21,15.8,7.4,2,16,7.4,2,2,7.5,7.5
2682,Tin Hau,29,Kwai Fong,22,15.8,7.4,2,16,7.4,2,2,7.5,7.5
2683,Tin Hau,29,Kwai Hing,23,15.8,7.4,2,16,7.4,2,2,7.5,7.5
2684,Tin Hau,29,Tai Wo Hau,24,15.8,7.4,2,16,7.4,2,2,7.5,7.5
2685,Tin Hau,29,Tsuen Wan,25,15.8,7.4,2,16,7.4,2,2,7.5,7.5
2686,Tin Hau,29,Sheung Wan,26,5.9,3.2,2,6,3.2,2,2,3.5,3.5
2687,Tin Hau,29,Wan Chai,27,4.9,3.2,2,5,3.2,2,2,3.5,3.5
2688,Tin Hau,29,Causeway Bay,28,4.9,3.2,2,5,3.2,2,2,3.5,3.5
2689,Tin Hau,29,Tin Hau,29,0,0,0,0,0,0,0,0,0
2690,Tin Hau,29,Fortress Hill,30,4.9,3.2,2,5,3.2,2,2,3.5,3.5
2691,Tin Hau,29,North Point,31,4.9,3.2,2,5,3.2,2,2,3.5,3.5
2692,Tin Hau,29,Quarry Bay,32,5.9,3.2,2,6,3.2,2,2,3.5,3.5
2693,Tin Hau,29,Tai Koo,33,5.9,3.2,2,6,3.2,2,2,3.5,3.5
2694,Tin Hau,29,Sai Wan Ho,34,7.4,3.7,2,7.5,3.7,2,2,4,4
2695,Tin Hau,29,Shau Kei Wan,35,7.4,3.7,2,7.5,3.7,2,2,4,4
2696,Tin Hau,29,Heng Fa Chuen,36,9.2,4.4,2,10.5,4.4,2,2,4.5,4.5
2697,Tin Hau,29,Chai Wan,37,9.2,4.4,2,10.5,4.4,2,2,4.5,4.5
2698,Tin Hau,29,Lam Tin,38,13.2,6.5,2,15.5,6.5,2,2,6.5,6.5
2699,Tin Hau,29,Hong Kong,39,5.9,3.2,2,6,3.2,2,2,3.5,3.5
2700,Tin Hau,29,Kowloon,40,13.2,6.5,2,15.5,6.5,2,2,6.5,6.5
2701,Tin Hau,29,Olympic,41,13.2,6.5,2,15.5,6.5,2,2,6.5,6.5
2702,Tin Hau,29,Tsing Yi,42,15.8,7.4,2,16,7.4,2,2,7.5,7.5
2703,Tin Hau,29,Tung Chung,43,24.3,12.5,2,28,12.5,2,2,15,15
2704,Tin Hau,29,Yau Tong,48,13.2,6.5,2,15.5,6.5,2,2,6.5,6.5
2705,Tin Hau,29,Tiu Keng Leng,49,13.2,6.5,2,15.5,6.5,2,2,6.5,6.5
2706,Tin Hau,29,Tseung Kwan O,50,13.2,6.5,2,15.5,6.5,2,2,6.5,6.5
2707,Tin Hau,29,Hang Hau,51,15.8,7.4,2,16,7.4,2,2,7.5,7.5
2708,Tin Hau,29,Po Lam,52,15.8,7.4,2,16,7.4,2,2,7.5,7.5
2709,Tin Hau,29,Nam Cheong,53,13.2,6.5,2,15.5,6.5,2,2,6.5,6.5
2710,Tin Hau,29,Sunny Bay,54,22.2,11.1,2,25.5,11.1,2,2,13.5,13.5
2711,Tin Hau,29,Disneyland Resort,55,27.9,14.2,2,31,14.2,2,2,16.5,16.5
2712,Tin Hau,29,LOHAS Park,57,15.8,7.4,2,16,7.4,2,2,7.5,7.5
2713,Tin Hau,29,Hung Hom,64,14.8,7.2,2,16,7.2,2,2,7.5,7.5
2714,Tin Hau,29,Mong Kok East,65,15.8,7.4,2,16,7.4,2,2,7.5,7.5
2715,Tin Hau,29,Tai Wai,67,19.5,9.4,2,21.5,9.4,2,2,10.5,10.5
2716,Tin Hau,29,Sha Tin,68,19.5,9.4,2,21.5,9.4,2,2,10.5,10.5
2717,Tin Hau,29,Fo Tan,69,19.9,9.8,2,22,9.8,2,2,12,12
2718,Tin Hau,29,Racecourse,70,27.9,13.9,27.9,30.5,13.9,2,2,15.5,15.5
2719,Tin Hau,29,University,71,20.9,10,2,22.5,10,2,2,12,12
2720,Tin Hau,29,Tai Po Market,72,23,11.6,2,26.5,11.6,2,2,13.5,13.5
2721,Tin Hau,29,Tai Wo,73,23,11.6,2,26.5,11.6,2,2,13.5,13.5
2722,Tin Hau,29,Fanling,74,24.5,12.4,2,27.5,12.4,2,2,14,14
2723,Tin Hau,29,Sheung Shui,75,24.5,12.4,2,27.5,12.4,2,2,14,14
2724,Tin Hau,29,Lo Wu,76,54.4,46.7,54.4,57,27.2,27.2,27.2,28,28
2725,Tin Hau,29,Lok Ma Chau,78,54.4,46.7,54.4,57,27.2,27.2,27.2,28,28
2726,Tin Hau,29,East Tsim Sha Tsui,80,13.2,6.5,2,15.5,6.5,2,2,6.5,6.5
2727,Tin Hau,29,Che Kung Temple,96,20.4,9.9,2,22,9.9,2,2,12,12
2728,Tin Hau,29,Sha Tin Wai,97,20.4,9.9,2,22,9.9,2,2,12,12
2729,Tin Hau,29,City One,98,20.4,9.9,2,22,9.9,2,2,12,12
2730,Tin Hau,29,Shek Mun,99,20.4,9.9,2,22,9.9,2,2,12,12
2731,Tin Hau,29,Tai Shui Hang,100,22.9,11.4,2,26,11.4,2,2,13.5,13.5
2732,Tin Hau,29,Heng On,101,22.9,11.4,2,26,11.4,2,2,13.5,13.5
2733,Tin Hau,29,Ma On Shan,102,22.9,11.4,2,26,11.4,2,2,13.5,13.5
2734,Tin Hau,29,Wu Kai Sha,103,22.9,11.4,2,26,11.4,2,2,13.5,13.5
2735,Tin Hau,29,Austin,111,13.2,6.5,2,15.5,6.5,2,2,6.5,6.5
2736,Tin Hau,29,Tsuen Wan West,114,17.8,9.1,2,19.5,9.1,2,2,10,10
2737,Tin Hau,29,Kam Sheung Road,115,28,14.3,2,30,14.3,2,2,15.5,15.5
2738,Tin Hau,29,Yuen Long,116,29.3,15.2,2,31,15.2,2,2,16.5,16.5
2739,Tin Hau,29,Long Ping,117,29.3,15.2,2,31,15.2,2,2,16.5,16.5
2740,Tin Hau,29,Tin Shui Wai,118,29.3,15.2,2,31,15.2,2,2,16.5,16.5
2741,Tin Hau,29,Siu Hong,119,29.3,15.2,2,31,15.2,2,2,16.5,16.5
2742,Tin Hau,29,Tuen Mun,120,29.3,15.2,2,31,15.2,2,2,16.5,16.5
2743,Tin Hau,29,Sai Ying Pun,81,7.4,3.7,2,7.5,3.7,2,2,4,4
2744,Tin Hau,29,HKU,82,7.4,3.7,2,7.5,3.7,2,2,4,4
2745,Tin Hau,29,Kennedy Town,83,7.4,3.7,2,7.5,3.7,2,2,4,4
2746,Tin Hau,29,Ho Man Tin,84,13.2,6.5,2,15.5,6.5,2,2,6.5,6.5
2747,Tin Hau,29,Whampoa,85,13.2,6.5,2,15.5,6.5,2,2,6.5,6.5
2748,Tin Hau,29,Ocean Park,86,7.4,3.7,2,7.5,3.7,2,2,4,4
2749,Tin Hau,29,Wong Chuk Hang,87,7.4,3.7,2,7.5,3.7,2,2,4,4
2750,Tin Hau,29,Lei Tung,88,7.4,3.7,2,7.5,3.7,2,2,4,4
2751,Tin Hau,29,South Horizons,89,9.2,4.4,2,10.5,4.4,2,2,4.5,4.5
2752,Tin Hau,29,Hin Keng,90,19.5,9.4,2,21.5,9.4,2,2,10.5,10.5
2753,Tin Hau,29,Kai Tak,91,13.2,6.5,2,15.5,6.5,2,2,6.5,6.5
2754,Tin Hau,29,Sung Wong Toi,92,13.2,6.5,2,15.5,6.5,2,2,6.5,6.5
2755,Tin Hau,29,To Kwa Wan,93,13.2,6.5,2,15.5,6.5,2,2,6.5,6.5
2756,Fortress Hill,30,Central,1,5.9,3.2,2,6,3.2,2,2,3.5,3.5
2757,Fortress Hill,30,Admiralty,2,5.9,3.2,2,6,3.2,2,2,3.5,3.5
2758,Fortress Hill,30,Tsim Sha Tsui,3,13.2,6.5,2,15.5,6.5,2,2,6.5,6.5
2759,Fortress Hill,30,Jordan,4,13.2,6.5,2,15.5,6.5,2,2,6.5,6.5
2760,Fortress Hill,30,Yau Ma Tei,5,13.2,6.5,2,15.5,6.5,2,2,6.5,6.5
2761,Fortress Hill,30,Mong Kok,6,13.2,6.5,2,15.5,6.5,2,2,6.5,6.5
2762,Fortress Hill,30,Shek Kip Mei,7,15.8,7.4,2,16,7.4,2,2,7.5,7.5
2763,Fortress Hill,30,Kowloon Tong,8,15.8,7.4,2,16,7.4,2,2,7.5,7.5
2764,Fortress Hill,30,Lok Fu,9,15.8,7.4,2,16,7.4,2,2,7.5,7.5
2765,Fortress Hill,30,Wong Tai Sin,10,15.8,7.4,2,16,7.4,2,2,7.5,7.5
2766,Fortress Hill,30,Diamond Hill,11,13.2,6.5,2,15.5,6.5,2,2,6.5,6.5
2767,Fortress Hill,30,Choi Hung,12,13.2,6.5,2,15.5,6.5,2,2,6.5,6.5
2768,Fortress Hill,30,Kowloon Bay,13,13.2,6.5,2,15.5,6.5,2,2,6.5,6.5
2769,Fortress Hill,30,Ngau Tau Kok,14,10.6,5.4,2,12.5,5.4,2,2,5.5,5.5
2770,Fortress Hill,30,Kwun Tong,15,10.6,5.4,2,12.5,5.4,2,2,5.5,5.5
2771,Fortress Hill,30,Prince Edward,16,13.2,6.5,2,15.5,6.5,2,2,6.5,6.5
2772,Fortress Hill,30,Sham Shui Po,17,15.8,7.4,2,16,7.4,2,2,7.5,7.5
2773,Fortress Hill,30,Cheung Sha Wan,18,15.8,7.4,2,16,7.4,2,2,7.5,7.5
2774,Fortress Hill,30,Lai Chi Kok,19,15.8,7.4,2,16,7.4,2,2,7.5,7.5
2775,Fortress Hill,30,Mei Foo,20,15.8,7.4,2,16,7.4,2,2,7.5,7.5
2776,Fortress Hill,30,Lai King,21,15.8,7.4,2,16,7.4,2,2,7.5,7.5
2777,Fortress Hill,30,Kwai Fong,22,15.8,7.4,2,16,7.4,2,2,7.5,7.5
2778,Fortress Hill,30,Kwai Hing,23,15.8,7.4,2,16,7.4,2,2,7.5,7.5
2779,Fortress Hill,30,Tai Wo Hau,24,15.8,7.4,2,16,7.4,2,2,7.5,7.5
2780,Fortress Hill,30,Tsuen Wan,25,15.8,7.4,2,16,7.4,2,2,7.5,7.5
2781,Fortress Hill,30,Sheung Wan,26,7.4,3.7,2,7.5,3.7,2,2,4,4
2782,Fortress Hill,30,Wan Chai,27,5.9,3.2,2,6,3.2,2,2,3.5,3.5
2783,Fortress Hill,30,Causeway Bay,28,4.9,3.2,2,5,3.2,2,2,3.5,3.5
2784,Fortress Hill,30,Tin Hau,29,4.9,3.2,2,5,3.2,2,2,3.5,3.5
2785,Fortress Hill,30,Fortress Hill,30,0,0,0,0,0,0,0,0,0
2786,Fortress Hill,30,North Point,31,4.9,3.2,2,5,3.2,2,2,3.5,3.5
2787,Fortress Hill,30,Quarry Bay,32,4.9,3.2,2,5,3.2,2,2,3.5,3.5
2788,Fortress Hill,30,Tai Koo,33,5.9,3.2,2,6,3.2,2,2,3.5,3.5
2789,Fortress Hill,30,Sai Wan Ho,34,5.9,3.2,2,6,3.2,2,2,3.5,3.5
2790,Fortress Hill,30,Shau Kei Wan,35,7.4,3.7,2,7.5,3.7,2,2,4,4
2791,Fortress Hill,30,Heng Fa Chuen,36,7.4,3.7,2,7.5,3.7,2,2,4,4
2792,Fortress Hill,30,Chai Wan,37,7.4,3.7,2,7.5,3.7,2,2,4,4
2793,Fortress Hill,30,Lam Tin,38,10.6,5.4,2,12.5,5.4,2,2,5.5,5.5
2794,Fortress Hill,30,Hong Kong,39,5.9,3.2,2,6,3.2,2,2,3.5,3.5
2795,Fortress Hill,30,Kowloon,40,13.2,6.5,2,15.5,6.5,2,2,6.5,6.5
2796,Fortress Hill,30,Olympic,41,13.2,6.5,2,15.5,6.5,2,2,6.5,6.5
2797,Fortress Hill,30,Tsing Yi,42,15.8,7.4,2,16,7.4,2,2,7.5,7.5
2798,Fortress Hill,30,Tung Chung,43,27.9,14.2,2,31,14.2,2,2,16.5,16.5
2799,Fortress Hill,30,Yau Tong,48,10.6,5.4,2,12.5,5.4,2,2,5.5,5.5
2800,Fortress Hill,30,Tiu Keng Leng,49,13.2,6.5,2,15.5,6.5,2,2,6.5,6.5
2801,Fortress Hill,30,Tseung Kwan O,50,13.2,6.5,2,15.5,6.5,2,2,6.5,6.5
2802,Fortress Hill,30,Hang Hau,51,13.2,6.5,2,15.5,6.5,2,2,6.5,6.5
2803,Fortress Hill,30,Po Lam,52,15.8,7.4,2,16,7.4,2,2,7.5,7.5
2804,Fortress Hill,30,Nam Cheong,53,15.8,7.4,2,16,7.4,2,2,7.5,7.5
2805,Fortress Hill,30,Sunny Bay,54,24.3,12.5,2,28,12.5,2,2,15,15
2806,Fortress Hill,30,Disneyland Resort,55,27.9,14.2,2,31,14.2,2,2,16.5,16.5
2807,Fortress Hill,30,LOHAS Park,57,15.8,7.4,2,16,7.4,2,2,7.5,7.5
2808,Fortress Hill,30,Hung Hom,64,14.8,7.2,2,16,7.2,2,2,7.5,7.5
2809,Fortress Hill,30,Mong Kok East,65,15.8,7.4,2,16,7.4,2,2,7.5,7.5
2810,Fortress Hill,30,Tai Wai,67,19.5,9.4,2,21.5,9.4,2,2,10.5,10.5
2811,Fortress Hill,30,Sha Tin,68,19.5,9.4,2,21.5,9.4,2,2,10.5,10.5
2812,Fortress Hill,30,Fo Tan,69,19.9,9.8,2,22,9.8,2,2,12,12
2813,Fortress Hill,30,Racecourse,70,27.9,13.9,27.9,30.5,13.9,2,2,15.5,15.5
2814,Fortress Hill,30,University,71,20.9,10,2,22.5,10,2,2,12,12
2815,Fortress Hill,30,Tai Po Market,72,23,11.6,2,26.5,11.6,2,2,13.5,13.5
2816,Fortress Hill,30,Tai Wo,73,23,11.6,2,26.5,11.6,2,2,13.5,13.5
2817,Fortress Hill,30,Fanling,74,24.5,12.4,2,27.5,12.4,2,2,14,14
2818,Fortress Hill,30,Sheung Shui,75,24.5,12.4,2,27.5,12.4,2,2,14,14
2819,Fortress Hill,30,Lo Wu,76,54.4,46.7,54.4,57,27.2,27.2,27.2,28,28
2820,Fortress Hill,30,Lok Ma Chau,78,54.4,46.7,54.4,57,27.2,27.2,27.2,28,28
2821,Fortress Hill,30,East Tsim Sha Tsui,80,13.2,6.5,2,15.5,6.5,2,2,6.5,6.5
2822,Fortress Hill,30,Che Kung Temple,96,20.4,9.9,2,22,9.9,2,2,12,12
2823,Fortress Hill,30,Sha Tin Wai,97,20.4,9.9,2,22,9.9,2,2,12,12
2824,Fortress Hill,30,City One,98,20.4,9.9,2,22,9.9,2,2,12,12
2825,Fortress Hill,30,Shek Mun,99,20.4,9.9,2,22,9.9,2,2,12,12
2826,Fortress Hill,30,Tai Shui Hang,100,22.9,11.4,2,26,11.4,2,2,13.5,13.5
2827,Fortress Hill,30,Heng On,101,22.9,11.4,2,26,11.4,2,2,13.5,13.5
2828,Fortress Hill,30,Ma On Shan,102,22.9,11.4,2,26,11.4,2,2,13.5,13.5
2829,Fortress Hill,30,Wu Kai Sha,103,22.9,11.4,2,26,11.4,2,2,13.5,13.5
2830,Fortress Hill,30,Austin,111,13.2,6.5,2,15.5,6.5,2,2,6.5,6.5
2831,Fortress Hill,30,Tsuen Wan West,114,18.7,9.1,2,21,9.1,2,2,10,10
2832,Fortress Hill,30,Kam Sheung Road,115,29.3,14.8,2,31,14.8,2,2,15.5,15.5
2833,Fortress Hill,30,Yuen Long,116,30.2,15.8,2,32,15.8,2,2,16.5,16.5
2834,Fortress Hill,30,Long Ping,117,30.2,15.8,2,32,15.8,2,2,16.5,16.5
2835,Fortress Hill,30,Tin Shui Wai,118,30.2,15.8,2,32,15.8,2,2,16.5,16.5
2836,Fortress Hill,30,Siu Hong,119,30.2,15.8,2,32,15.8,2,2,16.5,16.5
2837,Fortress Hill,30,Tuen Mun,120,30.2,15.8,2,32,15.8,2,2,16.5,16.5
2838,Fortress Hill,30,Sai Ying Pun,81,7.4,3.7,2,7.5,3.7,2,2,4,4
2839,Fortress Hill,30,HKU,82,7.4,3.7,2,7.5,3.7,2,2,4,4
2840,Fortress Hill,30,Kennedy Town,83,9.2,4.4,2,10.5,4.4,2,2,4.5,4.5
2841,Fortress Hill,30,Ho Man Tin,84,13.2,6.5,2,15.5,6.5,2,2,6.5,6.5
2842,Fortress Hill,30,Whampoa,85,13.2,6.5,2,15.5,6.5,2,2,6.5,6.5
2843,Fortress Hill,30,Ocean Park,86,7.4,3.7,2,7.5,3.7,2,2,4,4
2844,Fortress Hill,30,Wong Chuk Hang,87,7.4,3.7,2,7.5,3.7,2,2,4,4
2845,Fortress Hill,30,Lei Tung,88,9.2,4.4,2,10.5,4.4,2,2,4.5,4.5
2846,Fortress Hill,30,South Horizons,89,9.2,4.4,2,10.5,4.4,2,2,4.5,4.5
2847,Fortress Hill,30,Hin Keng,90,19.5,9.4,2,21.5,9.4,2,2,10.5,10.5
2848,Fortress Hill,30,Kai Tak,91,13.2,6.5,2,15.5,6.5,2,2,6.5,6.5
2849,Fortress Hill,30,Sung Wong Toi,92,13.2,6.5,2,15.5,6.5,2,2,6.5,6.5
2850,Fortress Hill,30,To Kwa Wan,93,13.2,6.5,2,15.5,6.5,2,2,6.5,6.5
2851,North Point,31,Central,1,7.4,3.7,2,7.5,3.7,2,2,4,4
2852,North Point,31,Admiralty,2,7.4,3.7,2,7.5,3.7,2,2,4,4
2853,North Point,31,Tsim Sha Tsui,3,13.2,6.5,2,15.5,6.5,2,2,6.5,6.5
2854,North Point,31,Jordan,4,13.2,6.5,2,15.5,6.5,2,2,6.5,6.5
2855,North Point,31,Yau Ma Tei,5,13.2,6.5,2,15.5,6.5,2,2,6.5,6.5
2856,North Point,31,Mong Kok,6,13.2,6.5,2,15.5,6.5,2,2,6.5,6.5
2857,North Point,31,Shek Kip Mei,7,15.8,7.4,2,16,7.4,2,2,7.5,7.5
2858,North Point,31,Kowloon Tong,8,15.8,7.4,2,16,7.4,2,2,7.5,7.5
2859,North Point,31,Lok Fu,9,15.8,7.4,2,16,7.4,2,2,7.5,7.5
2860,North Point,31,Wong Tai Sin,10,13.2,6.5,2,15.5,6.5,2,2,6.5,6.5
2861,North Point,31,Diamond Hill,11,13.2,6.5,2,15.5,6.5,2,2,6.5,6.5
2862,North Point,31,Choi Hung,12,13.2,6.5,2,15.5,6.5,2,2,6.5,6.5
2863,North Point,31,Kowloon Bay,13,13.2,6.5,2,15.5,6.5,2,2,6.5,6.5
2864,North Point,31,Ngau Tau Kok,14,10.6,5.4,2,12.5,5.4,2,2,5.5,5.5
2865,North Point,31,Kwun Tong,15,10.6,5.4,2,12.5,5.4,2,2,5.5,5.5
2866,North Point,31,Prince Edward,16,15.8,7.4,2,16,7.4,2,2,7.5,7.5
2867,North Point,31,Sham Shui Po,17,15.8,7.4,2,16,7.4,2,2,7.5,7.5
2868,North Point,31,Cheung Sha Wan,18,15.8,7.4,2,16,7.4,2,2,7.5,7.5
2869,North Point,31,Lai Chi Kok,19,15.8,7.4,2,16,7.4,2,2,7.5,7.5
2870,North Point,31,Mei Foo,20,15.8,7.4,2,16,7.4,2,2,7.5,7.5
2871,North Point,31,Lai King,21,15.8,7.4,2,16,7.4,2,2,7.5,7.5
2872,North Point,31,Kwai Fong,22,15.8,7.4,2,16,7.4,2,2,7.5,7.5
2873,North Point,31,Kwai Hing,23,15.8,7.4,2,16,7.4,2,2,7.5,7.5
2874,North Point,31,Tai Wo Hau,24,15.8,7.4,2,16,7.4,2,2,7.5,7.5
2875,North Point,31,Tsuen Wan,25,15.8,7.4,2,16,7.4,2,2,7.5,7.5
2876,North Point,31,Sheung Wan,26,7.4,3.7,2,7.5,3.7,2,2,4,4
2877,North Point,31,Wan Chai,27,5.9,3.2,2,6,3.2,2,2,3.5,3.5
2878,North Point,31,Causeway Bay,28,5.9,3.2,2,6,3.2,2,2,3.5,3.5
2879,North Point,31,Tin Hau,29,4.9,3.2,2,5,3.2,2,2,3.5,3.5
2880,North Point,31,Fortress Hill,30,4.9,3.2,2,5,3.2,2,2,3.5,3.5
2881,North Point,31,North Point,31,0,0,0,0,0,0,0,0,0
2882,North Point,31,Quarry Bay,32,4.9,3.2,2,5,3.2,2,2,3.5,3.5
2883,North Point,31,Tai Koo,33,4.9,3.2,2,5,3.2,2,2,3.5,3.5
2884,North Point,31,Sai Wan Ho,34,5.9,3.2,2,6,3.2,2,2,3.5,3.5
2885,North Point,31,Shau Kei Wan,35,5.9,3.2,2,6,3.2,2,2,3.5,3.5
2886,North Point,31,Heng Fa Chuen,36,7.4,3.7,2,7.5,3.7,2,2,4,4
2887,North Point,31,Chai Wan,37,7.4,3.7,2,7.5,3.7,2,2,4,4
2888,North Point,31,Lam Tin,38,10.6,5.4,2,12.5,5.4,2,2,5.5,5.5
2889,North Point,31,Hong Kong,39,7.4,3.7,2,7.5,3.7,2,2,4,4
2890,North Point,31,Kowloon,40,13.2,6.5,2,15.5,6.5,2,2,6.5,6.5
2891,North Point,31,Olympic,41,13.2,6.5,2,15.5,6.5,2,2,6.5,6.5
2892,North Point,31,Tsing Yi,42,15.8,7.4,2,16,7.4,2,2,7.5,7.5
2893,North Point,31,Tung Chung,43,27.9,14.2,2,31,14.2,2,2,16.5,16.5
2894,North Point,31,Yau Tong,48,10.6,5.4,2,12.5,5.4,2,2,5.5,5.5
2895,North Point,31,Tiu Keng Leng,49,13.2,6.5,2,15.5,6.5,2,2,6.5,6.5
2896,North Point,31,Tseung Kwan O,50,13.2,6.5,2,15.5,6.5,2,2,6.5,6.5
2897,North Point,31,Hang Hau,51,13.2,6.5,2,15.5,6.5,2,2,6.5,6.5
2898,North Point,31,Po Lam,52,13.2,6.5,2,15.5,6.5,2,2,6.5,6.5
2899,North Point,31,Nam Cheong,53,15.8,7.4,2,16,7.4,2,2,7.5,7.5
2900,North Point,31,Sunny Bay,54,24.3,12.5,2,28,12.5,2,2,15,15
2901,North Point,31,Disneyland Resort,55,27.9,14.2,2,31,14.2,2,2,16.5,16.5
2902,North Point,31,LOHAS Park,57,13.2,6.5,2,15.5,6.5,2,2,6.5,6.5
2903,North Point,31,Hung Hom,64,14.8,7.2,2,17,7.2,2,2,7.5,7.5
2904,North Point,31,Mong Kok East,65,16.1,7.6,2,17.5,7.6,2,2,8,8
2905,North Point,31,Tai Wai,67,19.5,9.4,2,21.5,9.4,2,2,10.5,10.5
2906,North Point,31,Sha Tin,68,19.5,9.4,2,21.5,9.4,2,2,10.5,10.5
2907,North Point,31,Fo Tan,69,19.9,9.8,2,22,9.8,2,2,12,12
2908,North Point,31,Racecourse,70,27.9,13.9,27.9,30.5,13.9,2,2,15.5,15.5
2909,North Point,31,University,71,20.9,10,2,22.5,10,2,2,12,12
2910,North Point,31,Tai Po Market,72,23,11.6,2,26.5,11.6,2,2,13.5,13.5
2911,North Point,31,Tai Wo,73,23,11.6,2,26.5,11.6,2,2,13.5,13.5
2912,North Point,31,Fanling,74,24.5,12.4,2,27.5,12.4,2,2,14,14
2913,North Point,31,Sheung Shui,75,24.5,12.4,2,27.5,12.4,2,2,14,14
2914,North Point,31,Lo Wu,76,54.4,46.7,54.4,57,27.2,27.2,27.2,28,28
2915,North Point,31,Lok Ma Chau,78,54.4,46.7,54.4,57,27.2,27.2,27.2,28,28
2916,North Point,31,East Tsim Sha Tsui,80,13.2,6.5,2,15.5,6.5,2,2,6.5,6.5
2917,North Point,31,Che Kung Temple,96,20.4,9.9,2,22,9.9,2,2,12,12
2918,North Point,31,Sha Tin Wai,97,20.4,9.9,2,22,9.9,2,2,12,12
2919,North Point,31,City One,98,20.4,9.9,2,22,9.9,2,2,12,12
2920,North Point,31,Shek Mun,99,20.4,9.9,2,22,9.9,2,2,12,12
2921,North Point,31,Tai Shui Hang,100,22.9,11.4,2,26,11.4,2,2,13.5,13.5
2922,North Point,31,Heng On,101,22.9,11.4,2,26,11.4,2,2,13.5,13.5
2923,North Point,31,Ma On Shan,102,22.9,11.4,2,26,11.4,2,2,13.5,13.5
2924,North Point,31,Wu Kai Sha,103,22.9,11.4,2,26,11.4,2,2,13.5,13.5
2925,North Point,31,Austin,111,13.2,6.5,2,15.5,6.5,2,2,6.5,6.5
2926,North Point,31,Tsuen Wan West,114,18.7,9.1,2,21,9.1,2,2,10,10
2927,North Point,31,Kam Sheung Road,115,29.3,14.8,2,31,14.8,2,2,15.5,15.5
2928,North Point,31,Yuen Long,116,30.2,15.8,2,32,15.8,2,2,16.5,16.5
2929,North Point,31,Long Ping,117,30.2,15.8,2,32,15.8,2,2,16.5,16.5
2930,North Point,31,Tin Shui Wai,118,30.2,15.8,2,32,15.8,2,2,16.5,16.5
2931,North Point,31,Siu Hong,119,30.2,15.8,2,32,15.8,2,2,16.5,16.5
2932,North Point,31,Tuen Mun,120,30.2,15.8,2,32,15.8,2,2,16.5,16.5
2933,North Point,31,Sai Ying Pun,81,7.4,3.7,2,7.5,3.7,2,2,4,4
2934,North Point,31,HKU,82,9.2,4.4,2,10.5,4.4,2,2,4.5,4.5
2935,North Point,31,Kennedy Town,83,9.2,4.4,2,10.5,4.4,2,2,4.5,4.5
2936,North Point,31,Ho Man Tin,84,13.2,6.5,2,15.5,6.5,2,2,6.5,6.5
2937,North Point,31,Whampoa,85,15.8,7.4,2,16,7.4,2,2,7.5,7.5
2938,North Point,31,Ocean Park,86,7.4,3.7,2,7.5,3.7,2,2,4,4
2939,North Point,31,Wong Chuk Hang,87,9.2,4.4,2,10.5,4.4,2,2,4.5,4.5
2940,North Point,31,Lei Tung,88,9.2,4.4,2,10.5,4.4,2,2,4.5,4.5
2941,North Point,31,South Horizons,89,9.2,4.4,2,10.5,4.4,2,2,4.5,4.5
2942,North Point,31,Hin Keng,90,19.5,9.4,2,21.5,9.4,2,2,10.5,10.5
2943,North Point,31,Kai Tak,91,13.2,6.5,2,15.5,6.5,2,2,6.5,6.5
2944,North Point,31,Sung Wong Toi,92,13.2,6.5,2,15.5,6.5,2,2,6.5,6.5
2945,North Point,31,To Kwa Wan,93,13.2,6.5,2,15.5,6.5,2,2,6.5,6.5
2946,Quarry Bay,32,Central,1,7.4,3.7,2,7.5,3.7,2,2,4,4
2947,Quarry Bay,32,Admiralty,2,7.4,3.7,2,7.5,3.7,2,2,4,4
2948,Quarry Bay,32,Tsim Sha Tsui,3,13.2,6.5,2,15.5,6.5,2,2,6.5,6.5
2949,Quarry Bay,32,Jordan,4,13.2,6.5,2,15.5,6.5,2,2,6.5,6.5
2950,Quarry Bay,32,Yau Ma Tei,5,13.2,6.5,2,15.5,6.5,2,2,6.5,6.5
2951,Quarry Bay,32,Mong Kok,6,15.8,7.4,2,16,7.4,2,2,7.5,7.5
2952,Quarry Bay,32,Shek Kip Mei,7,15.8,7.4,2,16,7.4,2,2,7.5,7.5
2953,Quarry Bay,32,Kowloon Tong,8,15.8,7.4,2,16,7.4,2,2,7.5,7.5
2954,Quarry Bay,32,Lok Fu,9,15.8,7.4,2,16,7.4,2,2,7.5,7.5
2955,Quarry Bay,32,Wong Tai Sin,10,13.2,6.5,2,15.5,6.5,2,2,6.5,6.5
2956,Quarry Bay,32,Diamond Hill,11,13.2,6.5,2,15.5,6.5,2,2,6.5,6.5
2957,Quarry Bay,32,Choi Hung,12,13.2,6.5,2,15.5,6.5,2,2,6.5,6.5
2958,Quarry Bay,32,Kowloon Bay,13,13.2,6.5,2,15.5,6.5,2,2,6.5,6.5
2959,Quarry Bay,32,Ngau Tau Kok,14,10.6,5.4,2,12.5,5.4,2,2,5.5,5.5
2960,Quarry Bay,32,Kwun Tong,15,10.6,5.4,2,12.5,5.4,2,2,5.5,5.5
2961,Quarry Bay,32,Prince Edward,16,15.8,7.4,2,16,7.4,2,2,7.5,7.5
2962,Quarry Bay,32,Sham Shui Po,17,15.8,7.4,2,16,7.4,2,2,7.5,7.5
2963,Quarry Bay,32,Cheung Sha Wan,18,15.8,7.4,2,16,7.4,2,2,7.5,7.5
2964,Quarry Bay,32,Lai Chi Kok,19,15.8,7.4,2,16,7.4,2,2,7.5,7.5
2965,Quarry Bay,32,Mei Foo,20,15.8,7.4,2,16,7.4,2,2,7.5,7.5
2966,Quarry Bay,32,Lai King,21,15.8,7.4,2,16,7.4,2,2,7.5,7.5
2967,Quarry Bay,32,Kwai Fong,22,15.8,7.4,2,16,7.4,2,2,7.5,7.5
2968,Quarry Bay,32,Kwai Hing,23,15.8,7.4,2,16,7.4,2,2,7.5,7.5
2969,Quarry Bay,32,Tai Wo Hau,24,15.8,7.4,2,16,7.4,2,2,7.5,7.5
2970,Quarry Bay,32,Tsuen Wan,25,15.8,7.4,2,16,7.4,2,2,7.5,7.5
2971,Quarry Bay,32,Sheung Wan,26,7.4,3.7,2,7.5,3.7,2,2,4,4
2972,Quarry Bay,32,Wan Chai,27,7.4,3.7,2,7.5,3.7,2,2,4,4
2973,Quarry Bay,32,Causeway Bay,28,5.9,3.2,2,6,3.2,2,2,3.5,3.5
2974,Quarry Bay,32,Tin Hau,29,5.9,3.2,2,6,3.2,2,2,3.5,3.5
2975,Quarry Bay,32,Fortress Hill,30,4.9,3.2,2,5,3.2,2,2,3.5,3.5
2976,Quarry Bay,32,North Point,31,4.9,3.2,2,5,3.2,2,2,3.5,3.5
2977,Quarry Bay,32,Quarry Bay,32,0,0,0,0,0,0,0,0,0
2978,Quarry Bay,32,Tai Koo,33,4.9,3.2,2,5,3.2,2,2,3.5,3.5
2979,Quarry Bay,32,Sai Wan Ho,34,4.9,3.2,2,5,3.2,2,2,3.5,3.5
2980,Quarry Bay,32,Shau Kei Wan,35,5.9,3.2,2,6,3.2,2,2,3.5,3.5
2981,Quarry Bay,32,Heng Fa Chuen,36,5.9,3.2,2,6,3.2,2,2,3.5,3.5
2982,Quarry Bay,32,Chai Wan,37,7.4,3.7,2,7.5,3.7,2,2,4,4
2983,Quarry Bay,32,Lam Tin,38,10.6,5.4,2,12.5,5.4,2,2,5.5,5.5
2984,Quarry Bay,32,Hong Kong,39,7.4,3.7,2,7.5,3.7,2,2,4,4
2985,Quarry Bay,32,Kowloon,40,13.2,6.5,2,15.5,6.5,2,2,6.5,6.5
2986,Quarry Bay,32,Olympic,41,15.8,7.4,2,16,7.4,2,2,7.5,7.5
2987,Quarry Bay,32,Tsing Yi,42,15.8,7.4,2,16,7.4,2,2,7.5,7.5
2988,Quarry Bay,32,Tung Chung,43,27.9,14.2,2,31,14.2,2,2,16.5,16.5
2989,Quarry Bay,32,Yau Tong,48,10.6,5.4,2,12.5,5.4,2,2,5.5,5.5
2990,Quarry Bay,32,Tiu Keng Leng,49,13.2,6.5,2,15.5,6.5,2,2,6.5,6.5
2991,Quarry Bay,32,Tseung Kwan O,50,13.2,6.5,2,15.5,6.5,2,2,6.5,6.5
2992,Quarry Bay,32,Hang Hau,51,13.2,6.5,2,15.5,6.5,2,2,6.5,6.5
2993,Quarry Bay,32,Po Lam,52,13.2,6.5,2,15.5,6.5,2,2,6.5,6.5
2994,Quarry Bay,32,Nam Cheong,53,15.8,7.4,2,16,7.4,2,2,7.5,7.5
2995,Quarry Bay,32,Sunny Bay,54,24.3,12.5,2,28,12.5,2,2,15,15
2996,Quarry Bay,32,Disneyland Resort,55,27.9,14.2,2,31,14.2,2,2,16.5,16.5
2997,Quarry Bay,32,LOHAS Park,57,13.2,6.5,2,15.5,6.5,2,2,6.5,6.5
2998,Quarry Bay,32,Hung Hom,64,14.8,7.2,2,17,7.2,2,2,7.5,7.5
2999,Quarry Bay,32,Mong Kok East,65,16.1,7.6,2,17.5,7.6,2,2,8,8
3000,Quarry Bay,32,Tai Wai,67,19.5,9.4,2,21.5,9.4,2,2,10.5,10.5
3001,Quarry Bay,32,Sha Tin,68,19.5,9.4,2,21.5,9.4,2,2,10.5,10.5
3002,Quarry Bay,32,Fo Tan,69,19.9,9.8,2,22,9.8,2,2,12,12
3003,Quarry Bay,32,Racecourse,70,27.9,13.9,27.9,30.5,13.9,2,2,15.5,15.5
3004,Quarry Bay,32,University,71,20.9,10,2,22.5,10,2,2,12,12
3005,Quarry Bay,32,Tai Po Market,72,23,11.6,2,26.5,11.6,2,2,13.5,13.5
3006,Quarry Bay,32,Tai Wo,73,23,11.6,2,26.5,11.6,2,2,13.5,13.5
3007,Quarry Bay,32,Fanling,74,24.5,12.4,2,27.5,12.4,2,2,14,14
3008,Quarry Bay,32,Sheung Shui,75,24.5,12.4,2,27.5,12.4,2,2,14,14
3009,Quarry Bay,32,Lo Wu,76,54.4,46.7,54.4,57,27.2,27.2,27.2,28,28
3010,Quarry Bay,32,Lok Ma Chau,78,54.4,46.7,54.4,57,27.2,27.2,27.2,28,28
3011,Quarry Bay,32,East Tsim Sha Tsui,80,13.2,6.5,2,15.5,6.5,2,2,6.5,6.5
3012,Quarry Bay,32,Che Kung Temple,96,20.4,9.9,2,22,9.9,2,2,12,12
3013,Quarry Bay,32,Sha Tin Wai,97,20.4,9.9,2,22,9.9,2,2,12,12
3014,Quarry Bay,32,City One,98,20.4,9.9,2,22,9.9,2,2,12,12
3015,Quarry Bay,32,Shek Mun,99,20.4,9.9,2,22,9.9,2,2,12,12
3016,Quarry Bay,32,Tai Shui Hang,100,22.9,11.4,2,26,11.4,2,2,13.5,13.5
3017,Quarry Bay,32,Heng On,101,22.9,11.4,2,26,11.4,2,2,13.5,13.5
3018,Quarry Bay,32,Ma On Shan,102,22.9,11.4,2,26,11.4,2,2,13.5,13.5
3019,Quarry Bay,32,Wu Kai Sha,103,22.9,11.4,2,26,11.4,2,2,13.5,13.5
3020,Quarry Bay,32,Austin,111,13.2,6.5,2,15.5,6.5,2,2,6.5,6.5
3021,Quarry Bay,32,Tsuen Wan West,114,18.7,9.1,2,21,9.1,2,2,10,10
3022,Quarry Bay,32,Kam Sheung Road,115,29.3,14.8,2,31,14.8,2,2,15.5,15.5
3023,Quarry Bay,32,Yuen Long,116,30.2,15.8,2,32,15.8,2,2,16.5,16.5
3024,Quarry Bay,32,Long Ping,117,30.2,15.8,2,32,15.8,2,2,16.5,16.5
3025,Quarry Bay,32,Tin Shui Wai,118,30.2,15.8,2,32,15.8,2,2,16.5,16.5
3026,Quarry Bay,32,Siu Hong,119,30.2,15.8,2,32,15.8,2,2,16.5,16.5
3027,Quarry Bay,32,Tuen Mun,120,30.2,15.8,2,32,15.8,2,2,16.5,16.5
3028,Quarry Bay,32,Sai Ying Pun,81,9.2,4.4,2,10.5,4.4,2,2,4.5,4.5
3029,Quarry Bay,32,HKU,82,9.2,4.4,2,10.5,4.4,2,2,4.5,4.5
3030,Quarry Bay,32,Kennedy Town,83,9.2,4.4,2,10.5,4.4,2,2,4.5,4.5
3031,Quarry Bay,32,Ho Man Tin,84,15.8,7.4,2,16,7.4,2,2,7.5,7.5
3032,Quarry Bay,32,Whampoa,85,15.8,7.4,2,16,7.4,2,2,7.5,7.5
3033,Quarry Bay,32,Ocean Park,86,9.2,4.4,2,10.5,4.4,2,2,4.5,4.5
3034,Quarry Bay,32,Wong Chuk Hang,87,9.2,4.4,2,10.5,4.4,2,2,4.5,4.5
3035,Quarry Bay,32,Lei Tung,88,9.2,4.4,2,10.5,4.4,2,2,4.5,4.5
3036,Quarry Bay,32,South Horizons,89,9.2,4.4,2,10.5,4.4,2,2,4.5,4.5
3037,Quarry Bay,32,Hin Keng,90,19.5,9.4,2,21.5,9.4,2,2,10.5,10.5
3038,Quarry Bay,32,Kai Tak,91,13.2,6.5,2,15.5,6.5,2,2,6.5,6.5
3039,Quarry Bay,32,Sung Wong Toi,92,13.2,6.5,2,15.5,6.5,2,2,6.5,6.5
3040,Quarry Bay,32,To Kwa Wan,93,15.8,7.4,2,16,7.4,2,2,7.5,7.5
3041,Tai Koo,33,Central,1,7.4,3.7,2,7.5,3.7,2,2,4,4
3042,Tai Koo,33,Admiralty,2,7.4,3.7,2,7.5,3.7,2,2,4,4
3043,Tai Koo,33,Tsim Sha Tsui,3,15.8,7.4,2,16,7.4,2,2,7.5,7.5
3044,Tai Koo,33,Jordan,4,15.8,7.4,2,16,7.4,2,2,7.5,7.5
3045,Tai Koo,33,Yau Ma Tei,5,15.8,7.4,2,16,7.4,2,2,7.5,7.5
3046,Tai Koo,33,Mong Kok,6,15.8,7.4,2,16,7.4,2,2,7.5,7.5
3047,Tai Koo,33,Shek Kip Mei,7,15.8,7.4,2,16,7.4,2,2,7.5,7.5
3048,Tai Koo,33,Kowloon Tong,8,15.8,7.4,2,16,7.4,2,2,7.5,7.5
3049,Tai Koo,33,Lok Fu,9,15.8,7.4,2,16,7.4,2,2,7.5,7.5
3050,Tai Koo,33,Wong Tai Sin,10,13.2,6.5,2,15.5,6.5,2,2,6.5,6.5
3051,Tai Koo,33,Diamond Hill,11,13.2,6.5,2,15.5,6.5,2,2,6.5,6.5
3052,Tai Koo,33,Choi Hung,12,13.2,6.5,2,15.5,6.5,2,2,6.5,6.5
3053,Tai Koo,33,Kowloon Bay,13,13.2,6.5,2,15.5,6.5,2,2,6.5,6.5
3054,Tai Koo,33,Ngau Tau Kok,14,10.6,5.4,2,12.5,5.4,2,2,5.5,5.5
3055,Tai Koo,33,Kwun Tong,15,10.6,5.4,2,12.5,5.4,2,2,5.5,5.5
3056,Tai Koo,33,Prince Edward,16,15.8,7.4,2,16,7.4,2,2,7.5,7.5
3057,Tai Koo,33,Sham Shui Po,17,15.8,7.4,2,16,7.4,2,2,7.5,7.5
3058,Tai Koo,33,Cheung Sha Wan,18,15.8,7.4,2,16,7.4,2,2,7.5,7.5
3059,Tai Koo,33,Lai Chi Kok,19,15.8,7.4,2,16,7.4,2,2,7.5,7.5
3060,Tai Koo,33,Mei Foo,20,15.8,7.4,2,16,7.4,2,2,7.5,7.5
3061,Tai Koo,33,Lai King,21,15.8,7.4,2,16,7.4,2,2,7.5,7.5
3062,Tai Koo,33,Kwai Fong,22,15.8,7.4,2,16,7.4,2,2,7.5,7.5
3063,Tai Koo,33,Kwai Hing,23,15.8,7.4,2,16,7.4,2,2,7.5,7.5
3064,Tai Koo,33,Tai Wo Hau,24,15.8,7.4,2,16,7.4,2,2,7.5,7.5
3065,Tai Koo,33,Tsuen Wan,25,15.8,7.4,2,16,7.4,2,2,7.5,7.5
3066,Tai Koo,33,Sheung Wan,26,9.2,4.4,2,10.5,4.4,2,2,4.5,4.5
3067,Tai Koo,33,Wan Chai,27,7.4,3.7,2,7.5,3.7,2,2,4,4
3068,Tai Koo,33,Causeway Bay,28,7.4,3.7,2,7.5,3.7,2,2,4,4
3069,Tai Koo,33,Tin Hau,29,5.9,3.2,2,6,3.2,2,2,3.5,3.5
3070,Tai Koo,33,Fortress Hill,30,5.9,3.2,2,6,3.2,2,2,3.5,3.5
3071,Tai Koo,33,North Point,31,4.9,3.2,2,5,3.2,2,2,3.5,3.5
3072,Tai Koo,33,Quarry Bay,32,4.9,3.2,2,5,3.2,2,2,3.5,3.5
3073,Tai Koo,33,Tai Koo,33,0,0,0,0,0,0,0,0,0
3074,Tai Koo,33,Sai Wan Ho,34,4.9,3.2,2,5,3.2,2,2,3.5,3.5
3075,Tai Koo,33,Shau Kei Wan,35,4.9,3.2,2,5,3.2,2,2,3.5,3.5
3076,Tai Koo,33,Heng Fa Chuen,36,5.9,3.2,2,6,3.2,2,2,3.5,3.5
3077,Tai Koo,33,Chai Wan,37,5.9,3.2,2,6,3.2,2,2,3.5,3.5
3078,Tai Koo,33,Lam Tin,38,10.6,5.4,2,12.5,5.4,2,2,5.5,5.5
3079,Tai Koo,33,Hong Kong,39,7.4,3.7,2,7.5,3.7,2,2,4,4
3080,Tai Koo,33,Kowloon,40,15.8,7.4,2,16,7.4,2,2,7.5,7.5
3081,Tai Koo,33,Olympic,41,15.8,7.4,2,16,7.4,2,2,7.5,7.5
3082,Tai Koo,33,Tsing Yi,42,15.8,7.4,2,16,7.4,2,2,7.5,7.5
3083,Tai Koo,33,Tung Chung,43,27.9,14.2,2,31,14.2,2,2,16.5,16.5
3084,Tai Koo,33,Yau Tong,48,10.6,5.4,2,12.5,5.4,2,2,5.5,5.5
3085,Tai Koo,33,Tiu Keng Leng,49,13.2,6.5,2,15.5,6.5,2,2,6.5,6.5
3086,Tai Koo,33,Tseung Kwan O,50,13.2,6.5,2,15.5,6.5,2,2,6.5,6.5
3087,Tai Koo,33,Hang Hau,51,13.2,6.5,2,15.5,6.5,2,2,6.5,6.5
3088,Tai Koo,33,Po Lam,52,13.2,6.5,2,15.5,6.5,2,2,6.5,6.5
3089,Tai Koo,33,Nam Cheong,53,15.8,7.4,2,16,7.4,2,2,7.5,7.5
3090,Tai Koo,33,Sunny Bay,54,24.3,12.5,2,28,12.5,2,2,15,15
3091,Tai Koo,33,Disneyland Resort,55,27.9,14.2,2,31,14.2,2,2,16.5,16.5
3092,Tai Koo,33,LOHAS Park,57,13.2,6.5,2,15.5,6.5,2,2,6.5,6.5
3093,Tai Koo,33,Hung Hom,64,17,7.8,2,19,7.8,2,2,8,8
3094,Tai Koo,33,Mong Kok East,65,17,7.8,2,19,7.8,2,2,8,8
3095,Tai Koo,33,Tai Wai,67,19.5,9.4,2,21.5,9.4,2,2,10.5,10.5
3096,Tai Koo,33,Sha Tin,68,19.5,9.4,2,21.5,9.4,2,2,10.5,10.5
3097,Tai Koo,33,Fo Tan,69,19.9,9.8,2,22,9.8,2,2,12,12
3098,Tai Koo,33,Racecourse,70,27.9,13.9,27.9,30.5,13.9,2,2,15.5,15.5
3099,Tai Koo,33,University,71,20.9,10,2,22.5,10,2,2,12,12
3100,Tai Koo,33,Tai Po Market,72,23,11.6,2,26.5,11.6,2,2,13.5,13.5
3101,Tai Koo,33,Tai Wo,73,23,11.6,2,26.5,11.6,2,2,13.5,13.5
3102,Tai Koo,33,Fanling,74,24.5,12.4,2,27.5,12.4,2,2,14,14
3103,Tai Koo,33,Sheung Shui,75,24.5,12.4,2,27.5,12.4,2,2,14,14
3104,Tai Koo,33,Lo Wu,76,54.4,46.7,54.4,57,27.2,27.2,27.2,28,28
3105,Tai Koo,33,Lok Ma Chau,78,54.4,46.7,54.4,57,27.2,27.2,27.2,28,28
3106,Tai Koo,33,East Tsim Sha Tsui,80,15.8,7.4,2,16,7.4,2,2,7.5,7.5
3107,Tai Koo,33,Che Kung Temple,96,20.4,9.9,2,22,9.9,2,2,12,12
3108,Tai Koo,33,Sha Tin Wai,97,20.4,9.9,2,22,9.9,2,2,12,12
3109,Tai Koo,33,City One,98,20.4,9.9,2,22,9.9,2,2,12,12
3110,Tai Koo,33,Shek Mun,99,20.4,9.9,2,22,9.9,2,2,12,12
3111,Tai Koo,33,Tai Shui Hang,100,22.9,11.4,2,26,11.4,2,2,13.5,13.5
3112,Tai Koo,33,Heng On,101,22.9,11.4,2,26,11.4,2,2,13.5,13.5
3113,Tai Koo,33,Ma On Shan,102,22.9,11.4,2,26,11.4,2,2,13.5,13.5
3114,Tai Koo,33,Wu Kai Sha,103,22.9,11.4,2,26,11.4,2,2,13.5,13.5
3115,Tai Koo,33,Austin,111,15.8,7.4,2,16,7.4,2,2,7.5,7.5
3116,Tai Koo,33,Tsuen Wan West,114,18.7,9.1,2,21,9.1,2,2,10,10
3117,Tai Koo,33,Kam Sheung Road,115,29.3,14.8,2,31,14.8,2,2,15.5,15.5
3118,Tai Koo,33,Yuen Long,116,30.2,15.8,2,32,15.8,2,2,16.5,16.5
3119,Tai Koo,33,Long Ping,117,30.2,15.8,2,32,15.8,2,2,16.5,16.5
3120,Tai Koo,33,Tin Shui Wai,118,30.2,15.8,2,32,15.8,2,2,16.5,16.5
3121,Tai Koo,33,Siu Hong,119,30.2,15.8,2,32,15.8,2,2,16.5,16.5
3122,Tai Koo,33,Tuen Mun,120,30.2,15.8,2,32,15.8,2,2,16.5,16.5
3123,Tai Koo,33,Sai Ying Pun,81,9.2,4.4,2,10.5,4.4,2,2,4.5,4.5
3124,Tai Koo,33,HKU,82,9.2,4.4,2,10.5,4.4,2,2,4.5,4.5
3125,Tai Koo,33,Kennedy Town,83,9.2,4.4,2,10.5,4.4,2,2,4.5,4.5
3126,Tai Koo,33,Ho Man Tin,84,15.8,7.4,2,16,7.4,2,2,7.5,7.5
3127,Tai Koo,33,Whampoa,85,15.8,7.4,2,16,7.4,2,2,7.5,7.5
3128,Tai Koo,33,Ocean Park,86,9.2,4.4,2,10.5,4.4,2,2,4.5,4.5
3129,Tai Koo,33,Wong Chuk Hang,87,9.2,4.4,2,10.5,4.4,2,2,4.5,4.5
3130,Tai Koo,33,Lei Tung,88,9.2,4.4,2,10.5,4.4,2,2,4.5,4.5
3131,Tai Koo,33,South Horizons,89,9.2,4.4,2,10.5,4.4,2,2,4.5,4.5
3132,Tai Koo,33,Hin Keng,90,19.5,9.4,2,21.5,9.4,2,2,10.5,10.5
3133,Tai Koo,33,Kai Tak,91,13.2,6.5,2,15.5,6.5,2,2,6.5,6.5
3134,Tai Koo,33,Sung Wong Toi,92,15.8,7.4,2,16,7.4,2,2,7.5,7.5
3135,Tai Koo,33,To Kwa Wan,93,15.8,7.4,2,16,7.4,2,2,7.5,7.5
3136,Sai Wan Ho,34,Central,1,9.2,4.4,2,10.5,4.4,2,2,4.5,4.5
3137,Sai Wan Ho,34,Admiralty,2,9.2,4.4,2,10.5,4.4,2,2,4.5,4.5
3138,Sai Wan Ho,34,Tsim Sha Tsui,3,15.8,7.4,2,16,7.4,2,2,7.5,7.5
3139,Sai Wan Ho,34,Jordan,4,15.8,7.4,2,16,7.4,2,2,7.5,7.5
3140,Sai Wan Ho,34,Yau Ma Tei,5,15.8,7.4,2,16,7.4,2,2,7.5,7.5
3141,Sai Wan Ho,34,Mong Kok,6,15.8,7.4,2,16,7.4,2,2,7.5,7.5
3142,Sai Wan Ho,34,Shek Kip Mei,7,15.8,7.4,2,16,7.4,2,2,7.5,7.5
3143,Sai Wan Ho,34,Kowloon Tong,8,15.8,7.4,2,16,7.4,2,2,7.5,7.5
3144,Sai Wan Ho,34,Lok Fu,9,15.8,7.4,2,16,7.4,2,2,7.5,7.5
3145,Sai Wan Ho,34,Wong Tai Sin,10,15.8,7.4,2,16,7.4,2,2,7.5,7.5
3146,Sai Wan Ho,34,Diamond Hill,11,13.2,6.5,2,15.5,6.5,2,2,6.5,6.5
3147,Sai Wan Ho,34,Choi Hung,12,13.2,6.5,2,15.5,6.5,2,2,6.5,6.5
3148,Sai Wan Ho,34,Kowloon Bay,13,13.2,6.5,2,15.5,6.5,2,2,6.5,6.5
3149,Sai Wan Ho,34,Ngau Tau Kok,14,10.6,5.4,2,12.5,5.4,2,2,5.5,5.5
3150,Sai Wan Ho,34,Kwun Tong,15,10.6,5.4,2,12.5,5.4,2,2,5.5,5.5
3151,Sai Wan Ho,34,Prince Edward,16,15.8,7.4,2,16,7.4,2,2,7.5,7.5
3152,Sai Wan Ho,34,Sham Shui Po,17,15.8,7.4,2,16,7.4,2,2,7.5,7.5
3153,Sai Wan Ho,34,Cheung Sha Wan,18,15.8,7.4,2,16,7.4,2,2,7.5,7.5
3154,Sai Wan Ho,34,Lai Chi Kok,19,15.8,7.4,2,16,7.4,2,2,7.5,7.5
3155,Sai Wan Ho,34,Mei Foo,20,15.8,7.4,2,16,7.4,2,2,7.5,7.5
3156,Sai Wan Ho,34,Lai King,21,15.8,7.4,2,16,7.4,2,2,7.5,7.5
3157,Sai Wan Ho,34,Kwai Fong,22,15.8,7.4,2,16,7.4,2,2,7.5,7.5
3158,Sai Wan Ho,34,Kwai Hing,23,15.8,7.4,2,16,7.4,2,2,7.5,7.5
3159,Sai Wan Ho,34,Tai Wo Hau,24,15.8,7.4,2,16,7.4,2,2,7.5,7.5
3160,Sai Wan Ho,34,Tsuen Wan,25,15.8,7.4,2,16,7.4,2,2,7.5,7.5
3161,Sai Wan Ho,34,Sheung Wan,26,9.2,4.4,2,10.5,4.4,2,2,4.5,4.5
3162,Sai Wan Ho,34,Wan Chai,27,9.2,4.4,2,10.5,4.4,2,2,4.5,4.5
3163,Sai Wan Ho,34,Causeway Bay,28,7.4,3.7,2,7.5,3.7,2,2,4,4
3164,Sai Wan Ho,34,Tin Hau,29,7.4,3.7,2,7.5,3.7,2,2,4,4
3165,Sai Wan Ho,34,Fortress Hill,30,5.9,3.2,2,6,3.2,2,2,3.5,3.5
3166,Sai Wan Ho,34,North Point,31,5.9,3.2,2,6,3.2,2,2,3.5,3.5
3167,Sai Wan Ho,34,Quarry Bay,32,4.9,3.2,2,5,3.2,2,2,3.5,3.5
3168,Sai Wan Ho,34,Tai Koo,33,4.9,3.2,2,5,3.2,2,2,3.5,3.5
3169,Sai Wan Ho,34,Sai Wan Ho,34,0,0,0,0,0,0,0,0,0
3170,Sai Wan Ho,34,Shau Kei Wan,35,4.9,3.2,2,5,3.2,2,2,3.5,3.5
3171,Sai Wan Ho,34,Heng Fa Chuen,36,4.9,3.2,2,5,3.2,2,2,3.5,3.5
3172,Sai Wan Ho,34,Chai Wan,37,4.9,3.2,2,5,3.2,2,2,3.5,3.5
3173,Sai Wan Ho,34,Lam Tin,38,10.6,5.4,2,12.5,5.4,2,2,5.5,5.5
3174,Sai Wan Ho,34,Hong Kong,39,9.2,4.4,2,10.5,4.4,2,2,4.5,4.5
3175,Sai Wan Ho,34,Kowloon,40,15.8,7.4,2,16,7.4,2,2,7.5,7.5
3176,Sai Wan Ho,34,Olympic,41,15.8,7.4,2,16,7.4,2,2,7.5,7.5
3177,Sai Wan Ho,34,Tsing Yi,42,15.8,7.4,2,16,7.4,2,2,7.5,7.5
3178,Sai Wan Ho,34,Tung Chung,43,27.9,14.2,2,31,14.2,2,2,16.5,16.5
3179,Sai Wan Ho,34,Yau Tong,48,10.6,5.4,2,12.5,5.4,2,2,5.5,5.5
3180,Sai Wan Ho,34,Tiu Keng Leng,49,13.2,6.5,2,15.5,6.5,2,2,6.5,6.5
3181,Sai Wan Ho,34,Tseung Kwan O,50,13.2,6.5,2,15.5,6.5,2,2,6.5,6.5
3182,Sai Wan Ho,34,Hang Hau,51,13.2,6.5,2,15.5,6.5,2,2,6.5,6.5
3183,Sai Wan Ho,34,Po Lam,52,15.8,7.4,2,16,7.4,2,2,7.5,7.5
3184,Sai Wan Ho,34,Nam Cheong,53,15.8,7.4,2,16,7.4,2,2,7.5,7.5
3185,Sai Wan Ho,34,Sunny Bay,54,24.3,12.5,2,28,12.5,2,2,15,15
3186,Sai Wan Ho,34,Disneyland Resort,55,27.9,14.2,2,31,14.2,2,2,16.5,16.5
3187,Sai Wan Ho,34,LOHAS Park,57,15.8,7.4,2,16,7.4,2,2,7.5,7.5
3188,Sai Wan Ho,34,Hung Hom,64,17,7.8,2,19,7.8,2,2,8,8
3189,Sai Wan Ho,34,Mong Kok East,65,17,7.8,2,19,7.8,2,2,8,8
3190,Sai Wan Ho,34,Tai Wai,67,19.5,9.4,2,21.5,9.4,2,2,10.5,10.5
3191,Sai Wan Ho,34,Sha Tin,68,19.5,9.4,2,21.5,9.4,2,2,10.5,10.5
3192,Sai Wan Ho,34,Fo Tan,69,19.9,9.8,2,22,9.8,2,2,12,12
3193,Sai Wan Ho,34,Racecourse,70,27.9,13.9,27.9,30.5,13.9,2,2,15.5,15.5
3194,Sai Wan Ho,34,University,71,20.9,10,2,22.5,10,2,2,12,12
3195,Sai Wan Ho,34,Tai Po Market,72,23,11.6,2,26.5,11.6,2,2,13.5,13.5
3196,Sai Wan Ho,34,Tai Wo,73,23,11.6,2,26.5,11.6,2,2,13.5,13.5
3197,Sai Wan Ho,34,Fanling,74,24.5,12.4,2,27.5,12.4,2,2,14,14
3198,Sai Wan Ho,34,Sheung Shui,75,24.5,12.4,2,27.5,12.4,2,2,14,14
3199,Sai Wan Ho,34,Lo Wu,76,54.4,46.7,54.4,57,27.2,27.2,27.2,28,28
3200,Sai Wan Ho,34,Lok Ma Chau,78,54.4,46.7,54.4,57,27.2,27.2,27.2,28,28
3201,Sai Wan Ho,34,East Tsim Sha Tsui,80,15.8,7.4,2,16,7.4,2,2,7.5,7.5
3202,Sai Wan Ho,34,Che Kung Temple,96,20.4,9.9,2,22,9.9,2,2,12,12
3203,Sai Wan Ho,34,Sha Tin Wai,97,20.4,9.9,2,22,9.9,2,2,12,12
3204,Sai Wan Ho,34,City One,98,20.4,9.9,2,22,9.9,2,2,12,12
3205,Sai Wan Ho,34,Shek Mun,99,20.4,9.9,2,22,9.9,2,2,12,12
3206,Sai Wan Ho,34,Tai Shui Hang,100,22.9,11.4,2,26,11.4,2,2,13.5,13.5
3207,Sai Wan Ho,34,Heng On,101,22.9,11.4,2,26,11.4,2,2,13.5,13.5
3208,Sai Wan Ho,34,Ma On Shan,102,22.9,11.4,2,26,11.4,2,2,13.5,13.5
3209,Sai Wan Ho,34,Wu Kai Sha,103,22.9,11.4,2,26,11.4,2,2,13.5,13.5
3210,Sai Wan Ho,34,Austin,111,15.8,7.4,2,16,7.4,2,2,7.5,7.5
3211,Sai Wan Ho,34,Tsuen Wan West,114,18.7,9.1,2,21,9.1,2,2,10,10
3212,Sai Wan Ho,34,Kam Sheung Road,115,29.3,14.8,2,31,14.8,2,2,15.5,15.5
3213,Sai Wan Ho,34,Yuen Long,116,30.2,15.8,2,32,15.8,2,2,16.5,16.5
3214,Sai Wan Ho,34,Long Ping,117,30.2,15.8,2,32,15.8,2,2,16.5,16.5
3215,Sai Wan Ho,34,Tin Shui Wai,118,30.2,15.8,2,32,15.8,2,2,16.5,16.5
3216,Sai Wan Ho,34,Siu Hong,119,30.2,15.8,2,32,15.8,2,2,16.5,16.5
3217,Sai Wan Ho,34,Tuen Mun,120,30.2,15.8,2,32,15.8,2,2,16.5,16.5
3218,Sai Wan Ho,34,Sai Ying Pun,81,9.2,4.4,2,10.5,4.4,2,2,4.5,4.5
3219,Sai Wan Ho,34,HKU,82,9.2,4.4,2,10.5,4.4,2,2,4.5,4.5
3220,Sai Wan Ho,34,Kennedy Town,83,9.2,4.4,2,10.5,4.4,2,2,4.5,4.5
3221,Sai Wan Ho,34,Ho Man Tin,84,15.8,7.4,2,16,7.4,2,2,7.5,7.5
3222,Sai Wan Ho,34,Whampoa,85,15.8,7.4,2,16,7.4,2,2,7.5,7.5
3223,Sai Wan Ho,34,Ocean Park,86,9.2,4.4,2,10.5,4.4,2,2,4.5,4.5
3224,Sai Wan Ho,34,Wong Chuk Hang,87,9.2,4.4,2,10.5,4.4,2,2,4.5,4.5
3225,Sai Wan Ho,34,Lei Tung,88,9.2,4.4,2,10.5,4.4,2,2,4.5,4.5
3226,Sai Wan Ho,34,South Horizons,89,11,4.9,2,13,4.9,2,2,5,5
3227,Sai Wan Ho,34,Hin Keng,90,19.5,9.4,2,21.5,9.4,2,2,10.5,10.5
3228,Sai Wan Ho,34,Kai Tak,91,15.8,7.4,2,16,7.4,2,2,7.5,7.5
3229,Sai Wan Ho,34,Sung Wong Toi,92,15.8,7.4,2,16,7.4,2,2,7.5,7.5
3230,Sai Wan Ho,34,To Kwa Wan,93,15.8,7.4,2,16,7.4,2,2,7.5,7.5
3231,Shau Kei Wan,35,Central,1,9.2,4.4,2,10.5,4.4,2,2,4.5,4.5
3232,Shau Kei Wan,35,Admiralty,2,9.2,4.4,2,10.5,4.4,2,2,4.5,4.5
3233,Shau Kei Wan,35,Tsim Sha Tsui,3,15.8,7.4,2,16,7.4,2,2,7.5,7.5
3234,Shau Kei Wan,35,Jordan,4,15.8,7.4,2,16,7.4,2,2,7.5,7.5
3235,Shau Kei Wan,35,Yau Ma Tei,5,15.8,7.4,2,16,7.4,2,2,7.5,7.5
3236,Shau Kei Wan,35,Mong Kok,6,15.8,7.4,2,16,7.4,2,2,7.5,7.5
3237,Shau Kei Wan,35,Shek Kip Mei,7,15.8,7.4,2,16,7.4,2,2,7.5,7.5
3238,Shau Kei Wan,35,Kowloon Tong,8,15.8,7.4,2,16,7.4,2,2,7.5,7.5
3239,Shau Kei Wan,35,Lok Fu,9,15.8,7.4,2,16,7.4,2,2,7.5,7.5
3240,Shau Kei Wan,35,Wong Tai Sin,10,15.8,7.4,2,16,7.4,2,2,7.5,7.5
3241,Shau Kei Wan,35,Diamond Hill,11,15.8,7.4,2,16,7.4,2,2,7.5,7.5
3242,Shau Kei Wan,35,Choi Hung,12,13.2,6.5,2,15.5,6.5,2,2,6.5,6.5
3243,Shau Kei Wan,35,Kowloon Bay,13,13.2,6.5,2,15.5,6.5,2,2,6.5,6.5
3244,Shau Kei Wan,35,Ngau Tau Kok,14,13.2,6.5,2,15.5,6.5,2,2,6.5,6.5
3245,Shau Kei Wan,35,Kwun Tong,15,13.2,6.5,2,15.5,6.5,2,2,6.5,6.5
3246,Shau Kei Wan,35,Prince Edward,16,15.8,7.4,2,16,7.4,2,2,7.5,7.5
3247,Shau Kei Wan,35,Sham Shui Po,17,15.8,7.4,2,16,7.4,2,2,7.5,7.5
3248,Shau Kei Wan,35,Cheung Sha Wan,18,15.8,7.4,2,16,7.4,2,2,7.5,7.5
3249,Shau Kei Wan,35,Lai Chi Kok,19,15.8,7.4,2,16,7.4,2,2,7.5,7.5
3250,Shau Kei Wan,35,Mei Foo,20,15.8,7.4,2,16,7.4,2,2,7.5,7.5
3251,Shau Kei Wan,35,Lai King,21,15.8,7.4,2,16,7.4,2,2,7.5,7.5
3252,Shau Kei Wan,35,Kwai Fong,22,15.8,7.4,2,16,7.4,2,2,7.5,7.5
3253,Shau Kei Wan,35,Kwai Hing,23,15.8,7.4,2,16,7.4,2,2,7.5,7.5
3254,Shau Kei Wan,35,Tai Wo Hau,24,15.8,7.4,2,16,7.4,2,2,7.5,7.5
3255,Shau Kei Wan,35,Tsuen Wan,25,15.8,7.4,2,16,7.4,2,2,7.5,7.5
3256,Shau Kei Wan,35,Sheung Wan,26,9.2,4.4,2,10.5,4.4,2,2,4.5,4.5
3257,Shau Kei Wan,35,Wan Chai,27,9.2,4.4,2,10.5,4.4,2,2,4.5,4.5
3258,Shau Kei Wan,35,Causeway Bay,28,9.2,4.4,2,10.5,4.4,2,2,4.5,4.5
3259,Shau Kei Wan,35,Tin Hau,29,7.4,3.7,2,7.5,3.7,2,2,4,4
3260,Shau Kei Wan,35,Fortress Hill,30,7.4,3.7,2,7.5,3.7,2,2,4,4
3261,Shau Kei Wan,35,North Point,31,5.9,3.2,2,6,3.2,2,2,3.5,3.5
3262,Shau Kei Wan,35,Quarry Bay,32,5.9,3.2,2,6,3.2,2,2,3.5,3.5
3263,Shau Kei Wan,35,Tai Koo,33,4.9,3.2,2,5,3.2,2,2,3.5,3.5
3264,Shau Kei Wan,35,Sai Wan Ho,34,4.9,3.2,2,5,3.2,2,2,3.5,3.5
3265,Shau Kei Wan,35,Shau Kei Wan,35,0,0,0,0,0,0,0,0,0
3266,Shau Kei Wan,35,Heng Fa Chuen,36,4.9,3.2,2,5,3.2,2,2,3.5,3.5
3267,Shau Kei Wan,35,Chai Wan,37,4.9,3.2,2,5,3.2,2,2,3.5,3.5
3268,Shau Kei Wan,35,Lam Tin,38,13.2,6.5,2,15.5,6.5,2,2,6.5,6.5
3269,Shau Kei Wan,35,Hong Kong,39,9.2,4.4,2,10.5,4.4,2,2,4.5,4.5
3270,Shau Kei Wan,35,Kowloon,40,15.8,7.4,2,16,7.4,2,2,7.5,7.5
3271,Shau Kei Wan,35,Olympic,41,15.8,7.4,2,16,7.4,2,2,7.5,7.5
3272,Shau Kei Wan,35,Tsing Yi,42,15.8,7.4,2,16,7.4,2,2,7.5,7.5
3273,Shau Kei Wan,35,Tung Chung,43,27.9,14.2,2,31,14.2,2,2,16.5,16.5
3274,Shau Kei Wan,35,Yau Tong,48,13.2,6.5,2,15.5,6.5,2,2,6.5,6.5
3275,Shau Kei Wan,35,Tiu Keng Leng,49,13.2,6.5,2,15.5,6.5,2,2,6.5,6.5
3276,Shau Kei Wan,35,Tseung Kwan O,50,13.2,6.5,2,15.5,6.5,2,2,6.5,6.5
3277,Shau Kei Wan,35,Hang Hau,51,15.8,7.4,2,16,7.4,2,2,7.5,7.5
3278,Shau Kei Wan,35,Po Lam,52,15.8,7.4,2,16,7.4,2,2,7.5,7.5
3279,Shau Kei Wan,35,Nam Cheong,53,15.8,7.4,2,16,7.4,2,2,7.5,7.5
3280,Shau Kei Wan,35,Sunny Bay,54,24.3,12.5,2,28,12.5,2,2,15,15
3281,Shau Kei Wan,35,Disneyland Resort,55,27.9,14.2,2,31,14.2,2,2,16.5,16.5
3282,Shau Kei Wan,35,LOHAS Park,57,15.8,7.4,2,16,7.4,2,2,7.5,7.5
3283,Shau Kei Wan,35,Hung Hom,64,17,7.8,2,19,7.8,2,2,8,8
3284,Shau Kei Wan,35,Mong Kok East,65,17,7.8,2,19,7.8,2,2,8,8
3285,Shau Kei Wan,35,Tai Wai,67,19.5,9.4,2,21.5,9.4,2,2,10.5,10.5
3286,Shau Kei Wan,35,Sha Tin,68,19.5,9.4,2,21.5,9.4,2,2,10.5,10.5
3287,Shau Kei Wan,35,Fo Tan,69,19.9,9.8,2,22,9.8,2,2,12,12
3288,Shau Kei Wan,35,Racecourse,70,27.9,13.9,27.9,30.5,13.9,2,2,15.5,15.5
3289,Shau Kei Wan,35,University,71,20.9,10,2,22.5,10,2,2,12,12
3290,Shau Kei Wan,35,Tai Po Market,72,23,11.6,2,26.5,11.6,2,2,13.5,13.5
3291,Shau Kei Wan,35,Tai Wo,73,23,11.6,2,26.5,11.6,2,2,13.5,13.5
3292,Shau Kei Wan,35,Fanling,74,24.5,12.4,2,27.5,12.4,2,2,14,14
3293,Shau Kei Wan,35,Sheung Shui,75,24.5,12.4,2,27.5,12.4,2,2,14,14
3294,Shau Kei Wan,35,Lo Wu,76,54.4,46.7,54.4,57,27.2,27.2,27.2,28,28
3295,Shau Kei Wan,35,Lok Ma Chau,78,54.4,46.7,54.4,57,27.2,27.2,27.2,28,28
3296,Shau Kei Wan,35,East Tsim Sha Tsui,80,15.8,7.4,2,16,7.4,2,2,7.5,7.5
3297,Shau Kei Wan,35,Che Kung Temple,96,20.4,9.9,2,22,9.9,2,2,12,12
3298,Shau Kei Wan,35,Sha Tin Wai,97,20.4,9.9,2,22,9.9,2,2,12,12
3299,Shau Kei Wan,35,City One,98,20.4,9.9,2,22,9.9,2,2,12,12
3300,Shau Kei Wan,35,Shek Mun,99,20.4,9.9,2,22,9.9,2,2,12,12
3301,Shau Kei Wan,35,Tai Shui Hang,100,22.9,11.4,2,26,11.4,2,2,13.5,13.5
3302,Shau Kei Wan,35,Heng On,101,22.9,11.4,2,26,11.4,2,2,13.5,13.5
3303,Shau Kei Wan,35,Ma On Shan,102,22.9,11.4,2,26,11.4,2,2,13.5,13.5
3304,Shau Kei Wan,35,Wu Kai Sha,103,22.9,11.4,2,26,11.4,2,2,13.5,13.5
3305,Shau Kei Wan,35,Austin,111,15.8,7.4,2,16,7.4,2,2,7.5,7.5
3306,Shau Kei Wan,35,Tsuen Wan West,114,18.7,9.1,2,21,9.1,2,2,10,10
3307,Shau Kei Wan,35,Kam Sheung Road,115,29.3,14.8,2,31,14.8,2,2,15.5,15.5
3308,Shau Kei Wan,35,Yuen Long,116,30.2,15.8,2,32,15.8,2,2,16.5,16.5
3309,Shau Kei Wan,35,Long Ping,117,30.2,15.8,2,32,15.8,2,2,16.5,16.5
3310,Shau Kei Wan,35,Tin Shui Wai,118,30.2,15.8,2,32,15.8,2,2,16.5,16.5
3311,Shau Kei Wan,35,Siu Hong,119,30.2,15.8,2,32,15.8,2,2,16.5,16.5
3312,Shau Kei Wan,35,Tuen Mun,120,30.2,15.8,2,32,15.8,2,2,16.5,16.5
3313,Shau Kei Wan,35,Sai Ying Pun,81,9.2,4.4,2,10.5,4.4,2,2,4.5,4.5
3314,Shau Kei Wan,35,HKU,82,9.2,4.4,2,10.5,4.4,2,2,4.5,4.5
3315,Shau Kei Wan,35,Kennedy Town,83,11,4.9,2,13,4.9,2,2,5,5
3316,Shau Kei Wan,35,Ho Man Tin,84,15.8,7.4,2,16,7.4,2,2,7.5,7.5
3317,Shau Kei Wan,35,Whampoa,85,15.8,7.4,2,16,7.4,2,2,7.5,7.5
3318,Shau Kei Wan,35,Ocean Park,86,9.2,4.4,2,10.5,4.4,2,2,4.5,4.5
3319,Shau Kei Wan,35,Wong Chuk Hang,87,9.2,4.4,2,10.5,4.4,2,2,4.5,4.5
3320,Shau Kei Wan,35,Lei Tung,88,11,4.9,2,13,4.9,2,2,5,5
3321,Shau Kei Wan,35,South Horizons,89,11,4.9,2,13,4.9,2,2,5,5
3322,Shau Kei Wan,35,Hin Keng,90,19.5,9.4,2,21.5,9.4,2,2,10.5,10.5
3323,Shau Kei Wan,35,Kai Tak,91,15.8,7.4,2,16,7.4,2,2,7.5,7.5
3324,Shau Kei Wan,35,Sung Wong Toi,92,15.8,7.4,2,16,7.4,2,2,7.5,7.5
3325,Shau Kei Wan,35,To Kwa Wan,93,15.8,7.4,2,16,7.4,2,2,7.5,7.5
3326,Heng Fa Chuen,36,Central,1,9.2,4.4,2,10.5,4.4,2,2,4.5,4.5
3327,Heng Fa Chuen,36,Admiralty,2,9.2,4.4,2,10.5,4.4,2,2,4.5,4.5
3328,Heng Fa Chuen,36,Tsim Sha Tsui,3,15.8,7.4,2,16,7.4,2,2,7.5,7.5
3329,Heng Fa Chuen,36,Jordan,4,15.8,7.4,2,16,7.4,2,2,7.5,7.5
3330,Heng Fa Chuen,36,Yau Ma Tei,5,15.8,7.4,2,16,7.4,2,2,7.5,7.5
3331,Heng Fa Chuen,36,Mong Kok,6,15.8,7.4,2,16,7.4,2,2,7.5,7.5
3332,Heng Fa Chuen,36,Shek Kip Mei,7,15.8,7.4,2,16,7.4,2,2,7.5,7.5
3333,Heng Fa Chuen,36,Kowloon Tong,8,15.8,7.4,2,16,7.4,2,2,7.5,7.5
3334,Heng Fa Chuen,36,Lok Fu,9,15.8,7.4,2,16,7.4,2,2,7.5,7.5
3335,Heng Fa Chuen,36,Wong Tai Sin,10,15.8,7.4,2,16,7.4,2,2,7.5,7.5
3336,Heng Fa Chuen,36,Diamond Hill,11,15.8,7.4,2,16,7.4,2,2,7.5,7.5
3337,Heng Fa Chuen,36,Choi Hung,12,15.8,7.4,2,16,7.4,2,2,7.5,7.5
3338,Heng Fa Chuen,36,Kowloon Bay,13,13.2,6.5,2,15.5,6.5,2,2,6.5,6.5
3339,Heng Fa Chuen,36,Ngau Tau Kok,14,13.2,6.5,2,15.5,6.5,2,2,6.5,6.5
3340,Heng Fa Chuen,36,Kwun Tong,15,13.2,6.5,2,15.5,6.5,2,2,6.5,6.5
3341,Heng Fa Chuen,36,Prince Edward,16,15.8,7.4,2,16,7.4,2,2,7.5,7.5
3342,Heng Fa Chuen,36,Sham Shui Po,17,15.8,7.4,2,16,7.4,2,2,7.5,7.5
3343,Heng Fa Chuen,36,Cheung Sha Wan,18,15.8,7.4,2,16,7.4,2,2,7.5,7.5
3344,Heng Fa Chuen,36,Lai Chi Kok,19,15.8,7.4,2,16,7.4,2,2,7.5,7.5
3345,Heng Fa Chuen,36,Mei Foo,20,15.8,7.4,2,16,7.4,2,2,7.5,7.5
3346,Heng Fa Chuen,36,Lai King,21,15.8,7.4,2,16,7.4,2,2,7.5,7.5
3347,Heng Fa Chuen,36,Kwai Fong,22,15.8,7.4,2,16,7.4,2,2,7.5,7.5
3348,Heng Fa Chuen,36,Kwai Hing,23,15.8,7.4,2,16,7.4,2,2,7.5,7.5
3349,Heng Fa Chuen,36,Tai Wo Hau,24,15.8,7.4,2,16,7.4,2,2,7.5,7.5
3350,Heng Fa Chuen,36,Tsuen Wan,25,15.8,7.4,2,16,7.4,2,2,7.5,7.5
3351,Heng Fa Chuen,36,Sheung Wan,26,9.2,4.4,2,10.5,4.4,2,2,4.5,4.5
3352,Heng Fa Chuen,36,Wan Chai,27,9.2,4.4,2,10.5,4.4,2,2,4.5,4.5
3353,Heng Fa Chuen,36,Causeway Bay,28,9.2,4.4,2,10.5,4.4,2,2,4.5,4.5
3354,Heng Fa Chuen,36,Tin Hau,29,9.2,4.4,2,10.5,4.4,2,2,4.5,4.5
3355,Heng Fa Chuen,36,Fortress Hill,30,7.4,3.7,2,7.5,3.7,2,2,4,4
3356,Heng Fa Chuen,36,North Point,31,7.4,3.7,2,7.5,3.7,2,2,4,4
3357,Heng Fa Chuen,36,Quarry Bay,32,5.9,3.2,2,6,3.2,2,2,3.5,3.5
3358,Heng Fa Chuen,36,Tai Koo,33,5.9,3.2,2,6,3.2,2,2,3.5,3.5
3359,Heng Fa Chuen,36,Sai Wan Ho,34,4.9,3.2,2,5,3.2,2,2,3.5,3.5
3360,Heng Fa Chuen,36,Shau Kei Wan,35,4.9,3.2,2,5,3.2,2,2,3.5,3.5
3361,Heng Fa Chuen,36,Heng Fa Chuen,36,0,0,0,0,0,0,0,0,0
3362,Heng Fa Chuen,36,Chai Wan,37,4.9,3.2,2,5,3.2,2,2,3.5,3.5
3363,Heng Fa Chuen,36,Lam Tin,38,13.2,6.5,2,15.5,6.5,2,2,6.5,6.5
3364,Heng Fa Chuen,36,Hong Kong,39,9.2,4.4,2,10.5,4.4,2,2,4.5,4.5
3365,Heng Fa Chuen,36,Kowloon,40,15.8,7.4,2,16,7.4,2,2,7.5,7.5
3366,Heng Fa Chuen,36,Olympic,41,15.8,7.4,2,16,7.4,2,2,7.5,7.5
3367,Heng Fa Chuen,36,Tsing Yi,42,15.8,7.4,2,16,7.4,2,2,7.5,7.5
3368,Heng Fa Chuen,36,Tung Chung,43,27.9,14.2,2,31,14.2,2,2,16.5,16.5
3369,Heng Fa Chuen,36,Yau Tong,48,13.2,6.5,2,15.5,6.5,2,2,6.5,6.5
3370,Heng Fa Chuen,36,Tiu Keng Leng,49,13.2,6.5,2,15.5,6.5,2,2,6.5,6.5
3371,Heng Fa Chuen,36,Tseung Kwan O,50,15.8,7.4,2,16,7.4,2,2,7.5,7.5
3372,Heng Fa Chuen,36,Hang Hau,51,15.8,7.4,2,16,7.4,2,2,7.5,7.5
3373,Heng Fa Chuen,36,Po Lam,52,15.8,7.4,2,16,7.4,2,2,7.5,7.5
3374,Heng Fa Chuen,36,Nam Cheong,53,15.8,7.4,2,16,7.4,2,2,7.5,7.5
3375,Heng Fa Chuen,36,Sunny Bay,54,24.3,12.5,2,28,12.5,2,2,15,15
3376,Heng Fa Chuen,36,Disneyland Resort,55,27.9,14.2,2,31,14.2,2,2,16.5,16.5
3377,Heng Fa Chuen,36,LOHAS Park,57,15.8,7.4,2,16,7.4,2,2,7.5,7.5
3378,Heng Fa Chuen,36,Hung Hom,64,17,7.8,2,19,7.8,2,2,8,8
3379,Heng Fa Chuen,36,Mong Kok East,65,17,7.8,2,19,7.8,2,2,8,8
3380,Heng Fa Chuen,36,Tai Wai,67,19.5,9.4,2,21.5,9.4,2,2,10.5,10.5
3381,Heng Fa Chuen,36,Sha Tin,68,19.5,9.4,2,21.5,9.4,2,2,10.5,10.5
3382,Heng Fa Chuen,36,Fo Tan,69,19.9,9.8,2,22,9.8,2,2,12,12
3383,Heng Fa Chuen,36,Racecourse,70,27.9,13.9,27.9,30.5,13.9,2,2,15.5,15.5
3384,Heng Fa Chuen,36,University,71,20.9,10,2,22.5,10,2,2,12,12
3385,Heng Fa Chuen,36,Tai Po Market,72,23,11.6,2,26.5,11.6,2,2,13.5,13.5
3386,Heng Fa Chuen,36,Tai Wo,73,23,11.6,2,26.5,11.6,2,2,13.5,13.5
3387,Heng Fa Chuen,36,Fanling,74,24.5,12.4,2,27.5,12.4,2,2,14,14
3388,Heng Fa Chuen,36,Sheung Shui,75,24.5,12.4,2,27.5,12.4,2,2,14,14
3389,Heng Fa Chuen,36,Lo Wu,76,54.4,46.7,54.4,57,27.2,27.2,27.2,28,28
3390,Heng Fa Chuen,36,Lok Ma Chau,78,54.4,46.7,54.4,57,27.2,27.2,27.2,28,28
3391,Heng Fa Chuen,36,East Tsim Sha Tsui,80,15.8,7.4,2,16,7.4,2,2,7.5,7.5
3392,Heng Fa Chuen,36,Che Kung Temple,96,20.4,9.9,2,22,9.9,2,2,12,12
3393,Heng Fa Chuen,36,Sha Tin Wai,97,20.4,9.9,2,22,9.9,2,2,12,12
3394,Heng Fa Chuen,36,City One,98,20.4,9.9,2,22,9.9,2,2,12,12
3395,Heng Fa Chuen,36,Shek Mun,99,20.4,9.9,2,22,9.9,2,2,12,12
3396,Heng Fa Chuen,36,Tai Shui Hang,100,22.9,11.4,2,26,11.4,2,2,13.5,13.5
3397,Heng Fa Chuen,36,Heng On,101,22.9,11.4,2,26,11.4,2,2,13.5,13.5
3398,Heng Fa Chuen,36,Ma On Shan,102,22.9,11.4,2,26,11.4,2,2,13.5,13.5
3399,Heng Fa Chuen,36,Wu Kai Sha,103,22.9,11.4,2,26,11.4,2,2,13.5,13.5
3400,Heng Fa Chuen,36,Austin,111,15.8,7.4,2,16,7.4,2,2,7.5,7.5
3401,Heng Fa Chuen,36,Tsuen Wan West,114,18.7,9.1,2,21,9.1,2,2,10,10
3402,Heng Fa Chuen,36,Kam Sheung Road,115,29.3,14.8,2,31,14.8,2,2,15.5,15.5
3403,Heng Fa Chuen,36,Yuen Long,116,30.2,15.8,2,32,15.8,2,2,16.5,16.5
3404,Heng Fa Chuen,36,Long Ping,117,30.2,15.8,2,32,15.8,2,2,16.5,16.5
3405,Heng Fa Chuen,36,Tin Shui Wai,118,30.2,15.8,2,32,15.8,2,2,16.5,16.5
3406,Heng Fa Chuen,36,Siu Hong,119,30.2,15.8,2,32,15.8,2,2,16.5,16.5
3407,Heng Fa Chuen,36,Tuen Mun,120,30.2,15.8,2,32,15.8,2,2,16.5,16.5
3408,Heng Fa Chuen,36,Sai Ying Pun,81,9.2,4.4,2,10.5,4.4,2,2,4.5,4.5
3409,Heng Fa Chuen,36,HKU,82,11,4.9,2,13,4.9,2,2,5,5
3410,Heng Fa Chuen,36,Kennedy Town,83,11,4.9,2,13,4.9,2,2,5,5
3411,Heng Fa Chuen,36,Ho Man Tin,84,15.8,7.4,2,16,7.4,2,2,7.5,7.5
3412,Heng Fa Chuen,36,Whampoa,85,15.8,7.4,2,16,7.4,2,2,7.5,7.5
3413,Heng Fa Chuen,36,Ocean Park,86,9.2,4.4,2,10.5,4.4,2,2,4.5,4.5
3414,Heng Fa Chuen,36,Wong Chuk Hang,87,11,4.9,2,13,4.9,2,2,5,5
3415,Heng Fa Chuen,36,Lei Tung,88,11,4.9,2,13,4.9,2,2,5,5
3416,Heng Fa Chuen,36,South Horizons,89,11,4.9,2,13,4.9,2,2,5,5
3417,Heng Fa Chuen,36,Hin Keng,90,19.5,9.4,2,21.5,9.4,2,2,10.5,10.5
3418,Heng Fa Chuen,36,Kai Tak,91,15.8,7.4,2,16,7.4,2,2,7.5,7.5
3419,Heng Fa Chuen,36,Sung Wong Toi,92,15.8,7.4,2,16,7.4,2,2,7.5,7.5
3420,Heng Fa Chuen,36,To Kwa Wan,93,15.8,7.4,2,16,7.4,2,2,7.5,7.5
3421,Chai Wan,37,Central,1,9.2,4.4,2,10.5,4.4,2,2,4.5,4.5
3422,Chai Wan,37,Admiralty,2,9.2,4.4,2,10.5,4.4,2,2,4.5,4.5
3423,Chai Wan,37,Tsim Sha Tsui,3,15.8,7.4,2,16,7.4,2,2,7.5,7.5
3424,Chai Wan,37,Jordan,4,15.8,7.4,2,16,7.4,2,2,7.5,7.5
3425,Chai Wan,37,Yau Ma Tei,5,15.8,7.4,2,16,7.4,2,2,7.5,7.5
3426,Chai Wan,37,Mong Kok,6,15.8,7.4,2,16,7.4,2,2,7.5,7.5
3427,Chai Wan,37,Shek Kip Mei,7,15.8,7.4,2,16,7.4,2,2,7.5,7.5
3428,Chai Wan,37,Kowloon Tong,8,15.8,7.4,2,16,7.4,2,2,7.5,7.5
3429,Chai Wan,37,Lok Fu,9,15.8,7.4,2,16,7.4,2,2,7.5,7.5
3430,Chai Wan,37,Wong Tai Sin,10,15.8,7.4,2,16,7.4,2,2,7.5,7.5
3431,Chai Wan,37,Diamond Hill,11,15.8,7.4,2,16,7.4,2,2,7.5,7.5
3432,Chai Wan,37,Choi Hung,12,15.8,7.4,2,16,7.4,2,2,7.5,7.5
3433,Chai Wan,37,Kowloon Bay,13,15.8,7.4,2,16,7.4,2,2,7.5,7.5
3434,Chai Wan,37,Ngau Tau Kok,14,13.2,6.5,2,15.5,6.5,2,2,6.5,6.5
3435,Chai Wan,37,Kwun Tong,15,13.2,6.5,2,15.5,6.5,2,2,6.5,6.5
3436,Chai Wan,37,Prince Edward,16,15.8,7.4,2,16,7.4,2,2,7.5,7.5
3437,Chai Wan,37,Sham Shui Po,17,15.8,7.4,2,16,7.4,2,2,7.5,7.5
3438,Chai Wan,37,Cheung Sha Wan,18,15.8,7.4,2,16,7.4,2,2,7.5,7.5
3439,Chai Wan,37,Lai Chi Kok,19,15.8,7.4,2,16,7.4,2,2,7.5,7.5
3440,Chai Wan,37,Mei Foo,20,15.8,7.4,2,16,7.4,2,2,7.5,7.5
3441,Chai Wan,37,Lai King,21,15.8,7.4,2,16,7.4,2,2,7.5,7.5
3442,Chai Wan,37,Kwai Fong,22,15.8,7.4,2,16,7.4,2,2,7.5,7.5
3443,Chai Wan,37,Kwai Hing,23,15.8,7.4,2,16,7.4,2,2,7.5,7.5
3444,Chai Wan,37,Tai Wo Hau,24,15.8,7.4,2,16,7.4,2,2,7.5,7.5
3445,Chai Wan,37,Tsuen Wan,25,15.8,7.4,2,16,7.4,2,2,7.5,7.5
3446,Chai Wan,37,Sheung Wan,26,9.2,4.4,2,10.5,4.4,2,2,4.5,4.5
3447,Chai Wan,37,Wan Chai,27,9.2,4.4,2,10.5,4.4,2,2,4.5,4.5
3448,Chai Wan,37,Causeway Bay,28,9.2,4.4,2,10.5,4.4,2,2,4.5,4.5
3449,Chai Wan,37,Tin Hau,29,9.2,4.4,2,10.5,4.4,2,2,4.5,4.5
3450,Chai Wan,37,Fortress Hill,30,7.4,3.7,2,7.5,3.7,2,2,4,4
3451,Chai Wan,37,North Point,31,7.4,3.7,2,7.5,3.7,2,2,4,4
3452,Chai Wan,37,Quarry Bay,32,7.4,3.7,2,7.5,3.7,2,2,4,4
3453,Chai Wan,37,Tai Koo,33,5.9,3.2,2,6,3.2,2,2,3.5,3.5
3454,Chai Wan,37,Sai Wan Ho,34,4.9,3.2,2,5,3.2,2,2,3.5,3.5
3455,Chai Wan,37,Shau Kei Wan,35,4.9,3.2,2,5,3.2,2,2,3.5,3.5
3456,Chai Wan,37,Heng Fa Chuen,36,4.9,3.2,2,5,3.2,2,2,3.5,3.5
3457,Chai Wan,37,Chai Wan,37,0,0,0,0,0,0,0,0,0
3458,Chai Wan,37,Lam Tin,38,13.2,6.5,2,15.5,6.5,2,2,6.5,6.5
3459,Chai Wan,37,Hong Kong,39,9.2,4.4,2,10.5,4.4,2,2,4.5,4.5
3460,Chai Wan,37,Kowloon,40,15.8,7.4,2,16,7.4,2,2,7.5,7.5
3461,Chai Wan,37,Olympic,41,15.8,7.4,2,16,7.4,2,2,7.5,7.5
3462,Chai Wan,37,Tsing Yi,42,15.8,7.4,2,16,7.4,2,2,7.5,7.5
3463,Chai Wan,37,Tung Chung,43,27.9,14.2,2,31,14.2,2,2,16.5,16.5
3464,Chai Wan,37,Yau Tong,48,13.2,6.5,2,15.5,6.5,2,2,6.5,6.5
3465,Chai Wan,37,Tiu Keng Leng,49,15.8,7.4,2,16,7.4,2,2,7.5,7.5
3466,Chai Wan,37,Tseung Kwan O,50,15.8,7.4,2,16,7.4,2,2,7.5,7.5
3467,Chai Wan,37,Hang Hau,51,15.8,7.4,2,16,7.4,2,2,7.5,7.5
3468,Chai Wan,37,Po Lam,52,15.8,7.4,2,16,7.4,2,2,7.5,7.5
3469,Chai Wan,37,Nam Cheong,53,15.8,7.4,2,16,7.4,2,2,7.5,7.5
3470,Chai Wan,37,Sunny Bay,54,24.3,12.5,2,28,12.5,2,2,15,15
3471,Chai Wan,37,Disneyland Resort,55,27.9,14.2,2,31,14.2,2,2,16.5,16.5
3472,Chai Wan,37,LOHAS Park,57,15.8,7.4,2,16,7.4,2,2,7.5,7.5
3473,Chai Wan,37,Hung Hom,64,17,7.8,2,19,7.8,2,2,8,8
3474,Chai Wan,37,Mong Kok East,65,17,7.8,2,19,7.8,2,2,8,8
3475,Chai Wan,37,Tai Wai,67,19.5,9.4,2,21.5,9.4,2,2,10.5,10.5
3476,Chai Wan,37,Sha Tin,68,19.5,9.4,2,21.5,9.4,2,2,10.5,10.5
3477,Chai Wan,37,Fo Tan,69,19.9,9.8,2,22,9.8,2,2,12,12
3478,Chai Wan,37,Racecourse,70,27.9,13.9,27.9,30.5,13.9,2,2,15.5,15.5
3479,Chai Wan,37,University,71,20.9,10,2,22.5,10,2,2,12,12
3480,Chai Wan,37,Tai Po Market,72,23,11.6,2,26.5,11.6,2,2,13.5,13.5
3481,Chai Wan,37,Tai Wo,73,23,11.6,2,26.5,11.6,2,2,13.5,13.5
3482,Chai Wan,37,Fanling,74,24.5,12.4,2,27.5,12.4,2,2,14,14
3483,Chai Wan,37,Sheung Shui,75,24.5,12.4,2,27.5,12.4,2,2,14,14
3484,Chai Wan,37,Lo Wu,76,54.4,46.7,54.4,57,27.2,27.2,27.2,28,28
3485,Chai Wan,37,Lok Ma Chau,78,54.4,46.7,54.4,57,27.2,27.2,27.2,28,28
3486,Chai Wan,37,East Tsim Sha Tsui,80,15.8,7.4,2,16,7.4,2,2,7.5,7.5
3487,Chai Wan,37,Che Kung Temple,96,20.4,9.9,2,22,9.9,2,2,12,12
3488,Chai Wan,37,Sha Tin Wai,97,20.4,9.9,2,22,9.9,2,2,12,12
3489,Chai Wan,37,City One,98,20.4,9.9,2,22,9.9,2,2,12,12
3490,Chai Wan,37,Shek Mun,99,20.4,9.9,2,22,9.9,2,2,12,12
3491,Chai Wan,37,Tai Shui Hang,100,22.9,11.4,2,26,11.4,2,2,13.5,13.5
3492,Chai Wan,37,Heng On,101,22.9,11.4,2,26,11.4,2,2,13.5,13.5
3493,Chai Wan,37,Ma On Shan,102,22.9,11.4,2,26,11.4,2,2,13.5,13.5
3494,Chai Wan,37,Wu Kai Sha,103,22.9,11.4,2,26,11.4,2,2,13.5,13.5
3495,Chai Wan,37,Austin,111,15.8,7.4,2,16,7.4,2,2,7.5,7.5
3496,Chai Wan,37,Tsuen Wan West,114,18.7,9.1,2,21,9.1,2,2,10,10
3497,Chai Wan,37,Kam Sheung Road,115,29.3,14.8,2,31,14.8,2,2,15.5,15.5
3498,Chai Wan,37,Yuen Long,116,30.2,15.8,2,32,15.8,2,2,16.5,16.5
3499,Chai Wan,37,Long Ping,117,30.2,15.8,2,32,15.8,2,2,16.5,16.5
3500,Chai Wan,37,Tin Shui Wai,118,30.2,15.8,2,32,15.8,2,2,16.5,16.5
3501,Chai Wan,37,Siu Hong,119,30.2,15.8,2,32,15.8,2,2,16.5,16.5
3502,Chai Wan,37,Tuen Mun,120,30.2,15.8,2,32,15.8,2,2,16.5,16.5
3503,Chai Wan,37,Sai Ying Pun,81,11,4.9,2,13,4.9,2,2,5,5
3504,Chai Wan,37,HKU,82,11,4.9,2,13,4.9,2,2,5,5
3505,Chai Wan,37,Kennedy Town,83,11,4.9,2,13,4.9,2,2,5,5
3506,Chai Wan,37,Ho Man Tin,84,15.8,7.4,2,16,7.4,2,2,7.5,7.5
3507,Chai Wan,37,Whampoa,85,15.8,7.4,2,16,7.4,2,2,7.5,7.5
3508,Chai Wan,37,Ocean Park,86,11,4.9,2,13,4.9,2,2,5,5
3509,Chai Wan,37,Wong Chuk Hang,87,11,4.9,2,13,4.9,2,2,5,5
3510,Chai Wan,37,Lei Tung,88,11,4.9,2,13,4.9,2,2,5,5
3511,Chai Wan,37,South Horizons,89,11,4.9,2,13,4.9,2,2,5,5
3512,Chai Wan,37,Hin Keng,90,19.5,9.4,2,21.5,9.4,2,2,10.5,10.5
3513,Chai Wan,37,Kai Tak,91,15.8,7.4,2,16,7.4,2,2,7.5,7.5
3514,Chai Wan,37,Sung Wong Toi,92,15.8,7.4,2,16,7.4,2,2,7.5,7.5
3515,Chai Wan,37,To Kwa Wan,93,15.8,7.4,2,16,7.4,2,2,7.5,7.5
3516,Lam Tin,38,Central,1,15.8,7.4,2,16,7.4,2,2,7.5,7.5
3517,Lam Tin,38,Admiralty,2,15.8,7.4,2,16,7.4,2,2,7.5,7.5
3518,Lam Tin,38,Tsim Sha Tsui,3,9.2,4.4,2,10.5,4.4,2,2,4.5,4.5
3519,Lam Tin,38,Jordan,4,9.2,4.4,2,10.5,4.4,2,2,4.5,4.5
3520,Lam Tin,38,Yau Ma Tei,5,9.2,4.4,2,10.5,4.4,2,2,4.5,4.5
3521,Lam Tin,38,Mong Kok,6,9.2,4.4,2,10.5,4.4,2,2,4.5,4.5
3522,Lam Tin,38,Shek Kip Mei,7,9.2,4.4,2,10.5,4.4,2,2,4.5,4.5
3523,Lam Tin,38,Kowloon Tong,8,9.2,4.4,2,10.5,4.4,2,2,4.5,4.5
3524,Lam Tin,38,Lok Fu,9,7.4,3.7,2,7.5,3.7,2,2,4,4
3525,Lam Tin,38,Wong Tai Sin,10,7.4,3.7,2,7.5,3.7,2,2,4,4
3526,Lam Tin,38,Diamond Hill,11,7.4,3.7,2,7.5,3.7,2,2,4,4
3527,Lam Tin,38,Choi Hung,12,5.9,3.2,2,6,3.2,2,2,3.5,3.5
3528,Lam Tin,38,Kowloon Bay,13,4.9,3.2,2,5,3.2,2,2,3.5,3.5
3529,Lam Tin,38,Ngau Tau Kok,14,4.9,3.2,2,5,3.2,2,2,3.5,3.5
3530,Lam Tin,38,Kwun Tong,15,4.9,3.2,2,5,3.2,2,2,3.5,3.5
3531,Lam Tin,38,Prince Edward,16,9.2,4.4,2,10.5,4.4,2,2,4.5,4.5
3532,Lam Tin,38,Sham Shui Po,17,9.2,4.4,2,10.5,4.4,2,2,4.5,4.5
3533,Lam Tin,38,Cheung Sha Wan,18,9.2,4.4,2,10.5,4.4,2,2,4.5,4.5
3534,Lam Tin,38,Lai Chi Kok,19,9.2,4.4,2,10.5,4.4,2,2,4.5,4.5
3535,Lam Tin,38,Mei Foo,20,11,4.9,2,13,4.9,2,2,5,5
3536,Lam Tin,38,Lai King,21,11,4.9,2,13,4.9,2,2,5,5
3537,Lam Tin,38,Kwai Fong,22,11,4.9,2,13,4.9,2,2,5,5
3538,Lam Tin,38,Kwai Hing,23,11,4.9,2,13,4.9,2,2,5,5
3539,Lam Tin,38,Tai Wo Hau,24,11,4.9,2,13,4.9,2,2,5,5
3540,Lam Tin,38,Tsuen Wan,25,11,4.9,2,13,4.9,2,2,5,5
3541,Lam Tin,38,Sheung Wan,26,15.8,7.4,2,16,7.4,2,2,7.5,7.5
3542,Lam Tin,38,Wan Chai,27,13.2,6.5,2,15.5,6.5,2,2,6.5,6.5
3543,Lam Tin,38,Causeway Bay,28,13.2,6.5,2,15.5,6.5,2,2,6.5,6.5
3544,Lam Tin,38,Tin Hau,29,13.2,6.5,2,15.5,6.5,2,2,6.5,6.5
3545,Lam Tin,38,Fortress Hill,30,10.6,5.4,2,12.5,5.4,2,2,5.5,5.5
3546,Lam Tin,38,North Point,31,10.6,5.4,2,12.5,5.4,2,2,5.5,5.5
3547,Lam Tin,38,Quarry Bay,32,10.6,5.4,2,12.5,5.4,2,2,5.5,5.5
3548,Lam Tin,38,Tai Koo,33,10.6,5.4,2,12.5,5.4,2,2,5.5,5.5
3549,Lam Tin,38,Sai Wan Ho,34,10.6,5.4,2,12.5,5.4,2,2,5.5,5.5
3550,Lam Tin,38,Shau Kei Wan,35,13.2,6.5,2,15.5,6.5,2,2,6.5,6.5
3551,Lam Tin,38,Heng Fa Chuen,36,13.2,6.5,2,15.5,6.5,2,2,6.5,6.5
3552,Lam Tin,38,Chai Wan,37,13.2,6.5,2,15.5,6.5,2,2,6.5,6.5
3553,Lam Tin,38,Lam Tin,38,0,0,0,0,0,0,0,0,0
3554,Lam Tin,38,Hong Kong,39,15.8,7.4,2,16,7.4,2,2,7.5,7.5
3555,Lam Tin,38,Kowloon,40,9.2,4.4,2,10.5,4.4,2,2,4.5,4.5
3556,Lam Tin,38,Olympic,41,9.2,4.4,2,10.5,4.4,2,2,4.5,4.5
3557,Lam Tin,38,Tsing Yi,42,11,4.9,2,13,4.9,2,2,5,5
3558,Lam Tin,38,Tung Chung,43,22.2,11.1,2,25.5,11.1,2,2,13.5,13.5
3559,Lam Tin,38,Yau Tong,48,4.9,3.2,2,5,3.2,2,2,3.5,3.5
3560,Lam Tin,38,Tiu Keng Leng,49,4.9,3.2,2,5,3.2,2,2,3.5,3.5
3561,Lam Tin,38,Tseung Kwan O,50,5.9,3.2,2,6,3.2,2,2,3.5,3.5
3562,Lam Tin,38,Hang Hau,51,5.9,3.2,2,6,3.2,2,2,3.5,3.5
3563,Lam Tin,38,Po Lam,52,7.4,3.7,2,7.5,3.7,2,2,4,4
3564,Lam Tin,38,Nam Cheong,53,9.2,4.4,2,10.5,4.4,2,2,4.5,4.5
3565,Lam Tin,38,Sunny Bay,54,18.7,9.4,2,21,9.4,2,2,10.5,10.5
3566,Lam Tin,38,Disneyland Resort,55,24.3,12.5,2,28,12.5,2,2,15,15
3567,Lam Tin,38,LOHAS Park,57,7.4,3.7,2,7.5,3.7,2,2,4,4
3568,Lam Tin,38,Hung Hom,64,10,4.6,2,12.5,4.6,2,2,5,5
3569,Lam Tin,38,Mong Kok East,65,10,4.6,2,12.5,4.6,2,2,5,5
3570,Lam Tin,38,Tai Wai,67,12.3,5.9,2,14,5.9,2,2,6,6
3571,Lam Tin,38,Sha Tin,68,12.3,5.9,2,14,5.9,2,2,6,6
3572,Lam Tin,38,Fo Tan,69,12.6,6.2,2,15.5,6.2,2,2,6.5,6.5
3573,Lam Tin,38,Racecourse,70,21.8,11,21.8,25.5,11,2,2,13.5,13.5
3574,Lam Tin,38,University,71,13.3,6.5,2,15.5,6.5,2,2,6.5,6.5
3575,Lam Tin,38,Tai Po Market,72,15,7.5,2,17,7.5,2,2,7.5,7.5
3576,Lam Tin,38,Tai Wo,73,15,7.5,2,17,7.5,2,2,7.5,7.5
3577,Lam Tin,38,Fanling,74,17.4,8.7,2,19.5,8.7,2,2,10,10
3578,Lam Tin,38,Sheung Shui,75,17.4,8.7,2,19.5,8.7,2,2,10,10
3579,Lam Tin,38,Lo Wu,76,48.2,44.3,48.2,52,24.4,24.4,24.4,26.5,26.5
3580,Lam Tin,38,Lok Ma Chau,78,48.2,44.3,48.2,52,24.4,24.4,24.4,26.5,26.5
3581,Lam Tin,38,East Tsim Sha Tsui,80,9.2,4.4,2,10.5,4.4,2,2,4.5,4.5
3582,Lam Tin,38,Che Kung Temple,96,12.3,6,2,15,6,2,2,6,6
3583,Lam Tin,38,Sha Tin Wai,97,12.3,6,2,15,6,2,2,6,6
3584,Lam Tin,38,City One,98,12.3,6,2,15,6,2,2,6,6
3585,Lam Tin,38,Shek Mun,99,12.3,6,2,15,6,2,2,6,6
3586,Lam Tin,38,Tai Shui Hang,100,15.9,7.6,2,17,7.6,2,2,8,8
3587,Lam Tin,38,Heng On,101,15.9,7.6,2,17,7.6,2,2,8,8
3588,Lam Tin,38,Ma On Shan,102,15.9,7.6,2,17,7.6,2,2,8,8
3589,Lam Tin,38,Wu Kai Sha,103,15.9,7.6,2,17,7.6,2,2,8,8
3590,Lam Tin,38,Austin,111,9.2,4.4,2,10.5,4.4,2,2,4.5,4.5
3591,Lam Tin,38,Tsuen Wan West,114,12.8,5.9,2,15.5,5.9,2,2,6,6
3592,Lam Tin,38,Kam Sheung Road,115,23.4,11.7,2,26,11.7,2,2,13.5,13.5
3593,Lam Tin,38,Yuen Long,116,24.9,12.6,2,27.5,12.6,2,2,14,14
3594,Lam Tin,38,Long Ping,117,24.9,12.6,2,27.5,12.6,2,2,14,14
3595,Lam Tin,38,Tin Shui Wai,118,24.9,12.6,2,27.5,12.6,2,2,14,14
3596,Lam Tin,38,Siu Hong,119,24.9,12.6,2,27.5,12.6,2,2,14,14
3597,Lam Tin,38,Tuen Mun,120,24.9,12.6,2,27.5,12.6,2,2,14,14
3598,Lam Tin,38,Sai Ying Pun,81,15.8,7.4,2,16,7.4,2,2,7.5,7.5
3599,Lam Tin,38,HKU,82,15.8,7.4,2,16,7.4,2,2,7.5,7.5
3600,Lam Tin,38,Kennedy Town,83,15.8,7.4,2,16,7.4,2,2,7.5,7.5
3601,Lam Tin,38,Ho Man Tin,84,9.2,4.4,2,10.5,4.4,2,2,4.5,4.5
3602,Lam Tin,38,Whampoa,85,9.2,4.4,2,10.5,4.4,2,2,4.5,4.5
3603,Lam Tin,38,Ocean Park,86,15.8,7.4,2,16,7.4,2,2,7.5,7.5
3604,Lam Tin,38,Wong Chuk Hang,87,15.8,7.4,2,16,7.4,2,2,7.5,7.5
3605,Lam Tin,38,Lei Tung,88,15.8,7.4,2,16,7.4,2,2,7.5,7.5
3606,Lam Tin,38,South Horizons,89,15.8,7.4,2,16,7.4,2,2,7.5,7.5
3607,Lam Tin,38,Hin Keng,90,12.3,5.9,2,14,5.9,2,2,6,6
3608,Lam Tin,38,Kai Tak,91,7.4,3.7,2,7.5,3.7,2,2,4,4
3609,Lam Tin,38,Sung Wong Toi,92,7.4,3.7,2,7.5,3.7,2,2,4,4
3610,Lam Tin,38,To Kwa Wan,93,9.2,4.4,2,10.5,4.4,2,2,4.5,4.5
3611,Hong Kong,39,Central,1,0,0,0,0,0,0,0,0,0
3612,Hong Kong,39,Admiralty,2,4.9,3.2,2,5,3.2,2,2,3.5,3.5
3613,Hong Kong,39,Tsim Sha Tsui,3,10.6,5.4,2,12.5,5.4,2,2,5.5,5.5
3614,Hong Kong,39,Jordan,4,10.6,5.4,2,12.5,5.4,2,2,5.5,5.5
3615,Hong Kong,39,Yau Ma Tei,5,13.2,6.5,2,15.5,6.5,2,2,6.5,6.5
3616,Hong Kong,39,Mong Kok,6,13.2,6.5,2,15.5,6.5,2,2,6.5,6.5
3617,Hong Kong,39,Shek Kip Mei,7,13.2,6.5,2,15.5,6.5,2,2,6.5,6.5
3618,Hong Kong,39,Kowloon Tong,8,13.2,6.5,2,15.5,6.5,2,2,6.5,6.5
3619,Hong Kong,39,Lok Fu,9,15.8,7.4,2,16,7.4,2,2,7.5,7.5
3620,Hong Kong,39,Wong Tai Sin,10,15.8,7.4,2,16,7.4,2,2,7.5,7.5
3621,Hong Kong,39,Diamond Hill,11,15.8,7.4,2,16,7.4,2,2,7.5,7.5
3622,Hong Kong,39,Choi Hung,12,15.8,7.4,2,16,7.4,2,2,7.5,7.5
3623,Hong Kong,39,Kowloon Bay,13,15.8,7.4,2,16,7.4,2,2,7.5,7.5
3624,Hong Kong,39,Ngau Tau Kok,14,15.8,7.4,2,16,7.4,2,2,7.5,7.5
3625,Hong Kong,39,Kwun Tong,15,15.8,7.4,2,16,7.4,2,2,7.5,7.5
3626,Hong Kong,39,Prince Edward,16,13.2,6.5,2,15.5,6.5,2,2,6.5,6.5
3627,Hong Kong,39,Sham Shui Po,17,13.2,6.5,2,15.5,6.5,2,2,6.5,6.5
3628,Hong Kong,39,Cheung Sha Wan,18,13.2,6.5,2,15.5,6.5,2,2,6.5,6.5
3629,Hong Kong,39,Lai Chi Kok,19,15.8,7.4,2,16,7.4,2,2,7.5,7.5
3630,Hong Kong,39,Mei Foo,20,15.8,7.4,2,16,7.4,2,2,7.5,7.5
3631,Hong Kong,39,Lai King,21,15.8,7.4,2,16,7.4,2,2,7.5,7.5
3632,Hong Kong,39,Kwai Fong,22,15.8,7.4,2,16,7.4,2,2,7.5,7.5
3633,Hong Kong,39,Kwai Hing,23,15.8,7.4,2,16,7.4,2,2,7.5,7.5
3634,Hong Kong,39,Tai Wo Hau,24,15.8,7.4,2,16,7.4,2,2,7.5,7.5
3635,Hong Kong,39,Tsuen Wan,25,15.8,7.4,2,16,7.4,2,2,7.5,7.5
3636,Hong Kong,39,Sheung Wan,26,4.9,3.2,2,5,3.2,2,2,3.5,3.5
3637,Hong Kong,39,Wan Chai,27,4.9,3.2,2,5,3.2,2,2,3.5,3.5
3638,Hong Kong,39,Causeway Bay,28,5.9,3.2,2,6,3.2,2,2,3.5,3.5
3639,Hong Kong,39,Tin Hau,29,5.9,3.2,2,6,3.2,2,2,3.5,3.5
3640,Hong Kong,39,Fortress Hill,30,5.9,3.2,2,6,3.2,2,2,3.5,3.5
3641,Hong Kong,39,North Point,31,7.4,3.7,2,7.5,3.7,2,2,4,4
3642,Hong Kong,39,Quarry Bay,32,7.4,3.7,2,7.5,3.7,2,2,4,4
3643,Hong Kong,39,Tai Koo,33,7.4,3.7,2,7.5,3.7,2,2,4,4
3644,Hong Kong,39,Sai Wan Ho,34,9.2,4.4,2,10.5,4.4,2,2,4.5,4.5
3645,Hong Kong,39,Shau Kei Wan,35,9.2,4.4,2,10.5,4.4,2,2,4.5,4.5
3646,Hong Kong,39,Heng Fa Chuen,36,9.2,4.4,2,10.5,4.4,2,2,4.5,4.5
3647,Hong Kong,39,Chai Wan,37,9.2,4.4,2,10.5,4.4,2,2,4.5,4.5
3648,Hong Kong,39,Lam Tin,38,15.8,7.4,2,16,7.4,2,2,7.5,7.5
3649,Hong Kong,39,Hong Kong,39,0,0,0,0,0,0,0,0,0
3650,Hong Kong,39,Kowloon,40,10.6,5.4,2,12.5,5.4,2,2,5.5,5.5
3651,Hong Kong,39,Olympic,41,13.2,6.5,2,15.5,6.5,2,2,6.5,6.5
3652,Hong Kong,39,Tsing Yi,42,15.8,7.4,2,16,7.4,2,2,7.5,7.5
3653,Hong Kong,39,Tung Chung,43,24.3,12.5,2,28,12.5,2,2,15,15
3654,Hong Kong,39,Yau Tong,48,15.8,7.4,2,16,7.4,2,2,7.5,7.5
3655,Hong Kong,39,Tiu Keng Leng,49,15.8,7.4,2,16,7.4,2,2,7.5,7.5
3656,Hong Kong,39,Tseung Kwan O,50,15.8,7.4,2,16,7.4,2,2,7.5,7.5
3657,Hong Kong,39,Hang Hau,51,15.8,7.4,2,16,7.4,2,2,7.5,7.5
3658,Hong Kong,39,Po Lam,52,15.8,7.4,2,16,7.4,2,2,7.5,7.5
3659,Hong Kong,39,Nam Cheong,53,13.2,6.5,2,15.5,6.5,2,2,6.5,6.5
3660,Hong Kong,39,Sunny Bay,54,22.2,11.1,2,25.5,11.1,2,2,13.5,13.5
3661,Hong Kong,39,Disneyland Resort,55,27.9,14.2,2,31,14.2,2,2,16.5,16.5
3662,Hong Kong,39,LOHAS Park,57,15.8,7.4,2,16,7.4,2,2,7.5,7.5
3663,Hong Kong,39,Hung Hom,64,12.6,5.9,2,15,5.9,2,2,6,6
3664,Hong Kong,39,Mong Kok East,65,12.9,6.4,2,15.5,6.4,2,2,6.5,6.5
3665,Hong Kong,39,Tai Wai,67,17.1,8.6,2,19,8.6,2,2,9.5,9.5
3666,Hong Kong,39,Sha Tin,68,17.1,8.6,2,19,8.6,2,2,9.5,9.5
3667,Hong Kong,39,Fo Tan,69,17.6,9.1,2,19.5,9.1,2,2,10,10
3668,Hong Kong,39,Racecourse,70,25.7,13.4,25.7,28.5,13.4,2,2,15,15
3669,Hong Kong,39,University,71,18.4,9.2,2,20,9.2,2,2,10.5,10.5
3670,Hong Kong,39,Tai Po Market,72,19.9,10.1,2,22,10.1,2,2,12,12
3671,Hong Kong,39,Tai Wo,73,19.9,10.1,2,22,10.1,2,2,12,12
3672,Hong Kong,39,Fanling,74,22.2,11.6,2,25.5,11.6,2,2,13.5,13.5
3673,Hong Kong,39,Sheung Shui,75,22.2,11.6,2,25.5,11.6,2,2,13.5,13.5
3674,Hong Kong,39,Lo Wu,76,52.2,46,52.2,55.5,26.2,26.2,26.2,27.5,27.5
3675,Hong Kong,39,Lok Ma Chau,78,52.2,46,52.2,55.5,26.2,26.2,26.2,27.5,27.5
3676,Hong Kong,39,East Tsim Sha Tsui,80,10.6,5.4,2,12.5,5.4,2,2,5.5,5.5
3677,Hong Kong,39,Che Kung Temple,96,17.2,8.7,2,19,8.7,2,2,10,10
3678,Hong Kong,39,Sha Tin Wai,97,17.2,8.7,2,19,8.7,2,2,10,10
3679,Hong Kong,39,City One,98,17.2,8.7,2,19,8.7,2,2,10,10
3680,Hong Kong,39,Shek Mun,99,17.2,8.7,2,19,8.7,2,2,10,10
3681,Hong Kong,39,Tai Shui Hang,100,20.8,10.4,2,22,10.4,2,2,12.5,12.5
3682,Hong Kong,39,Heng On,101,20.8,10.4,2,22,10.4,2,2,12.5,12.5
3683,Hong Kong,39,Ma On Shan,102,20.8,10.4,2,22,10.4,2,2,12.5,12.5
3684,Hong Kong,39,Wu Kai Sha,103,20.8,10.4,2,22,10.4,2,2,12.5,12.5
3685,Hong Kong,39,Austin,111,10.6,5.4,2,12.5,5.4,2,2,5.5,5.5
3686,Hong Kong,39,Tsuen Wan West,114,17.8,9.1,2,19.5,9.1,2,2,10,10
3687,Hong Kong,39,Kam Sheung Road,115,28,14.3,2,30,14.3,2,2,15.5,15.5
3688,Hong Kong,39,Yuen Long,116,29.3,15.2,2,31,15.2,2,2,16.5,16.5
3689,Hong Kong,39,Long Ping,117,29.3,15.2,2,31,15.2,2,2,16.5,16.5
3690,Hong Kong,39,Tin Shui Wai,118,29.3,15.2,2,31,15.2,2,2,16.5,16.5
3691,Hong Kong,39,Siu Hong,119,29.3,15.2,2,31,15.2,2,2,16.5,16.5
3692,Hong Kong,39,Tuen Mun,120,29.3,15.2,2,31,15.2,2,2,16.5,16.5
3693,Hong Kong,39,Sai Ying Pun,81,4.9,3.2,2,5,3.2,2,2,3.5,3.5
3694,Hong Kong,39,HKU,82,5.9,3.2,2,6,3.2,2,2,3.5,3.5
3695,Hong Kong,39,Kennedy Town,83,5.9,3.2,2,6,3.2,2,2,3.5,3.5
3696,Hong Kong,39,Ho Man Tin,84,13.2,6.5,2,15.5,6.5,2,2,6.5,6.5
3697,Hong Kong,39,Whampoa,85,13.2,6.5,2,15.5,6.5,2,2,6.5,6.5
3698,Hong Kong,39,Ocean Park,86,5.9,3.2,2,6,3.2,2,2,3.5,3.5
3699,Hong Kong,39,Wong Chuk Hang,87,7.4,3.7,2,7.5,3.7,2,2,4,4
3700,Hong Kong,39,Lei Tung,88,7.4,3.7,2,7.5,3.7,2,2,4,4
3701,Hong Kong,39,South Horizons,89,7.4,3.7,2,7.5,3.7,2,2,4,4
3702,Hong Kong,39,Hin Keng,90,17.1,8.6,2,19,8.6,2,2,9.5,9.5
3703,Hong Kong,39,Kai Tak,91,13.2,6.5,2,15.5,6.5,2,2,6.5,6.5
3704,Hong Kong,39,Sung Wong Toi,92,13.2,6.5,2,15.5,6.5,2,2,6.5,6.5
3705,Hong Kong,39,To Kwa Wan,93,13.2,6.5,2,15.5,6.5,2,2,6.5,6.5
3706,Kowloon,40,Central,1,10.6,5.4,2,12.5,5.4,2,2,5.5,5.5
3707,Kowloon,40,Admiralty,2,10.6,5.4,2,12.5,5.4,2,2,5.5,5.5
3708,Kowloon,40,Tsim Sha Tsui,3,4.9,3.2,2,5,3.2,2,2,3.5,3.5
3709,Kowloon,40,Jordan,4,4.9,3.2,2,5,3.2,2,2,3.5,3.5
3710,Kowloon,40,Yau Ma Tei,5,4.9,3.2,2,5,3.2,2,2,3.5,3.5
3711,Kowloon,40,Mong Kok,6,4.9,3.2,2,5,3.2,2,2,3.5,3.5
3712,Kowloon,40,Shek Kip Mei,7,5.9,3.2,2,6,3.2,2,2,3.5,3.5
3713,Kowloon,40,Kowloon Tong,8,7.4,3.7,2,7.5,3.7,2,2,4,4
3714,Kowloon,40,Lok Fu,9,7.4,3.7,2,7.5,3.7,2,2,4,4
3715,Kowloon,40,Wong Tai Sin,10,9.2,4.4,2,10.5,4.4,2,2,4.5,4.5
3716,Kowloon,40,Diamond Hill,11,9.2,4.4,2,10.5,4.4,2,2,4.5,4.5
3717,Kowloon,40,Choi Hung,12,9.2,4.4,2,10.5,4.4,2,2,4.5,4.5
3718,Kowloon,40,Kowloon Bay,13,9.2,4.4,2,10.5,4.4,2,2,4.5,4.5
3719,Kowloon,40,Ngau Tau Kok,14,9.2,4.4,2,10.5,4.4,2,2,4.5,4.5
3720,Kowloon,40,Kwun Tong,15,9.2,4.4,2,10.5,4.4,2,2,4.5,4.5
3721,Kowloon,40,Prince Edward,16,5.9,3.2,2,6,3.2,2,2,3.5,3.5
3722,Kowloon,40,Sham Shui Po,17,5.9,3.2,2,6,3.2,2,2,3.5,3.5
3723,Kowloon,40,Cheung Sha Wan,18,7.4,3.7,2,7.5,3.7,2,2,4,4
3724,Kowloon,40,Lai Chi Kok,19,7.4,3.7,2,7.5,3.7,2,2,4,4
3725,Kowloon,40,Mei Foo,20,9.2,4.4,2,10.5,4.4,2,2,4.5,4.5
3726,Kowloon,40,Lai King,21,9.2,4.4,2,10.5,4.4,2,2,4.5,4.5
3727,Kowloon,40,Kwai Fong,22,11,4.9,2,13,4.9,2,2,5,5
3728,Kowloon,40,Kwai Hing,23,11,4.9,2,13,4.9,2,2,5,5
3729,Kowloon,40,Tai Wo Hau,24,11,4.9,2,13,4.9,2,2,5,5
3730,Kowloon,40,Tsuen Wan,25,11,4.9,2,13,4.9,2,2,5,5
3731,Kowloon,40,Sheung Wan,26,10.6,5.4,2,12.5,5.4,2,2,5.5,5.5
3732,Kowloon,40,Wan Chai,27,10.6,5.4,2,12.5,5.4,2,2,5.5,5.5
3733,Kowloon,40,Causeway Bay,28,13.2,6.5,2,15.5,6.5,2,2,6.5,6.5
3734,Kowloon,40,Tin Hau,29,13.2,6.5,2,15.5,6.5,2,2,6.5,6.5
3735,Kowloon,40,Fortress Hill,30,13.2,6.5,2,15.5,6.5,2,2,6.5,6.5
3736,Kowloon,40,North Point,31,13.2,6.5,2,15.5,6.5,2,2,6.5,6.5
3737,Kowloon,40,Quarry Bay,32,13.2,6.5,2,15.5,6.5,2,2,6.5,6.5
3738,Kowloon,40,Tai Koo,33,15.8,7.4,2,16,7.4,2,2,7.5,7.5
3739,Kowloon,40,Sai Wan Ho,34,15.8,7.4,2,16,7.4,2,2,7.5,7.5
3740,Kowloon,40,Shau Kei Wan,35,15.8,7.4,2,16,7.4,2,2,7.5,7.5
3741,Kowloon,40,Heng Fa Chuen,36,15.8,7.4,2,16,7.4,2,2,7.5,7.5
3742,Kowloon,40,Chai Wan,37,15.8,7.4,2,16,7.4,2,2,7.5,7.5
3743,Kowloon,40,Lam Tin,38,9.2,4.4,2,10.5,4.4,2,2,4.5,4.5
3744,Kowloon,40,Hong Kong,39,10.6,5.4,2,12.5,5.4,2,2,5.5,5.5
3745,Kowloon,40,Kowloon,40,0,0,0,0,0,0,0,0,0
3746,Kowloon,40,Olympic,41,4.9,3.2,2,5,3.2,2,2,3.5,3.5
3747,Kowloon,40,Tsing Yi,42,11,4.9,2,13,4.9,2,2,5,5
3748,Kowloon,40,Tung Chung,43,18.7,9.4,2,21,9.4,2,2,10.5,10.5
3749,Kowloon,40,Yau Tong,48,9.2,4.4,2,10.5,4.4,2,2,4.5,4.5
3750,Kowloon,40,Tiu Keng Leng,49,11,4.9,2,13,4.9,2,2,5,5
3751,Kowloon,40,Tseung Kwan O,50,11,4.9,2,13,4.9,2,2,5,5
3752,Kowloon,40,Hang Hau,51,11,4.9,2,13,4.9,2,2,5,5
3753,Kowloon,40,Po Lam,52,11,4.9,2,13,4.9,2,2,5,5
3754,Kowloon,40,Nam Cheong,53,5.9,3.2,2,6,3.2,2,2,3.5,3.5
3755,Kowloon,40,Sunny Bay,54,15.9,7.7,2,17,7.7,2,2,8,8
3756,Kowloon,40,Disneyland Resort,55,22.2,11.1,2,25.5,11.1,2,2,13.5,13.5
3757,Kowloon,40,LOHAS Park,57,11,4.9,2,13,4.9,2,2,5,5
3758,Kowloon,40,Hung Hom,64,6.9,3.7,2,7,3.7,2,2,4,4
3759,Kowloon,40,Mong Kok East,65,7.7,3.9,2,8,3.9,2,2,4,4
3760,Kowloon,40,Tai Wai,67,11,5.4,2,13,5.4,2,2,5.5,5.5
3761,Kowloon,40,Sha Tin,68,11,5.4,2,13,5.4,2,2,5.5,5.5
3762,Kowloon,40,Fo Tan,69,11.7,5.9,2,13.5,5.9,2,2,6,6
3763,Kowloon,40,Racecourse,70,19.5,9.9,19.5,21.5,9.9,2,2,12,12
3764,Kowloon,40,University,71,12.4,6.1,2,14,6.1,2,2,6.5,6.5
3765,Kowloon,40,Tai Po Market,72,13.4,6.9,2,15.5,6.9,2,2,7,7
3766,Kowloon,40,Tai Wo,73,13.4,6.9,2,15.5,6.9,2,2,7,7
3767,Kowloon,40,Fanling,74,15,7.6,2,16,7.6,2,2,8,8
3768,Kowloon,40,Sheung Shui,75,15,7.6,2,16,7.6,2,2,8,8
3769,Kowloon,40,Lo Wu,76,46.6,43.7,46.6,49.5,23.7,23.7,23.7,24.5,24.5
3770,Kowloon,40,Lok Ma Chau,78,46.6,43.7,46.6,49.5,23.7,23.7,23.7,24.5,24.5
3771,Kowloon,40,East Tsim Sha Tsui,80,4.9,3.2,2,5,3.2,2,2,3.5,3.5
3772,Kowloon,40,Che Kung Temple,96,11.1,5.6,2,13,5.6,2,2,6,6
3773,Kowloon,40,Sha Tin Wai,97,11.1,5.6,2,13,5.6,2,2,6,6
3774,Kowloon,40,City One,98,11.1,5.6,2,13,5.6,2,2,6,6
3775,Kowloon,40,Shek Mun,99,11.1,5.6,2,13,5.6,2,2,6,6
3776,Kowloon,40,Tai Shui Hang,100,13.8,6.7,2,15.5,6.7,2,2,7,7
3777,Kowloon,40,Heng On,101,13.8,6.7,2,15.5,6.7,2,2,7,7
3778,Kowloon,40,Ma On Shan,102,13.8,6.7,2,15.5,6.7,2,2,7,7
3779,Kowloon,40,Wu Kai Sha,103,13.8,6.7,2,15.5,6.7,2,2,7,7
3780,Kowloon,40,Austin,111,4.9,3.2,2,5,3.2,2,2,3.5,3.5
3781,Kowloon,40,Tsuen Wan West,114,10.4,5.3,2,12.5,5.3,2,2,5.5,5.5
3782,Kowloon,40,Kam Sheung Road,115,21,10.9,2,21.5,10.9,2,2,12.5,12.5
3783,Kowloon,40,Yuen Long,116,22.1,11.5,2,23,11.5,2,2,13.5,13.5
3784,Kowloon,40,Long Ping,117,22.1,11.5,2,23,11.5,2,2,13.5,13.5
3785,Kowloon,40,Tin Shui Wai,118,22.1,11.5,2,23,11.5,2,2,13.5,13.5
3786,Kowloon,40,Siu Hong,119,22.1,11.5,2,23,11.5,2,2,13.5,13.5
3787,Kowloon,40,Tuen Mun,120,22.1,11.5,2,23,11.5,2,2,13.5,13.5
3788,Kowloon,40,Sai Ying Pun,81,13.2,6.5,2,15.5,6.5,2,2,6.5,6.5
3789,Kowloon,40,HKU,82,13.2,6.5,2,15.5,6.5,2,2,6.5,6.5
3790,Kowloon,40,Kennedy Town,83,13.2,6.5,2,15.5,6.5,2,2,6.5,6.5
3791,Kowloon,40,Ho Man Tin,84,6.2,3.6,2,6.5,3.6,2,2,4,4
3792,Kowloon,40,Whampoa,85,6.2,3.6,2,6.5,3.6,2,2,4,4
3793,Kowloon,40,Ocean Park,86,13.2,6.5,2,15.5,6.5,2,2,6.5,6.5
3794,Kowloon,40,Wong Chuk Hang,87,13.2,6.5,2,15.5,6.5,2,2,6.5,6.5
3795,Kowloon,40,Lei Tung,88,13.2,6.5,2,15.5,6.5,2,2,6.5,6.5
3796,Kowloon,40,South Horizons,89,15.8,7.4,2,16,7.4,2,2,7.5,7.5
3797,Kowloon,40,Hin Keng,90,11,5.4,2,13,5.4,2,2,5.5,5.5
3798,Kowloon,40,Kai Tak,91,6.2,3.6,2,6.5,3.6,2,2,4,4
3799,Kowloon,40,Sung Wong Toi,92,6.2,3.6,2,6.5,3.6,2,2,4,4
3800,Kowloon,40,To Kwa Wan,93,6.2,3.6,2,6.5,3.6,2,2,4,4
3801,Olympic,41,Central,1,13.2,6.5,2,15.5,6.5,2,2,6.5,6.5
3802,Olympic,41,Admiralty,2,13.2,6.5,2,15.5,6.5,2,2,6.5,6.5
3803,Olympic,41,Tsim Sha Tsui,3,5.9,3.2,2,6,3.2,2,2,3.5,3.5
3804,Olympic,41,Jordan,4,4.9,3.2,2,5,3.2,2,2,3.5,3.5
3805,Olympic,41,Yau Ma Tei,5,4.9,3.2,2,5,3.2,2,2,3.5,3.5
3806,Olympic,41,Mong Kok,6,4.9,3.2,2,5,3.2,2,2,3.5,3.5
3807,Olympic,41,Shek Kip Mei,7,4.9,3.2,2,5,3.2,2,2,3.5,3.5
3808,Olympic,41,Kowloon Tong,8,5.9,3.2,2,6,3.2,2,2,3.5,3.5
3809,Olympic,41,Lok Fu,9,5.9,3.2,2,6,3.2,2,2,3.5,3.5
3810,Olympic,41,Wong Tai Sin,10,7.4,3.7,2,7.5,3.7,2,2,4,4
3811,Olympic,41,Diamond Hill,11,7.7,3.8,2,8,3.8,2,2,4,4
3812,Olympic,41,Choi Hung,12,9.2,4.4,2,10.5,4.4,2,2,4.5,4.5
3813,Olympic,41,Kowloon Bay,13,9.2,4.4,2,10.5,4.4,2,2,4.5,4.5
3814,Olympic,41,Ngau Tau Kok,14,9.2,4.4,2,10.5,4.4,2,2,4.5,4.5
3815,Olympic,41,Kwun Tong,15,9.2,4.4,2,10.5,4.4,2,2,4.5,4.5
3816,Olympic,41,Prince Edward,16,4.9,3.2,2,5,3.2,2,2,3.5,3.5
3817,Olympic,41,Sham Shui Po,17,4.9,3.2,2,5,3.2,2,2,3.5,3.5
3818,Olympic,41,Cheung Sha Wan,18,5.9,3.2,2,6,3.2,2,2,3.5,3.5
3819,Olympic,41,Lai Chi Kok,19,5.9,3.2,2,6,3.2,2,2,3.5,3.5
3820,Olympic,41,Mei Foo,20,7.4,3.7,2,7.5,3.7,2,2,4,4
3821,Olympic,41,Lai King,21,7.4,3.7,2,7.5,3.7,2,2,4,4
3822,Olympic,41,Kwai Fong,22,9.2,4.4,2,10.5,4.4,2,2,4.5,4.5
3823,Olympic,41,Kwai Hing,23,9.2,4.4,2,10.5,4.4,2,2,4.5,4.5
3824,Olympic,41,Tai Wo Hau,24,9.2,4.4,2,10.5,4.4,2,2,4.5,4.5
3825,Olympic,41,Tsuen Wan,25,9.2,4.4,2,10.5,4.4,2,2,4.5,4.5
3826,Olympic,41,Sheung Wan,26,13.2,6.5,2,15.5,6.5,2,2,6.5,6.5
3827,Olympic,41,Wan Chai,27,13.2,6.5,2,15.5,6.5,2,2,6.5,6.5
3828,Olympic,41,Causeway Bay,28,13.2,6.5,2,15.5,6.5,2,2,6.5,6.5
3829,Olympic,41,Tin Hau,29,13.2,6.5,2,15.5,6.5,2,2,6.5,6.5
3830,Olympic,41,Fortress Hill,30,13.2,6.5,2,15.5,6.5,2,2,6.5,6.5
3831,Olympic,41,North Point,31,13.2,6.5,2,15.5,6.5,2,2,6.5,6.5
3832,Olympic,41,Quarry Bay,32,15.8,7.4,2,16,7.4,2,2,7.5,7.5
3833,Olympic,41,Tai Koo,33,15.8,7.4,2,16,7.4,2,2,7.5,7.5
3834,Olympic,41,Sai Wan Ho,34,15.8,7.4,2,16,7.4,2,2,7.5,7.5
3835,Olympic,41,Shau Kei Wan,35,15.8,7.4,2,16,7.4,2,2,7.5,7.5
3836,Olympic,41,Heng Fa Chuen,36,15.8,7.4,2,16,7.4,2,2,7.5,7.5
3837,Olympic,41,Chai Wan,37,15.8,7.4,2,16,7.4,2,2,7.5,7.5
3838,Olympic,41,Lam Tin,38,9.2,4.4,2,10.5,4.4,2,2,4.5,4.5
3839,Olympic,41,Hong Kong,39,13.2,6.5,2,15.5,6.5,2,2,6.5,6.5
3840,Olympic,41,Kowloon,40,4.9,3.2,2,5,3.2,2,2,3.5,3.5
3841,Olympic,41,Olympic,41,0,0,0,0,0,0,0,0,0
3842,Olympic,41,Tsing Yi,42,9.2,4.4,2,10.5,4.4,2,2,4.5,4.5
3843,Olympic,41,Tung Chung,43,18.7,9.4,2,21,9.4,2,2,10.5,10.5
3844,Olympic,41,Yau Tong,48,9.2,4.4,2,10.5,4.4,2,2,4.5,4.5
3845,Olympic,41,Tiu Keng Leng,49,11,4.9,2,13,4.9,2,2,5,5
3846,Olympic,41,Tseung Kwan O,50,11,4.9,2,13,4.9,2,2,5,5
3847,Olympic,41,Hang Hau,51,11,4.9,2,13,4.9,2,2,5,5
3848,Olympic,41,Po Lam,52,11,4.9,2,13,4.9,2,2,5,5
3849,Olympic,41,Nam Cheong,53,4.9,3.2,2,5,3.2,2,2,3.5,3.5
3850,Olympic,41,Sunny Bay,54,15.9,7.7,2,17,7.7,2,2,8,8
3851,Olympic,41,Disneyland Resort,55,22.2,11.1,2,25.5,11.1,2,2,13.5,13.5
3852,Olympic,41,LOHAS Park,57,11,4.9,2,13,4.9,2,2,5,5
3853,Olympic,41,Hung Hom,64,7.1,3.4,2,7.5,3.4,2,2,3.5,3.5
3854,Olympic,41,Mong Kok East,65,7.1,3.4,2,7.5,3.4,2,2,3.5,3.5
3855,Olympic,41,Tai Wai,67,9.6,4.6,2,12,4.6,2,2,5,5
3856,Olympic,41,Sha Tin,68,9.6,4.6,2,12,4.6,2,2,5,5
3857,Olympic,41,Fo Tan,69,10.1,5.3,2,12.5,5.3,2,2,5.5,5.5
3858,Olympic,41,Racecourse,70,18.3,9.2,18.3,20,9.2,2,2,10.5,10.5
3859,Olympic,41,University,71,10.8,5.4,2,13.5,5.4,2,2,5.5,5.5
3860,Olympic,41,Tai Po Market,72,12.8,6.4,2,14.5,6.4,2,2,6.5,6.5
3861,Olympic,41,Tai Wo,73,12.8,6.4,2,14.5,6.4,2,2,6.5,6.5
3862,Olympic,41,Fanling,74,13.6,7.1,2,15.5,7.1,2,2,7.5,7.5
3863,Olympic,41,Sheung Shui,75,13.6,7.1,2,15.5,7.1,2,2,7.5,7.5
3864,Olympic,41,Lo Wu,76,45.4,43.1,45.4,48,23.1,23.1,23.1,24.5,24.5
3865,Olympic,41,Lok Ma Chau,78,45.4,43.1,45.4,48,23.1,23.1,23.1,24.5,24.5
3866,Olympic,41,East Tsim Sha Tsui,80,5.9,3.2,2,6,3.2,2,2,3.5,3.5
3867,Olympic,41,Che Kung Temple,96,9.8,4.9,2,12,4.9,2,2,5,5
3868,Olympic,41,Sha Tin Wai,97,9.8,4.9,2,12,4.9,2,2,5,5
3869,Olympic,41,City One,98,9.8,4.9,2,12,4.9,2,2,5,5
3870,Olympic,41,Shek Mun,99,9.8,4.9,2,12,4.9,2,2,5,5
3871,Olympic,41,Tai Shui Hang,100,12,6,2,14,6,2,2,6,6
3872,Olympic,41,Heng On,101,12,6,2,14,6,2,2,6,6
3873,Olympic,41,Ma On Shan,102,12,6,2,14,6,2,2,6,6
3874,Olympic,41,Wu Kai Sha,103,12,6,2,14,6,2,2,6,6
3875,Olympic,41,Austin,111,4.9,3.2,2,5,3.2,2,2,3.5,3.5
3876,Olympic,41,Tsuen Wan West,114,9.2,5.1,2,10.5,5.1,2,2,5.5,5.5
3877,Olympic,41,Kam Sheung Road,115,18.9,10,2,19.5,10,2,2,12,12
3878,Olympic,41,Yuen Long,116,20.8,11,2,21.5,11,2,2,13,13
3879,Olympic,41,Long Ping,117,20.8,11,2,21.5,11,2,2,13,13
3880,Olympic,41,Tin Shui Wai,118,20.8,11,2,21.5,11,2,2,13,13
3881,Olympic,41,Siu Hong,119,20.8,11,2,21.5,11,2,2,13,13
3882,Olympic,41,Tuen Mun,120,20.8,11,2,21.5,11,2,2,13,13
3883,Olympic,41,Sai Ying Pun,81,13.2,6.5,2,15.5,6.5,2,2,6.5,6.5
3884,Olympic,41,HKU,82,13.2,6.5,2,15.5,6.5,2,2,6.5,6.5
3885,Olympic,41,Kennedy Town,83,13.2,6.5,2,15.5,6.5,2,2,6.5,6.5
3886,Olympic,41,Ho Man Tin,84,6.2,3.6,2,6.5,3.6,2,2,4,4
3887,Olympic,41,Whampoa,85,6.2,3.6,2,6.5,3.6,2,2,4,4
3888,Olympic,41,Ocean Park,86,13.2,6.5,2,15.5,6.5,2,2,6.5,6.5
3889,Olympic,41,Wong Chuk Hang,87,13.2,6.5,2,15.5,6.5,2,2,6.5,6.5
3890,Olympic,41,Lei Tung,88,15.8,7.4,2,16,7.4,2,2,7.5,7.5
3891,Olympic,41,South Horizons,89,15.8,7.4,2,16,7.4,2,2,7.5,7.5
3892,Olympic,41,Hin Keng,90,11,5.4,2,13,5.4,2,2,5.5,5.5
3893,Olympic,41,Kai Tak,91,6.2,3.6,2,6.5,3.6,2,2,4,4
3894,Olympic,41,Sung Wong Toi,92,6.2,3.6,2,6.5,3.6,2,2,4,4
3895,Olympic,41,To Kwa Wan,93,6.2,3.6,2,6.5,3.6,2,2,4,4
3896,Tsing Yi,42,Central,1,15.8,7.4,2,16,7.4,2,2,7.5,7.5
3897,Tsing Yi,42,Admiralty,2,15.8,7.4,2,16,7.4,2,2,7.5,7.5
3898,Tsing Yi,42,Tsim Sha Tsui,3,11,4.9,2,13,4.9,2,2,5,5
3899,Tsing Yi,42,Jordan,4,11,4.9,2,13,4.9,2,2,5,5
3900,Tsing Yi,42,Yau Ma Tei,5,11,4.9,2,13,4.9,2,2,5,5
3901,Tsing Yi,42,Mong Kok,6,9.2,4.4,2,10.5,4.4,2,2,4.5,4.5
3902,Tsing Yi,42,Shek Kip Mei,7,9.2,4.4,2,10.5,4.4,2,2,4.5,4.5
3903,Tsing Yi,42,Kowloon Tong,8,9.2,4.4,2,10.5,4.4,2,2,4.5,4.5
3904,Tsing Yi,42,Lok Fu,9,9.2,4.4,2,10.5,4.4,2,2,4.5,4.5
3905,Tsing Yi,42,Wong Tai Sin,10,11,4.9,2,13,4.9,2,2,5,5
3906,Tsing Yi,42,Diamond Hill,11,11,4.9,2,13,4.9,2,2,5,5
3907,Tsing Yi,42,Choi Hung,12,11,4.9,2,13,4.9,2,2,5,5
3908,Tsing Yi,42,Kowloon Bay,13,11,4.9,2,13,4.9,2,2,5,5
3909,Tsing Yi,42,Ngau Tau Kok,14,11,4.9,2,13,4.9,2,2,5,5
3910,Tsing Yi,42,Kwun Tong,15,11,4.9,2,13,4.9,2,2,5,5
3911,Tsing Yi,42,Prince Edward,16,9.2,4.4,2,10.5,4.4,2,2,4.5,4.5
3912,Tsing Yi,42,Sham Shui Po,17,7.4,3.7,2,7.5,3.7,2,2,4,4
3913,Tsing Yi,42,Cheung Sha Wan,18,7.4,3.7,2,7.5,3.7,2,2,4,4
3914,Tsing Yi,42,Lai Chi Kok,19,5.9,3.2,2,6,3.2,2,2,3.5,3.5
3915,Tsing Yi,42,Mei Foo,20,5.9,3.2,2,6,3.2,2,2,3.5,3.5
3916,Tsing Yi,42,Lai King,21,4.9,3.2,2,5,3.2,2,2,3.5,3.5
3917,Tsing Yi,42,Kwai Fong,22,4.9,3.2,2,5,3.2,2,2,3.5,3.5
3918,Tsing Yi,42,Kwai Hing,23,4.9,3.2,2,5,3.2,2,2,3.5,3.5
3919,Tsing Yi,42,Tai Wo Hau,24,4.9,3.2,2,5,3.2,2,2,3.5,3.5
3920,Tsing Yi,42,Tsuen Wan,25,4.9,3.2,2,5,3.2,2,2,3.5,3.5
3921,Tsing Yi,42,Sheung Wan,26,15.8,7.4,2,16,7.4,2,2,7.5,7.5
3922,Tsing Yi,42,Wan Chai,27,15.8,7.4,2,16,7.4,2,2,7.5,7.5
3923,Tsing Yi,42,Causeway Bay,28,15.8,7.4,2,16,7.4,2,2,7.5,7.5
3924,Tsing Yi,42,Tin Hau,29,15.8,7.4,2,16,7.4,2,2,7.5,7.5
3925,Tsing Yi,42,Fortress Hill,30,15.8,7.4,2,16,7.4,2,2,7.5,7.5
3926,Tsing Yi,42,North Point,31,15.8,7.4,2,16,7.4,2,2,7.5,7.5
3927,Tsing Yi,42,Quarry Bay,32,15.8,7.4,2,16,7.4,2,2,7.5,7.5
3928,Tsing Yi,42,Tai Koo,33,15.8,7.4,2,16,7.4,2,2,7.5,7.5
3929,Tsing Yi,42,Sai Wan Ho,34,15.8,7.4,2,16,7.4,2,2,7.5,7.5
3930,Tsing Yi,42,Shau Kei Wan,35,15.8,7.4,2,16,7.4,2,2,7.5,7.5
3931,Tsing Yi,42,Heng Fa Chuen,36,15.8,7.4,2,16,7.4,2,2,7.5,7.5
3932,Tsing Yi,42,Chai Wan,37,15.8,7.4,2,16,7.4,2,2,7.5,7.5
3933,Tsing Yi,42,Lam Tin,38,11,4.9,2,13,4.9,2,2,5,5
3934,Tsing Yi,42,Hong Kong,39,15.8,7.4,2,16,7.4,2,2,7.5,7.5
3935,Tsing Yi,42,Kowloon,40,11,4.9,2,13,4.9,2,2,5,5
3936,Tsing Yi,42,Olympic,41,9.2,4.4,2,10.5,4.4,2,2,4.5,4.5
3937,Tsing Yi,42,Tsing Yi,42,0,0,0,0,0,0,0,0,0
3938,Tsing Yi,42,Tung Chung,43,15.9,7.7,2,17,7.7,2,2,8,8
3939,Tsing Yi,42,Yau Tong,48,11,4.9,2,13,4.9,2,2,5,5
3940,Tsing Yi,42,Tiu Keng Leng,49,11,4.9,2,13,4.9,2,2,5,5
3941,Tsing Yi,42,Tseung Kwan O,50,13.2,6.5,2,15.5,6.5,2,2,6.5,6.5
3942,Tsing Yi,42,Hang Hau,51,13.2,6.5,2,15.5,6.5,2,2,6.5,6.5
3943,Tsing Yi,42,Po Lam,52,13.2,6.5,2,15.5,6.5,2,2,6.5,6.5
3944,Tsing Yi,42,Nam Cheong,53,7.4,3.7,2,7.5,3.7,2,2,4,4
3945,Tsing Yi,42,Sunny Bay,54,13.2,6.5,2,15.5,6.5,2,2,6.5,6.5
3946,Tsing Yi,42,Disneyland Resort,55,15.9,7.7,2,17,7.7,2,2,8,8
3947,Tsing Yi,42,LOHAS Park,57,13.2,6.5,2,15.5,6.5,2,2,6.5,6.5
3948,Tsing Yi,42,Hung Hom,64,10,4.6,2,12.5,4.6,2,2,5,5
3949,Tsing Yi,42,Mong Kok East,65,10,4.6,2,12.5,4.6,2,2,5,5
3950,Tsing Yi,42,Tai Wai,67,12.3,5.9,2,14,5.9,2,2,6,6
3951,Tsing Yi,42,Sha Tin,68,12.3,5.9,2,14,5.9,2,2,6,6
3952,Tsing Yi,42,Fo Tan,69,12.6,6.2,2,15.5,6.2,2,2,6.5,6.5
3953,Tsing Yi,42,Racecourse,70,21.8,11,21.8,25.5,11,2,2,13.5,13.5
3954,Tsing Yi,42,University,71,13.3,6.5,2,15.5,6.5,2,2,6.5,6.5
3955,Tsing Yi,42,Tai Po Market,72,15,7.5,2,17,7.5,2,2,7.5,7.5
3956,Tsing Yi,42,Tai Wo,73,15,7.5,2,17,7.5,2,2,7.5,7.5
3957,Tsing Yi,42,Fanling,74,17.4,8.7,2,19.5,8.7,2,2,10,10
3958,Tsing Yi,42,Sheung Shui,75,17.4,8.7,2,19.5,8.7,2,2,10,10
3959,Tsing Yi,42,Lo Wu,76,48.2,44.3,48.2,52,24.4,24.4,24.4,26.5,26.5
3960,Tsing Yi,42,Lok Ma Chau,78,48.2,44.3,48.2,52,24.4,24.4,24.4,26.5,26.5
3961,Tsing Yi,42,East Tsim Sha Tsui,80,11,4.9,2,13,4.9,2,2,5,5
3962,Tsing Yi,42,Che Kung Temple,96,12.3,6,2,15,6,2,2,6,6
3963,Tsing Yi,42,Sha Tin Wai,97,12.3,6,2,15,6,2,2,6,6
3964,Tsing Yi,42,City One,98,12.3,6,2,15,6,2,2,6,6
3965,Tsing Yi,42,Shek Mun,99,12.3,6,2,15,6,2,2,6,6
3966,Tsing Yi,42,Tai Shui Hang,100,15.9,7.6,2,17,7.6,2,2,8,8
3967,Tsing Yi,42,Heng On,101,15.9,7.6,2,17,7.6,2,2,8,8
3968,Tsing Yi,42,Ma On Shan,102,15.9,7.6,2,17,7.6,2,2,8,8
3969,Tsing Yi,42,Wu Kai Sha,103,15.9,7.6,2,17,7.6,2,2,8,8
3970,Tsing Yi,42,Austin,111,11,4.9,2,13,4.9,2,2,5,5
3971,Tsing Yi,42,Tsuen Wan West,114,5.9,3.2,2,6,3.2,2,2,3.5,3.5
3972,Tsing Yi,42,Kam Sheung Road,115,18.7,9.4,2,19.5,9.4,2,2,10.5,10.5
3973,Tsing Yi,42,Yuen Long,116,20.7,10.4,2,21.5,10.4,2,2,12.5,12.5
3974,Tsing Yi,42,Long Ping,117,20.7,10.4,2,21.5,10.4,2,2,12.5,12.5
3975,Tsing Yi,42,Tin Shui Wai,118,20.7,10.4,2,21.5,10.4,2,2,12.5,12.5
3976,Tsing Yi,42,Siu Hong,119,20.7,10.4,2,21.5,10.4,2,2,12.5,12.5
3977,Tsing Yi,42,Tuen Mun,120,20.7,10.4,2,21.5,10.4,2,2,12.5,12.5
3978,Tsing Yi,42,Sai Ying Pun,81,15.8,7.4,2,16,7.4,2,2,7.5,7.5
3979,Tsing Yi,42,HKU,82,15.8,7.4,2,16,7.4,2,2,7.5,7.5
3980,Tsing Yi,42,Kennedy Town,83,15.8,7.4,2,16,7.4,2,2,7.5,7.5
3981,Tsing Yi,42,Ho Man Tin,84,11,4.9,2,13,4.9,2,2,5,5
3982,Tsing Yi,42,Whampoa,85,11,4.9,2,13,4.9,2,2,5,5
3983,Tsing Yi,42,Ocean Park,86,15.8,7.4,2,16,7.4,2,2,7.5,7.5
3984,Tsing Yi,42,Wong Chuk Hang,87,15.8,7.4,2,16,7.4,2,2,7.5,7.5
3985,Tsing Yi,42,Lei Tung,88,15.8,7.4,2,16,7.4,2,2,7.5,7.5
3986,Tsing Yi,42,South Horizons,89,15.8,7.4,2,16,7.4,2,2,7.5,7.5
3987,Tsing Yi,42,Hin Keng,90,12.3,5.9,2,14,5.9,2,2,6,6
3988,Tsing Yi,42,Kai Tak,91,11,4.9,2,13,4.9,2,2,5,5
3989,Tsing Yi,42,Sung Wong Toi,92,11,4.9,2,13,4.9,2,2,5,5
3990,Tsing Yi,42,To Kwa Wan,93,11,4.9,2,13,4.9,2,2,5,5
3991,Tung Chung,43,Central,1,24.3,12.5,2,28,12.5,2,2,15,15
3992,Tung Chung,43,Admiralty,2,24.3,12.5,2,28,12.5,2,2,15,15
3993,Tung Chung,43,Tsim Sha Tsui,3,18.7,9.4,2,21,9.4,2,2,10.5,10.5
3994,Tung Chung,43,Jordan,4,18.7,9.4,2,21,9.4,2,2,10.5,10.5
3995,Tung Chung,43,Yau Ma Tei,5,18.7,9.4,2,21,9.4,2,2,10.5,10.5
3996,Tung Chung,43,Mong Kok,6,18.7,9.4,2,21,9.4,2,2,10.5,10.5
3997,Tung Chung,43,Shek Kip Mei,7,18.7,9.4,2,21,9.4,2,2,10.5,10.5
3998,Tung Chung,43,Kowloon Tong,8,18.7,9.4,2,21,9.4,2,2,10.5,10.5
3999,Tung Chung,43,Lok Fu,9,18.7,9.4,2,21,9.4,2,2,10.5,10.5
4000,Tung Chung,43,Wong Tai Sin,10,18.7,9.4,2,21,9.4,2,2,10.5,10.5
4001,Tung Chung,43,Diamond Hill,11,18.7,9.4,2,21,9.4,2,2,10.5,10.5
4002,Tung Chung,43,Choi Hung,12,22.2,11.1,2,25.5,11.1,2,2,13.5,13.5
4003,Tung Chung,43,Kowloon Bay,13,22.2,11.1,2,25.5,11.1,2,2,13.5,13.5
4004,Tung Chung,43,Ngau Tau Kok,14,22.2,11.1,2,25.5,11.1,2,2,13.5,13.5
4005,Tung Chung,43,Kwun Tong,15,22.2,11.1,2,25.5,11.1,2,2,13.5,13.5
4006,Tung Chung,43,Prince Edward,16,18.7,9.4,2,21,9.4,2,2,10.5,10.5
4007,Tung Chung,43,Sham Shui Po,17,15.9,7.7,2,17,7.7,2,2,8,8
4008,Tung Chung,43,Cheung Sha Wan,18,15.9,7.7,2,17,7.7,2,2,8,8
4009,Tung Chung,43,Lai Chi Kok,19,15.9,7.7,2,17,7.7,2,2,8,8
4010,Tung Chung,43,Mei Foo,20,15.9,7.7,2,17,7.7,2,2,8,8
4011,Tung Chung,43,Lai King,21,15.9,7.7,2,17,7.7,2,2,8,8
4012,Tung Chung,43,Kwai Fong,22,15.9,7.7,2,17,7.7,2,2,8,8
4013,Tung Chung,43,Kwai Hing,23,15.9,7.7,2,17,7.7,2,2,8,8
4014,Tung Chung,43,Tai Wo Hau,24,15.9,7.7,2,17,7.7,2,2,8,8
4015,Tung Chung,43,Tsuen Wan,25,15.9,7.7,2,17,7.7,2,2,8,8
4016,Tung Chung,43,Sheung Wan,26,24.3,12.5,2,28,12.5,2,2,15,15
4017,Tung Chung,43,Wan Chai,27,24.3,12.5,2,28,12.5,2,2,15,15
4018,Tung Chung,43,Causeway Bay,28,24.3,12.5,2,28,12.5,2,2,15,15
4019,Tung Chung,43,Tin Hau,29,24.3,12.5,2,28,12.5,2,2,15,15
4020,Tung Chung,43,Fortress Hill,30,27.9,14.2,2,31,14.2,2,2,16.5,16.5
4021,Tung Chung,43,North Point,31,27.9,14.2,2,31,14.2,2,2,16.5,16.5
4022,Tung Chung,43,Quarry Bay,32,27.9,14.2,2,31,14.2,2,2,16.5,16.5
4023,Tung Chung,43,Tai Koo,33,27.9,14.2,2,31,14.2,2,2,16.5,16.5
4024,Tung Chung,43,Sai Wan Ho,34,27.9,14.2,2,31,14.2,2,2,16.5,16.5
4025,Tung Chung,43,Shau Kei Wan,35,27.9,14.2,2,31,14.2,2,2,16.5,16.5
4026,Tung Chung,43,Heng Fa Chuen,36,27.9,14.2,2,31,14.2,2,2,16.5,16.5
4027,Tung Chung,43,Chai Wan,37,27.9,14.2,2,31,14.2,2,2,16.5,16.5
4028,Tung Chung,43,Lam Tin,38,22.2,11.1,2,25.5,11.1,2,2,13.5,13.5
4029,Tung Chung,43,Hong Kong,39,24.3,12.5,2,28,12.5,2,2,15,15
4030,Tung Chung,43,Kowloon,40,18.7,9.4,2,21,9.4,2,2,10.5,10.5
4031,Tung Chung,43,Olympic,41,18.7,9.4,2,21,9.4,2,2,10.5,10.5
4032,Tung Chung,43,Tsing Yi,42,15.9,7.7,2,17,7.7,2,2,8,8
4033,Tung Chung,43,Tung Chung,43,0,0,0,0,0,0,0,0,0
4034,Tung Chung,43,Yau Tong,48,24.3,12.5,2,28,12.5,2,2,15,15
4035,Tung Chung,43,Tiu Keng Leng,49,24.3,12.5,2,28,12.5,2,2,15,15
4036,Tung Chung,43,Tseung Kwan O,50,24.3,12.5,2,28,12.5,2,2,15,15
4037,Tung Chung,43,Hang Hau,51,24.3,12.5,2,28,12.5,2,2,15,15
4038,Tung Chung,43,Po Lam,52,24.3,12.5,2,28,12.5,2,2,15,15
4039,Tung Chung,43,Nam Cheong,53,15.9,7.7,2,17,7.7,2,2,8,8
4040,Tung Chung,43,Sunny Bay,54,11,4.9,2,13,4.9,2,2,5,5
4041,Tung Chung,43,Disneyland Resort,55,15.9,7.7,2,17,7.7,2,2,8,8
4042,Tung Chung,43,LOHAS Park,57,24.3,12.5,2,28,12.5,2,2,15,15
4043,Tung Chung,43,Hung Hom,64,22.1,11,2,26,11,2,2,13.5,13.5
4044,Tung Chung,43,Mong Kok East,65,22.1,11,2,26,11,2,2,13.5,13.5
4045,Tung Chung,43,Tai Wai,67,24.3,12.5,2,27.5,12.5,2,2,14,14
4046,Tung Chung,43,Sha Tin,68,24.3,12.5,2,27.5,12.5,2,2,14,14
4047,Tung Chung,43,Fo Tan,69,24.8,12.9,2,28,12.9,2,2,15,15
4048,Tung Chung,43,Racecourse,70,31.4,16.6,31.4,35,16.6,2,2,18.5,18.5
4049,Tung Chung,43,University,71,25.4,13.2,2,28.5,13.2,2,2,15,15
4050,Tung Chung,43,Tai Po Market,72,27.2,13.8,2,30,13.8,2,2,15.5,15.5
4051,Tung Chung,43,Tai Wo,73,27.2,13.8,2,30,13.8,2,2,15.5,15.5
4052,Tung Chung,43,Fanling,74,28.3,14.8,2,31,14.8,2,2,16,16
4053,Tung Chung,43,Sheung Shui,75,28.3,14.8,2,31,14.8,2,2,16,16
4054,Tung Chung,43,Lo Wu,76,57.5,48.7,57.5,62.5,28.8,28.8,28.8,30.5,30.5
4055,Tung Chung,43,Lok Ma Chau,78,57.5,48.7,57.5,62.5,28.8,28.8,28.8,30.5,30.5
4056,Tung Chung,43,East Tsim Sha Tsui,80,18.7,9.4,2,21,9.4,2,2,10.5,10.5
4057,Tung Chung,43,Che Kung Temple,96,25,12.9,2,28.5,12.9,2,2,15.5,15.5
4058,Tung Chung,43,Sha Tin Wai,97,25,12.9,2,28.5,12.9,2,2,15.5,15.5
4059,Tung Chung,43,City One,98,25,12.9,2,28.5,12.9,2,2,15.5,15.5
4060,Tung Chung,43,Shek Mun,99,25,12.9,2,28.5,12.9,2,2,15.5,15.5
4061,Tung Chung,43,Tai Shui Hang,100,27.8,14,2,30.5,14,2,2,16.5,16.5
4062,Tung Chung,43,Heng On,101,27.8,14,2,30.5,14,2,2,16.5,16.5
4063,Tung Chung,43,Ma On Shan,102,27.8,14,2,30.5,14,2,2,16.5,16.5
4064,Tung Chung,43,Wu Kai Sha,103,27.8,14,2,30.5,14,2,2,16.5,16.5
4065,Tung Chung,43,Austin,111,18.7,9.4,2,21,9.4,2,2,10.5,10.5
4066,Tung Chung,43,Tsuen Wan West,114,20.4,10.2,2,22.5,10.2,2,2,12.5,12.5
4067,Tung Chung,43,Kam Sheung Road,115,30.1,16.1,2,32,16.1,2,2,17,17
4068,Tung Chung,43,Yuen Long,116,31,16.5,2,32.5,16.5,2,2,17.5,17.5
4069,Tung Chung,43,Long Ping,117,31,16.5,2,32.5,16.5,2,2,17.5,17.5
4070,Tung Chung,43,Tin Shui Wai,118,31,16.5,2,32.5,16.5,2,2,17.5,17.5
4071,Tung Chung,43,Siu Hong,119,31,16.5,2,32.5,16.5,2,2,17.5,17.5
4072,Tung Chung,43,Tuen Mun,120,31,16.5,2,32.5,16.5,2,2,17.5,17.5
4073,Tung Chung,43,Sai Ying Pun,81,24.3,12.5,2,28,12.5,2,2,15,15
4074,Tung Chung,43,HKU,82,24.3,12.5,2,28,12.5,2,2,15,15
4075,Tung Chung,43,Kennedy Town,83,27.9,14.2,2,31,14.2,2,2,16.5,16.5
4076,Tung Chung,43,Ho Man Tin,84,18.7,9.4,2,21,9.4,2,2,10.5,10.5
4077,Tung Chung,43,Whampoa,85,18.7,9.4,2,21,9.4,2,2,10.5,10.5
4078,Tung Chung,43,Ocean Park,86,27.9,14.2,2,31,14.2,2,2,16.5,16.5
4079,Tung Chung,43,Wong Chuk Hang,87,27.9,14.2,2,31,14.2,2,2,16.5,16.5
4080,Tung Chung,43,Lei Tung,88,27.9,14.2,2,31,14.2,2,2,16.5,16.5
4081,Tung Chung,43,South Horizons,89,27.9,14.2,2,31,14.2,2,2,16.5,16.5
4082,Tung Chung,43,Hin Keng,90,24.3,12.5,2,27.5,12.5,2,2,14,14
4083,Tung Chung,43,Kai Tak,91,18.7,9.4,2,21,9.4,2,2,10.5,10.5
4084,Tung Chung,43,Sung Wong Toi,92,18.7,9.4,2,21,9.4,2,2,10.5,10.5
4085,Tung Chung,43,To Kwa Wan,93,18.7,9.4,2,21,9.4,2,2,10.5,10.5
4086,Yau Tong,48,Central,1,15.8,7.4,2,16,7.4,2,2,7.5,7.5
4087,Yau Tong,48,Admiralty,2,15.8,7.4,2,16,7.4,2,2,7.5,7.5
4088,Yau Tong,48,Tsim Sha Tsui,3,9.2,4.4,2,10.5,4.4,2,2,4.5,4.5
4089,Yau Tong,48,Jordan,4,9.2,4.4,2,10.5,4.4,2,2,4.5,4.5
4090,Yau Tong,48,Yau Ma Tei,5,9.2,4.4,2,10.5,4.4,2,2,4.5,4.5
4091,Yau Tong,48,Mong Kok,6,9.2,4.4,2,10.5,4.4,2,2,4.5,4.5
4092,Yau Tong,48,Shek Kip Mei,7,9.2,4.4,2,10.5,4.4,2,2,4.5,4.5
4093,Yau Tong,48,Kowloon Tong,8,9.2,4.4,2,10.5,4.4,2,2,4.5,4.5
4094,Yau Tong,48,Lok Fu,9,9.2,4.4,2,10.5,4.4,2,2,4.5,4.5
4095,Yau Tong,48,Wong Tai Sin,10,9.2,4.4,2,10.5,4.4,2,2,4.5,4.5
4096,Yau Tong,48,Diamond Hill,11,7.4,3.7,2,7.5,3.7,2,2,4,4
4097,Yau Tong,48,Choi Hung,12,7.4,3.7,2,7.5,3.7,2,2,4,4
4098,Yau Tong,48,Kowloon Bay,13,5.9,3.2,2,6,3.2,2,2,3.5,3.5
4099,Yau Tong,48,Ngau Tau Kok,14,5.9,3.2,2,6,3.2,2,2,3.5,3.5
4100,Yau Tong,48,Kwun Tong,15,4.9,3.2,2,5,3.2,2,2,3.5,3.5
4101,Yau Tong,48,Prince Edward,16,9.2,4.4,2,10.5,4.4,2,2,4.5,4.5
4102,Yau Tong,48,Sham Shui Po,17,11,4.9,2,13,4.9,2,2,5,5
4103,Yau Tong,48,Cheung Sha Wan,18,11,4.9,2,13,4.9,2,2,5,5
4104,Yau Tong,48,Lai Chi Kok,19,11,4.9,2,13,4.9,2,2,5,5
4105,Yau Tong,48,Mei Foo,20,11,4.9,2,13,4.9,2,2,5,5
4106,Yau Tong,48,Lai King,21,11,4.9,2,13,4.9,2,2,5,5
4107,Yau Tong,48,Kwai Fong,22,11,4.9,2,13,4.9,2,2,5,5
4108,Yau Tong,48,Kwai Hing,23,11,4.9,2,13,4.9,2,2,5,5
4109,Yau Tong,48,Tai Wo Hau,24,11,4.9,2,13,4.9,2,2,5,5
4110,Yau Tong,48,Tsuen Wan,25,13.2,6.5,2,15.5,6.5,2,2,6.5,6.5
4111,Yau Tong,48,Sheung Wan,26,15.8,7.4,2,16,7.4,2,2,7.5,7.5
4112,Yau Tong,48,Wan Chai,27,13.2,6.5,2,15.5,6.5,2,2,6.5,6.5
4113,Yau Tong,48,Causeway Bay,28,13.2,6.5,2,15.5,6.5,2,2,6.5,6.5
4114,Yau Tong,48,Tin Hau,29,13.2,6.5,2,15.5,6.5,2,2,6.5,6.5
4115,Yau Tong,48,Fortress Hill,30,10.6,5.4,2,12.5,5.4,2,2,5.5,5.5
4116,Yau Tong,48,North Point,31,10.6,5.4,2,12.5,5.4,2,2,5.5,5.5
4117,Yau Tong,48,Quarry Bay,32,10.6,5.4,2,12.5,5.4,2,2,5.5,5.5
4118,Yau Tong,48,Tai Koo,33,10.6,5.4,2,12.5,5.4,2,2,5.5,5.5
4119,Yau Tong,48,Sai Wan Ho,34,10.6,5.4,2,12.5,5.4,2,2,5.5,5.5
4120,Yau Tong,48,Shau Kei Wan,35,13.2,6.5,2,15.5,6.5,2,2,6.5,6.5
4121,Yau Tong,48,Heng Fa Chuen,36,13.2,6.5,2,15.5,6.5,2,2,6.5,6.5
4122,Yau Tong,48,Chai Wan,37,13.2,6.5,2,15.5,6.5,2,2,6.5,6.5
4123,Yau Tong,48,Lam Tin,38,4.9,3.2,2,5,3.2,2,2,3.5,3.5
4124,Yau Tong,48,Hong Kong,39,15.8,7.4,2,16,7.4,2,2,7.5,7.5
4125,Yau Tong,48,Kowloon,40,9.2,4.4,2,10.5,4.4,2,2,4.5,4.5
4126,Yau Tong,48,Olympic,41,9.2,4.4,2,10.5,4.4,2,2,4.5,4.5
4127,Yau Tong,48,Tsing Yi,42,11,4.9,2,13,4.9,2,2,5,5
4128,Yau Tong,48,Tung Chung,43,24.3,12.5,2,28,12.5,2,2,15,15
4129,Yau Tong,48,Yau Tong,48,0,0,0,0,0,0,0,0,0
4130,Yau Tong,48,Tiu Keng Leng,49,4.9,3.2,2,5,3.2,2,2,3.5,3.5
4131,Yau Tong,48,Tseung Kwan O,50,4.9,3.2,2,5,3.2,2,2,3.5,3.5
4132,Yau Tong,48,Hang Hau,51,5.9,3.2,2,6,3.2,2,2,3.5,3.5
4133,Yau Tong,48,Po Lam,52,5.9,3.2,2,6,3.2,2,2,3.5,3.5
4134,Yau Tong,48,Nam Cheong,53,11,4.9,2,13,4.9,2,2,5,5
4135,Yau Tong,48,Sunny Bay,54,22.2,11.1,2,25.5,11.1,2,2,13.5,13.5
4136,Yau Tong,48,Disneyland Resort,55,27.9,14.2,2,31,14.2,2,2,16.5,16.5
4137,Yau Tong,48,LOHAS Park,57,5.9,3.2,2,6,3.2,2,2,3.5,3.5
4138,Yau Tong,48,Hung Hom,64,10,4.6,2,12.5,4.6,2,2,5,5
4139,Yau Tong,48,Mong Kok East,65,10,4.6,2,12.5,4.6,2,2,5,5
4140,Yau Tong,48,Tai Wai,67,12.3,5.9,2,14,5.9,2,2,6,6
4141,Yau Tong,48,Sha Tin,68,12.3,5.9,2,14,5.9,2,2,6,6
4142,Yau Tong,48,Fo Tan,69,12.6,6.2,2,15.5,6.2,2,2,6.5,6.5
4143,Yau Tong,48,Racecourse,70,21.8,11,21.8,25.5,11,2,2,13.5,13.5
4144,Yau Tong,48,University,71,13.3,6.5,2,15.5,6.5,2,2,6.5,6.5
4145,Yau Tong,48,Tai Po Market,72,15,7.5,2,17,7.5,2,2,7.5,7.5
4146,Yau Tong,48,Tai Wo,73,15,7.5,2,17,7.5,2,2,7.5,7.5
4147,Yau Tong,48,Fanling,74,17.4,8.7,2,19.5,8.7,2,2,10,10
4148,Yau Tong,48,Sheung Shui,75,17.4,8.7,2,19.5,8.7,2,2,10,10
4149,Yau Tong,48,Lo Wu,76,48.2,44.3,48.2,52,24.4,24.4,24.4,26.5,26.5
4150,Yau Tong,48,Lok Ma Chau,78,48.2,44.3,48.2,52,24.4,24.4,24.4,26.5,26.5
4151,Yau Tong,48,East Tsim Sha Tsui,80,9.2,4.4,2,10.5,4.4,2,2,4.5,4.5
4152,Yau Tong,48,Che Kung Temple,96,12.3,6,2,15,6,2,2,6,6
4153,Yau Tong,48,Sha Tin Wai,97,12.3,6,2,15,6,2,2,6,6
4154,Yau Tong,48,City One,98,12.3,6,2,15,6,2,2,6,6
4155,Yau Tong,48,Shek Mun,99,12.3,6,2,15,6,2,2,6,6
4156,Yau Tong,48,Tai Shui Hang,100,15.9,7.6,2,17,7.6,2,2,8,8
4157,Yau Tong,48,Heng On,101,15.9,7.6,2,17,7.6,2,2,8,8
4158,Yau Tong,48,Ma On Shan,102,15.9,7.6,2,17,7.6,2,2,8,8
4159,Yau Tong,48,Wu Kai Sha,103,15.9,7.6,2,17,7.6,2,2,8,8
4160,Yau Tong,48,Austin,111,9.2,4.4,2,10.5,4.4,2,2,4.5,4.5
4161,Yau Tong,48,Tsuen Wan West,114,13,5.9,2,15.5,5.9,2,2,6,6
4162,Yau Tong,48,Kam Sheung Road,115,23.9,11.7,2,26.5,11.7,2,2,13.5,13.5
4163,Yau Tong,48,Yuen Long,116,25.5,12.6,2,28,12.6,2,2,14,14
4164,Yau Tong,48,Long Ping,117,25.5,12.6,2,28,12.6,2,2,14,14
4165,Yau Tong,48,Tin Shui Wai,118,25.5,12.6,2,28,12.6,2,2,14,14
4166,Yau Tong,48,Siu Hong,119,25.5,12.6,2,28,12.6,2,2,14,14
4167,Yau Tong,48,Tuen Mun,120,25.5,12.6,2,28,12.6,2,2,14,14
4168,Yau Tong,48,Sai Ying Pun,81,15.8,7.4,2,16,7.4,2,2,7.5,7.5
4169,Yau Tong,48,HKU,82,15.8,7.4,2,16,7.4,2,2,7.5,7.5
4170,Yau Tong,48,Kennedy Town,83,15.8,7.4,2,16,7.4,2,2,7.5,7.5
4171,Yau Tong,48,Ho Man Tin,84,9.2,4.4,2,10.5,4.4,2,2,4.5,4.5
4172,Yau Tong,48,Whampoa,85,9.2,4.4,2,10.5,4.4,2,2,4.5,4.5
4173,Yau Tong,48,Ocean Park,86,15.8,7.4,2,16,7.4,2,2,7.5,7.5
4174,Yau Tong,48,Wong Chuk Hang,87,15.8,7.4,2,16,7.4,2,2,7.5,7.5
4175,Yau Tong,48,Lei Tung,88,15.8,7.4,2,16,7.4,2,2,7.5,7.5
4176,Yau Tong,48,South Horizons,89,15.8,7.4,2,16,7.4,2,2,7.5,7.5
4177,Yau Tong,48,Hin Keng,90,12.3,5.9,2,14,5.9,2,2,6,6
4178,Yau Tong,48,Kai Tak,91,9.2,4.4,2,10.5,4.4,2,2,4.5,4.5
4179,Yau Tong,48,Sung Wong Toi,92,9.2,4.4,2,10.5,4.4,2,2,4.5,4.5
4180,Yau Tong,48,To Kwa Wan,93,9.2,4.4,2,10.5,4.4,2,2,4.5,4.5
4181,Tiu Keng Leng,49,Central,1,15.8,7.4,2,16,7.4,2,2,7.5,7.5
4182,Tiu Keng Leng,49,Admiralty,2,15.8,7.4,2,16,7.4,2,2,7.5,7.5
4183,Tiu Keng Leng,49,Tsim Sha Tsui,3,11,4.9,2,13,4.9,2,2,5,5
4184,Tiu Keng Leng,49,Jordan,4,11,4.9,2,13,4.9,2,2,5,5
4185,Tiu Keng Leng,49,Yau Ma Tei,5,11,4.9,2,13,4.9,2,2,5,5
4186,Tiu Keng Leng,49,Mong Kok,6,11,4.9,2,13,4.9,2,2,5,5
4187,Tiu Keng Leng,49,Shek Kip Mei,7,11,4.9,2,13,4.9,2,2,5,5
4188,Tiu Keng Leng,49,Kowloon Tong,8,9.2,4.4,2,10.5,4.4,2,2,4.5,4.5
4189,Tiu Keng Leng,49,Lok Fu,9,9.2,4.4,2,10.5,4.4,2,2,4.5,4.5
4190,Tiu Keng Leng,49,Wong Tai Sin,10,9.2,4.4,2,10.5,4.4,2,2,4.5,4.5
4191,Tiu Keng Leng,49,Diamond Hill,11,9.2,4.4,2,10.5,4.4,2,2,4.5,4.5
4192,Tiu Keng Leng,49,Choi Hung,12,7.4,3.7,2,7.5,3.7,2,2,4,4
4193,Tiu Keng Leng,49,Kowloon Bay,13,7.4,3.7,2,7.5,3.7,2,2,4,4
4194,Tiu Keng Leng,49,Ngau Tau Kok,14,5.9,3.2,2,6,3.2,2,2,3.5,3.5
4195,Tiu Keng Leng,49,Kwun Tong,15,5.9,3.2,2,6,3.2,2,2,3.5,3.5
4196,Tiu Keng Leng,49,Prince Edward,16,11,4.9,2,13,4.9,2,2,5,5
4197,Tiu Keng Leng,49,Sham Shui Po,17,11,4.9,2,13,4.9,2,2,5,5
4198,Tiu Keng Leng,49,Cheung Sha Wan,18,11,4.9,2,13,4.9,2,2,5,5
4199,Tiu Keng Leng,49,Lai Chi Kok,19,11,4.9,2,13,4.9,2,2,5,5
4200,Tiu Keng Leng,49,Mei Foo,20,11,4.9,2,13,4.9,2,2,5,5
4201,Tiu Keng Leng,49,Lai King,21,11,4.9,2,13,4.9,2,2,5,5
4202,Tiu Keng Leng,49,Kwai Fong,22,11,4.9,2,13,4.9,2,2,5,5
4203,Tiu Keng Leng,49,Kwai Hing,23,11,4.9,2,13,4.9,2,2,5,5
4204,Tiu Keng Leng,49,Tai Wo Hau,24,13.2,6.5,2,15.5,6.5,2,2,6.5,6.5
4205,Tiu Keng Leng,49,Tsuen Wan,25,13.2,6.5,2,15.5,6.5,2,2,6.5,6.5
4206,Tiu Keng Leng,49,Sheung Wan,26,15.8,7.4,2,16,7.4,2,2,7.5,7.5
4207,Tiu Keng Leng,49,Wan Chai,27,15.8,7.4,2,16,7.4,2,2,7.5,7.5
4208,Tiu Keng Leng,49,Causeway Bay,28,13.2,6.5,2,15.5,6.5,2,2,6.5,6.5
4209,Tiu Keng Leng,49,Tin Hau,29,13.2,6.5,2,15.5,6.5,2,2,6.5,6.5
4210,Tiu Keng Leng,49,Fortress Hill,30,13.2,6.5,2,15.5,6.5,2,2,6.5,6.5
4211,Tiu Keng Leng,49,North Point,31,13.2,6.5,2,15.5,6.5,2,2,6.5,6.5
4212,Tiu Keng Leng,49,Quarry Bay,32,13.2,6.5,2,15.5,6.5,2,2,6.5,6.5
4213,Tiu Keng Leng,49,Tai Koo,33,13.2,6.5,2,15.5,6.5,2,2,6.5,6.5
4214,Tiu Keng Leng,49,Sai Wan Ho,34,13.2,6.5,2,15.5,6.5,2,2,6.5,6.5
4215,Tiu Keng Leng,49,Shau Kei Wan,35,13.2,6.5,2,15.5,6.5,2,2,6.5,6.5
4216,Tiu Keng Leng,49,Heng Fa Chuen,36,13.2,6.5,2,15.5,6.5,2,2,6.5,6.5
4217,Tiu Keng Leng,49,Chai Wan,37,15.8,7.4,2,16,7.4,2,2,7.5,7.5
4218,Tiu Keng Leng,49,Lam Tin,38,4.9,3.2,2,5,3.2,2,2,3.5,3.5
4219,Tiu Keng Leng,49,Hong Kong,39,15.8,7.4,2,16,7.4,2,2,7.5,7.5
4220,Tiu Keng Leng,49,Kowloon,40,11,4.9,2,13,4.9,2,2,5,5
4221,Tiu Keng Leng,49,Olympic,41,11,4.9,2,13,4.9,2,2,5,5
4222,Tiu Keng Leng,49,Tsing Yi,42,11,4.9,2,13,4.9,2,2,5,5
4223,Tiu Keng Leng,49,Tung Chung,43,24.3,12.5,2,28,12.5,2,2,15,15
4224,Tiu Keng Leng,49,Yau Tong,48,4.9,3.2,2,5,3.2,2,2,3.5,3.5
4225,Tiu Keng Leng,49,Tiu Keng Leng,49,0,0,0,0,0,0,0,0,0
4226,Tiu Keng Leng,49,Tseung Kwan O,50,4.9,3.2,2,5,3.2,2,2,3.5,3.5
4227,Tiu Keng Leng,49,Hang Hau,51,4.9,3.2,2,5,3.2,2,2,3.5,3.5
4228,Tiu Keng Leng,49,Po Lam,52,5.9,3.2,2,6,3.2,2,2,3.5,3.5
4229,Tiu Keng Leng,49,Nam Cheong,53,11,4.9,2,13,4.9,2,2,5,5
4230,Tiu Keng Leng,49,Sunny Bay,54,22.2,11.1,2,25.5,11.1,2,2,13.5,13.5
4231,Tiu Keng Leng,49,Disneyland Resort,55,27.9,14.2,2,31,14.2,2,2,16.5,16.5
4232,Tiu Keng Leng,49,LOHAS Park,57,5.9,3.2,2,6,3.2,2,2,3.5,3.5
4233,Tiu Keng Leng,49,Hung Hom,64,10,4.6,2,12.5,4.6,2,2,5,5
4234,Tiu Keng Leng,49,Mong Kok East,65,10,4.6,2,12.5,4.6,2,2,5,5
4235,Tiu Keng Leng,49,Tai Wai,67,12.3,5.9,2,14,5.9,2,2,6,6
4236,Tiu Keng Leng,49,Sha Tin,68,12.3,5.9,2,14,5.9,2,2,6,6
4237,Tiu Keng Leng,49,Fo Tan,69,12.6,6.2,2,15.5,6.2,2,2,6.5,6.5
4238,Tiu Keng Leng,49,Racecourse,70,21.8,11,21.8,25.5,11,2,2,13.5,13.5
4239,Tiu Keng Leng,49,University,71,13.3,6.5,2,15.5,6.5,2,2,6.5,6.5
4240,Tiu Keng Leng,49,Tai Po Market,72,15,7.5,2,17,7.5,2,2,7.5,7.5
4241,Tiu Keng Leng,49,Tai Wo,73,15,7.5,2,17,7.5,2,2,7.5,7.5
4242,Tiu Keng Leng,49,Fanling,74,17.4,8.7,2,19.5,8.7,2,2,10,10
4243,Tiu Keng Leng,49,Sheung Shui,75,17.4,8.7,2,19.5,8.7,2,2,10,10
4244,Tiu Keng Leng,49,Lo Wu,76,48.2,44.3,48.2,52,24.4,24.4,24.4,26.5,26.5
4245,Tiu Keng Leng,49,Lok Ma Chau,78,48.2,44.3,48.2,52,24.4,24.4,24.4,26.5,26.5
4246,Tiu Keng Leng,49,East Tsim Sha Tsui,80,11,4.9,2,13,4.9,2,2,5,5
4247,Tiu Keng Leng,49,Che Kung Temple,96,12.3,6,2,15,6,2,2,6,6
4248,Tiu Keng Leng,49,Sha Tin Wai,97,12.3,6,2,15,6,2,2,6,6
4249,Tiu Keng Leng,49,City One,98,12.3,6,2,15,6,2,2,6,6
4250,Tiu Keng Leng,49,Shek Mun,99,12.3,6,2,15,6,2,2,6,6
4251,Tiu Keng Leng,49,Tai Shui Hang,100,15.9,7.6,2,17,7.6,2,2,8,8
4252,Tiu Keng Leng,49,Heng On,101,15.9,7.6,2,17,7.6,2,2,8,8
4253,Tiu Keng Leng,49,Ma On Shan,102,15.9,7.6,2,17,7.6,2,2,8,8
4254,Tiu Keng Leng,49,Wu Kai Sha,103,15.9,7.6,2,17,7.6,2,2,8,8
4255,Tiu Keng Leng,49,Austin,111,11,4.9,2,13,4.9,2,2,5,5
4256,Tiu Keng Leng,49,Tsuen Wan West,114,13,5.9,2,15.5,5.9,2,2,6,6
4257,Tiu Keng Leng,49,Kam Sheung Road,115,23.9,11.7,2,26.5,11.7,2,2,13.5,13.5
4258,Tiu Keng Leng,49,Yuen Long,116,25.5,12.6,2,28,12.6,2,2,14,14
4259,Tiu Keng Leng,49,Long Ping,117,25.5,12.6,2,28,12.6,2,2,14,14
4260,Tiu Keng Leng,49,Tin Shui Wai,118,25.5,12.6,2,28,12.6,2,2,14,14
4261,Tiu Keng Leng,49,Siu Hong,119,25.5,12.6,2,28,12.6,2,2,14,14
4262,Tiu Keng Leng,49,Tuen Mun,120,25.5,12.6,2,28,12.6,2,2,14,14
4263,Tiu Keng Leng,49,Sai Ying Pun,81,15.8,7.4,2,16,7.4,2,2,7.5,7.5
4264,Tiu Keng Leng,49,HKU,82,15.8,7.4,2,16,7.4,2,2,7.5,7.5
4265,Tiu Keng Leng,49,Kennedy Town,83,15.8,7.4,2,16,7.4,2,2,7.5,7.5
4266,Tiu Keng Leng,49,Ho Man Tin,84,11,4.9,2,13,4.9,2,2,5,5
4267,Tiu Keng Leng,49,Whampoa,85,11,4.9,2,13,4.9,2,2,5,5
4268,Tiu Keng Leng,49,Ocean Park,86,15.8,7.4,2,16,7.4,2,2,7.5,7.5
4269,Tiu Keng Leng,49,Wong Chuk Hang,87,15.8,7.4,2,16,7.4,2,2,7.5,7.5
4270,Tiu Keng Leng,49,Lei Tung,88,15.8,7.4,2,16,7.4,2,2,7.5,7.5
4271,Tiu Keng Leng,49,South Horizons,89,15.8,7.4,2,16,7.4,2,2,7.5,7.5
4272,Tiu Keng Leng,49,Hin Keng,90,12.3,5.9,2,14,5.9,2,2,6,6
4273,Tiu Keng Leng,49,Kai Tak,91,9.2,4.4,2,10.5,4.4,2,2,4.5,4.5
4274,Tiu Keng Leng,49,Sung Wong Toi,92,9.2,4.4,2,10.5,4.4,2,2,4.5,4.5
4275,Tiu Keng Leng,49,To Kwa Wan,93,9.2,4.4,2,10.5,4.4,2,2,4.5,4.5
4276,Tseung Kwan O,50,Central,1,15.8,7.4,2,16,7.4,2,2,7.5,7.5
4277,Tseung Kwan O,50,Admiralty,2,15.8,7.4,2,16,7.4,2,2,7.5,7.5
4278,Tseung Kwan O,50,Tsim Sha Tsui,3,11,4.9,2,13,4.9,2,2,5,5
4279,Tseung Kwan O,50,Jordan,4,11,4.9,2,13,4.9,2,2,5,5
4280,Tseung Kwan O,50,Yau Ma Tei,5,11,4.9,2,13,4.9,2,2,5,5
4281,Tseung Kwan O,50,Mong Kok,6,11,4.9,2,13,4.9,2,2,5,5
4282,Tseung Kwan O,50,Shek Kip Mei,7,11,4.9,2,13,4.9,2,2,5,5
4283,Tseung Kwan O,50,Kowloon Tong,8,11,4.9,2,13,4.9,2,2,5,5
4284,Tseung Kwan O,50,Lok Fu,9,9.2,4.4,2,10.5,4.4,2,2,4.5,4.5
4285,Tseung Kwan O,50,Wong Tai Sin,10,9.2,4.4,2,10.5,4.4,2,2,4.5,4.5
4286,Tseung Kwan O,50,Diamond Hill,11,9.2,4.4,2,10.5,4.4,2,2,4.5,4.5
4287,Tseung Kwan O,50,Choi Hung,12,9.2,4.4,2,10.5,4.4,2,2,4.5,4.5
4288,Tseung Kwan O,50,Kowloon Bay,13,7.4,3.7,2,7.5,3.7,2,2,4,4
4289,Tseung Kwan O,50,Ngau Tau Kok,14,7.4,3.7,2,7.5,3.7,2,2,4,4
4290,Tseung Kwan O,50,Kwun Tong,15,5.9,3.2,2,6,3.2,2,2,3.5,3.5
4291,Tseung Kwan O,50,Prince Edward,16,11,4.9,2,13,4.9,2,2,5,5
4292,Tseung Kwan O,50,Sham Shui Po,17,11,4.9,2,13,4.9,2,2,5,5
4293,Tseung Kwan O,50,Cheung Sha Wan,18,11,4.9,2,13,4.9,2,2,5,5
4294,Tseung Kwan O,50,Lai Chi Kok,19,11,4.9,2,13,4.9,2,2,5,5
4295,Tseung Kwan O,50,Mei Foo,20,11,4.9,2,13,4.9,2,2,5,5
4296,Tseung Kwan O,50,Lai King,21,11,4.9,2,13,4.9,2,2,5,5
4297,Tseung Kwan O,50,Kwai Fong,22,11,4.9,2,13,4.9,2,2,5,5
4298,Tseung Kwan O,50,Kwai Hing,23,13.2,6.5,2,15.5,6.5,2,2,6.5,6.5
4299,Tseung Kwan O,50,Tai Wo Hau,24,13.2,6.5,2,15.5,6.5,2,2,6.5,6.5
4300,Tseung Kwan O,50,Tsuen Wan,25,13.2,6.5,2,15.5,6.5,2,2,6.5,6.5
4301,Tseung Kwan O,50,Sheung Wan,26,15.8,7.4,2,16,7.4,2,2,7.5,7.5
4302,Tseung Kwan O,50,Wan Chai,27,15.8,7.4,2,16,7.4,2,2,7.5,7.5
4303,Tseung Kwan O,50,Causeway Bay,28,15.8,7.4,2,16,7.4,2,2,7.5,7.5
4304,Tseung Kwan O,50,Tin Hau,29,13.2,6.5,2,15.5,6.5,2,2,6.5,6.5
4305,Tseung Kwan O,50,Fortress Hill,30,13.2,6.5,2,15.5,6.5,2,2,6.5,6.5
4306,Tseung Kwan O,50,North Point,31,13.2,6.5,2,15.5,6.5,2,2,6.5,6.5
4307,Tseung Kwan O,50,Quarry Bay,32,13.2,6.5,2,15.5,6.5,2,2,6.5,6.5
4308,Tseung Kwan O,50,Tai Koo,33,13.2,6.5,2,15.5,6.5,2,2,6.5,6.5
4309,Tseung Kwan O,50,Sai Wan Ho,34,13.2,6.5,2,15.5,6.5,2,2,6.5,6.5
4310,Tseung Kwan O,50,Shau Kei Wan,35,13.2,6.5,2,15.5,6.5,2,2,6.5,6.5
4311,Tseung Kwan O,50,Heng Fa Chuen,36,15.8,7.4,2,16,7.4,2,2,7.5,7.5
4312,Tseung Kwan O,50,Chai Wan,37,15.8,7.4,2,16,7.4,2,2,7.5,7.5
4313,Tseung Kwan O,50,Lam Tin,38,5.9,3.2,2,6,3.2,2,2,3.5,3.5
4314,Tseung Kwan O,50,Hong Kong,39,15.8,7.4,2,16,7.4,2,2,7.5,7.5
4315,Tseung Kwan O,50,Kowloon,40,11,4.9,2,13,4.9,2,2,5,5
4316,Tseung Kwan O,50,Olympic,41,11,4.9,2,13,4.9,2,2,5,5
4317,Tseung Kwan O,50,Tsing Yi,42,13.2,6.5,2,15.5,6.5,2,2,6.5,6.5
4318,Tseung Kwan O,50,Tung Chung,43,24.3,12.5,2,28,12.5,2,2,15,15
4319,Tseung Kwan O,50,Yau Tong,48,4.9,3.2,2,5,3.2,2,2,3.5,3.5
4320,Tseung Kwan O,50,Tiu Keng Leng,49,4.9,3.2,2,5,3.2,2,2,3.5,3.5
4321,Tseung Kwan O,50,Tseung Kwan O,50,0,0,0,0,0,0,0,0,0
4322,Tseung Kwan O,50,Hang Hau,51,4.9,3.2,2,5,3.2,2,2,3.5,3.5
4323,Tseung Kwan O,50,Po Lam,52,4.9,3.2,2,5,3.2,2,2,3.5,3.5
4324,Tseung Kwan O,50,Nam Cheong,53,11,4.9,2,13,4.9,2,2,5,5
4325,Tseung Kwan O,50,Sunny Bay,54,22.2,11.1,2,25.5,11.1,2,2,13.5,13.5
4326,Tseung Kwan O,50,Disneyland Resort,55,27.9,14.2,2,31,14.2,2,2,16.5,16.5
4327,Tseung Kwan O,50,LOHAS Park,57,4.9,3.2,2,5,3.2,2,2,3.5,3.5
4328,Tseung Kwan O,50,Hung Hom,64,12.1,5.3,2,14,5.3,2,2,5.5,5.5
4329,Tseung Kwan O,50,Mong Kok East,65,12.1,5.3,2,14,5.3,2,2,5.5,5.5
4330,Tseung Kwan O,50,Tai Wai,67,13.8,6.2,2,16,6.2,2,2,6.5,6.5
4331,Tseung Kwan O,50,Sha Tin,68,13.8,6.2,2,16,6.2,2,2,6.5,6.5
4332,Tseung Kwan O,50,Fo Tan,69,14.3,6.5,2,16.5,6.5,2,2,6.5,6.5
4333,Tseung Kwan O,50,Racecourse,70,23.6,11.6,23.6,27,11.6,2,2,13.5,13.5
4334,Tseung Kwan O,50,University,71,15.2,7.1,2,17,7.1,2,2,7.5,7.5
4335,Tseung Kwan O,50,Tai Po Market,72,17.6,8.1,2,19.5,8.1,2,2,9.5,9.5
4336,Tseung Kwan O,50,Tai Wo,73,17.6,8.1,2,19.5,8.1,2,2,9.5,9.5
4337,Tseung Kwan O,50,Fanling,74,19.3,9.2,2,21.5,9.2,2,2,10,10
4338,Tseung Kwan O,50,Sheung Shui,75,19.3,9.2,2,21.5,9.2,2,2,10,10
4339,Tseung Kwan O,50,Lo Wu,76,50.1,44.6,50.1,53,24.8,24.8,24.8,26.5,26.5
4340,Tseung Kwan O,50,Lok Ma Chau,78,50.1,44.6,50.1,53,24.8,24.8,24.8,26.5,26.5
4341,Tseung Kwan O,50,East Tsim Sha Tsui,80,11,4.9,2,13,4.9,2,2,5,5
4342,Tseung Kwan O,50,Che Kung Temple,96,13.9,6.4,2,16,6.4,2,2,6.5,6.5
4343,Tseung Kwan O,50,Sha Tin Wai,97,13.9,6.4,2,16,6.4,2,2,6.5,6.5
4344,Tseung Kwan O,50,City One,98,13.9,6.4,2,16,6.4,2,2,6.5,6.5
4345,Tseung Kwan O,50,Shek Mun,99,13.9,6.4,2,16,6.4,2,2,6.5,6.5
4346,Tseung Kwan O,50,Tai Shui Hang,100,17.5,8,2,19,8,2,2,9.5,9.5
4347,Tseung Kwan O,50,Heng On,101,17.5,8,2,19,8,2,2,9.5,9.5
4348,Tseung Kwan O,50,Ma On Shan,102,17.5,8,2,19,8,2,2,9.5,9.5
4349,Tseung Kwan O,50,Wu Kai Sha,103,17.5,8,2,19,8,2,2,9.5,9.5
4350,Tseung Kwan O,50,Austin,111,11,4.9,2,13,4.9,2,2,5,5
4351,Tseung Kwan O,50,Tsuen Wan West,114,13,5.9,2,15.5,5.9,2,2,6,6
4352,Tseung Kwan O,50,Kam Sheung Road,115,23.9,11.7,2,26.5,11.7,2,2,13.5,13.5
4353,Tseung Kwan O,50,Yuen Long,116,25.5,12.6,2,28,12.6,2,2,14,14
4354,Tseung Kwan O,50,Long Ping,117,25.5,12.6,2,28,12.6,2,2,14,14
4355,Tseung Kwan O,50,Tin Shui Wai,118,25.5,12.6,2,28,12.6,2,2,14,14
4356,Tseung Kwan O,50,Siu Hong,119,25.5,12.6,2,28,12.6,2,2,14,14
4357,Tseung Kwan O,50,Tuen Mun,120,25.5,12.6,2,28,12.6,2,2,14,14
4358,Tseung Kwan O,50,Sai Ying Pun,81,15.8,7.4,2,16,7.4,2,2,7.5,7.5
4359,Tseung Kwan O,50,HKU,82,15.8,7.4,2,16,7.4,2,2,7.5,7.5
4360,Tseung Kwan O,50,Kennedy Town,83,15.8,7.4,2,16,7.4,2,2,7.5,7.5
4361,Tseung Kwan O,50,Ho Man Tin,84,11,4.9,2,13,4.9,2,2,5,5
4362,Tseung Kwan O,50,Whampoa,85,11,4.9,2,13,4.9,2,2,5,5
4363,Tseung Kwan O,50,Ocean Park,86,15.8,7.4,2,16,7.4,2,2,7.5,7.5
4364,Tseung Kwan O,50,Wong Chuk Hang,87,15.8,7.4,2,16,7.4,2,2,7.5,7.5
4365,Tseung Kwan O,50,Lei Tung,88,15.8,7.4,2,16,7.4,2,2,7.5,7.5
4366,Tseung Kwan O,50,South Horizons,89,15.8,7.4,2,16,7.4,2,2,7.5,7.5
4367,Tseung Kwan O,50,Hin Keng,90,13.8,6.2,2,16,6.2,2,2,6.5,6.5
4368,Tseung Kwan O,50,Kai Tak,91,9.2,4.4,2,10.5,4.4,2,2,4.5,4.5
4369,Tseung Kwan O,50,Sung Wong Toi,92,9.2,4.4,2,10.5,4.4,2,2,4.5,4.5
4370,Tseung Kwan O,50,To Kwa Wan,93,11,4.9,2,13,4.9,2,2,5,5
4371,Hang Hau,51,Central,1,15.8,7.4,2,16,7.4,2,2,7.5,7.5
4372,Hang Hau,51,Admiralty,2,15.8,7.4,2,16,7.4,2,2,7.5,7.5
4373,Hang Hau,51,Tsim Sha Tsui,3,11,4.9,2,13,4.9,2,2,5,5
4374,Hang Hau,51,Jordan,4,11,4.9,2,13,4.9,2,2,5,5
4375,Hang Hau,51,Yau Ma Tei,5,11,4.9,2,13,4.9,2,2,5,5
4376,Hang Hau,51,Mong Kok,6,11,4.9,2,13,4.9,2,2,5,5
4377,Hang Hau,51,Shek Kip Mei,7,11,4.9,2,13,4.9,2,2,5,5
4378,Hang Hau,51,Kowloon Tong,8,11,4.9,2,13,4.9,2,2,5,5
4379,Hang Hau,51,Lok Fu,9,11,4.9,2,13,4.9,2,2,5,5
4380,Hang Hau,51,Wong Tai Sin,10,9.2,4.4,2,10.5,4.4,2,2,4.5,4.5
4381,Hang Hau,51,Diamond Hill,11,9.2,4.4,2,10.5,4.4,2,2,4.5,4.5
4382,Hang Hau,51,Choi Hung,12,9.2,4.4,2,10.5,4.4,2,2,4.5,4.5
4383,Hang Hau,51,Kowloon Bay,13,9.2,4.4,2,10.5,4.4,2,2,4.5,4.5
4384,Hang Hau,51,Ngau Tau Kok,14,7.4,3.7,2,7.5,3.7,2,2,4,4
4385,Hang Hau,51,Kwun Tong,15,7.4,3.7,2,7.5,3.7,2,2,4,4
4386,Hang Hau,51,Prince Edward,16,11,4.9,2,13,4.9,2,2,5,5
4387,Hang Hau,51,Sham Shui Po,17,11,4.9,2,13,4.9,2,2,5,5
4388,Hang Hau,51,Cheung Sha Wan,18,11,4.9,2,13,4.9,2,2,5,5
4389,Hang Hau,51,Lai Chi Kok,19,11,4.9,2,13,4.9,2,2,5,5
4390,Hang Hau,51,Mei Foo,20,11,4.9,2,13,4.9,2,2,5,5
4391,Hang Hau,51,Lai King,21,11,4.9,2,13,4.9,2,2,5,5
4392,Hang Hau,51,Kwai Fong,22,13.2,6.5,2,15.5,6.5,2,2,6.5,6.5
4393,Hang Hau,51,Kwai Hing,23,13.2,6.5,2,15.5,6.5,2,2,6.5,6.5
4394,Hang Hau,51,Tai Wo Hau,24,13.2,6.5,2,15.5,6.5,2,2,6.5,6.5
4395,Hang Hau,51,Tsuen Wan,25,13.2,6.5,2,15.5,6.5,2,2,6.5,6.5
4396,Hang Hau,51,Sheung Wan,26,15.8,7.4,2,16,7.4,2,2,7.5,7.5
4397,Hang Hau,51,Wan Chai,27,15.8,7.4,2,16,7.4,2,2,7.5,7.5
4398,Hang Hau,51,Causeway Bay,28,15.8,7.4,2,16,7.4,2,2,7.5,7.5
4399,Hang Hau,51,Tin Hau,29,15.8,7.4,2,16,7.4,2,2,7.5,7.5
4400,Hang Hau,51,Fortress Hill,30,13.2,6.5,2,15.5,6.5,2,2,6.5,6.5
4401,Hang Hau,51,North Point,31,13.2,6.5,2,15.5,6.5,2,2,6.5,6.5
4402,Hang Hau,51,Quarry Bay,32,13.2,6.5,2,15.5,6.5,2,2,6.5,6.5
4403,Hang Hau,51,Tai Koo,33,13.2,6.5,2,15.5,6.5,2,2,6.5,6.5
4404,Hang Hau,51,Sai Wan Ho,34,13.2,6.5,2,15.5,6.5,2,2,6.5,6.5
4405,Hang Hau,51,Shau Kei Wan,35,15.8,7.4,2,16,7.4,2,2,7.5,7.5
4406,Hang Hau,51,Heng Fa Chuen,36,15.8,7.4,2,16,7.4,2,2,7.5,7.5
4407,Hang Hau,51,Chai Wan,37,15.8,7.4,2,16,7.4,2,2,7.5,7.5
4408,Hang Hau,51,Lam Tin,38,5.9,3.2,2,6,3.2,2,2,3.5,3.5
4409,Hang Hau,51,Hong Kong,39,15.8,7.4,2,16,7.4,2,2,7.5,7.5
4410,Hang Hau,51,Kowloon,40,11,4.9,2,13,4.9,2,2,5,5
4411,Hang Hau,51,Olympic,41,11,4.9,2,13,4.9,2,2,5,5
4412,Hang Hau,51,Tsing Yi,42,13.2,6.5,2,15.5,6.5,2,2,6.5,6.5
4413,Hang Hau,51,Tung Chung,43,24.3,12.5,2,28,12.5,2,2,15,15
4414,Hang Hau,51,Yau Tong,48,5.9,3.2,2,6,3.2,2,2,3.5,3.5
4415,Hang Hau,51,Tiu Keng Leng,49,4.9,3.2,2,5,3.2,2,2,3.5,3.5
4416,Hang Hau,51,Tseung Kwan O,50,4.9,3.2,2,5,3.2,2,2,3.5,3.5
4417,Hang Hau,51,Hang Hau,51,0,0,0,0,0,0,0,0,0
4418,Hang Hau,51,Po Lam,52,4.9,3.2,2,5,3.2,2,2,3.5,3.5
4419,Hang Hau,51,Nam Cheong,53,11,4.9,2,13,4.9,2,2,5,5
4420,Hang Hau,51,Sunny Bay,54,22.2,11.1,2,25.5,11.1,2,2,13.5,13.5
4421,Hang Hau,51,Disneyland Resort,55,27.9,14.2,2,31,14.2,2,2,16.5,16.5
4422,Hang Hau,51,LOHAS Park,57,4.9,3.2,2,5,3.2,2,2,3.5,3.5
4423,Hang Hau,51,Hung Hom,64,12.1,5.3,2,14,5.3,2,2,5.5,5.5
4424,Hang Hau,51,Mong Kok East,65,12.1,5.3,2,14,5.3,2,2,5.5,5.5
4425,Hang Hau,51,Tai Wai,67,13.8,6.2,2,16,6.2,2,2,6.5,6.5
4426,Hang Hau,51,Sha Tin,68,13.8,6.2,2,16,6.2,2,2,6.5,6.5
4427,Hang Hau,51,Fo Tan,69,14.3,6.5,2,16.5,6.5,2,2,6.5,6.5
4428,Hang Hau,51,Racecourse,70,23.6,11.6,23.6,27,11.6,2,2,13.5,13.5
4429,Hang Hau,51,University,71,15.2,7.1,2,17,7.1,2,2,7.5,7.5
4430,Hang Hau,51,Tai Po Market,72,17.6,8.1,2,19.5,8.1,2,2,9.5,9.5
4431,Hang Hau,51,Tai Wo,73,17.6,8.1,2,19.5,8.1,2,2,9.5,9.5
4432,Hang Hau,51,Fanling,74,19.3,9.2,2,21.5,9.2,2,2,10,10
4433,Hang Hau,51,Sheung Shui,75,19.3,9.2,2,21.5,9.2,2,2,10,10
4434,Hang Hau,51,Lo Wu,76,50.1,44.6,50.1,53,24.8,24.8,24.8,26.5,26.5
4435,Hang Hau,51,Lok Ma Chau,78,50.1,44.6,50.1,53,24.8,24.8,24.8,26.5,26.5
4436,Hang Hau,51,East Tsim Sha Tsui,80,11,4.9,2,13,4.9,2,2,5,5
4437,Hang Hau,51,Che Kung Temple,96,13.9,6.4,2,16,6.4,2,2,6.5,6.5
4438,Hang Hau,51,Sha Tin Wai,97,13.9,6.4,2,16,6.4,2,2,6.5,6.5
4439,Hang Hau,51,City One,98,13.9,6.4,2,16,6.4,2,2,6.5,6.5
4440,Hang Hau,51,Shek Mun,99,13.9,6.4,2,16,6.4,2,2,6.5,6.5
4441,Hang Hau,51,Tai Shui Hang,100,17.5,8,2,19,8,2,2,9.5,9.5
4442,Hang Hau,51,Heng On,101,17.5,8,2,19,8,2,2,9.5,9.5
4443,Hang Hau,51,Ma On Shan,102,17.5,8,2,19,8,2,2,9.5,9.5
4444,Hang Hau,51,Wu Kai Sha,103,17.5,8,2,19,8,2,2,9.5,9.5
4445,Hang Hau,51,Austin,111,11,4.9,2,13,4.9,2,2,5,5
4446,Hang Hau,51,Tsuen Wan West,114,13,5.9,2,15.5,5.9,2,2,6,6
4447,Hang Hau,51,Kam Sheung Road,115,23.9,11.7,2,26.5,11.7,2,2,13.5,13.5
4448,Hang Hau,51,Yuen Long,116,25.5,12.6,2,28,12.6,2,2,14,14
4449,Hang Hau,51,Long Ping,117,25.5,12.6,2,28,12.6,2,2,14,14
4450,Hang Hau,51,Tin Shui Wai,118,25.5,12.6,2,28,12.6,2,2,14,14
4451,Hang Hau,51,Siu Hong,119,25.5,12.6,2,28,12.6,2,2,14,14
4452,Hang Hau,51,Tuen Mun,120,25.5,12.6,2,28,12.6,2,2,14,14
4453,Hang Hau,51,Sai Ying Pun,81,15.8,7.4,2,16,7.4,2,2,7.5,7.5
4454,Hang Hau,51,HKU,82,15.8,7.4,2,16,7.4,2,2,7.5,7.5
4455,Hang Hau,51,Kennedy Town,83,15.8,7.4,2,16,7.4,2,2,7.5,7.5
4456,Hang Hau,51,Ho Man Tin,84,11,4.9,2,13,4.9,2,2,5,5
4457,Hang Hau,51,Whampoa,85,11,4.9,2,13,4.9,2,2,5,5
4458,Hang Hau,51,Ocean Park,86,15.8,7.4,2,16,7.4,2,2,7.5,7.5
4459,Hang Hau,51,Wong Chuk Hang,87,15.8,7.4,2,16,7.4,2,2,7.5,7.5
4460,Hang Hau,51,Lei Tung,88,15.8,7.4,2,16,7.4,2,2,7.5,7.5
4461,Hang Hau,51,South Horizons,89,15.8,7.4,2,16,7.4,2,2,7.5,7.5
4462,Hang Hau,51,Hin Keng,90,13.8,6.2,2,16,6.2,2,2,6.5,6.5
4463,Hang Hau,51,Kai Tak,91,9.2,4.4,2,10.5,4.4,2,2,4.5,4.5
4464,Hang Hau,51,Sung Wong Toi,92,11,4.9,2,13,4.9,2,2,5,5
4465,Hang Hau,51,To Kwa Wan,93,11,4.9,2,13,4.9,2,2,5,5
4466,Po Lam,52,Central,1,15.8,7.4,2,16,7.4,2,2,7.5,7.5
4467,Po Lam,52,Admiralty,2,15.8,7.4,2,16,7.4,2,2,7.5,7.5
4468,Po Lam,52,Tsim Sha Tsui,3,11,4.9,2,13,4.9,2,2,5,5
4469,Po Lam,52,Jordan,4,11,4.9,2,13,4.9,2,2,5,5
4470,Po Lam,52,Yau Ma Tei,5,11,4.9,2,13,4.9,2,2,5,5
4471,Po Lam,52,Mong Kok,6,11,4.9,2,13,4.9,2,2,5,5
4472,Po Lam,52,Shek Kip Mei,7,11,4.9,2,13,4.9,2,2,5,5
4473,Po Lam,52,Kowloon Tong,8,11,4.9,2,13,4.9,2,2,5,5
4474,Po Lam,52,Lok Fu,9,11,4.9,2,13,4.9,2,2,5,5
4475,Po Lam,52,Wong Tai Sin,10,11,4.9,2,13,4.9,2,2,5,5
4476,Po Lam,52,Diamond Hill,11,9.2,4.4,2,10.5,4.4,2,2,4.5,4.5
4477,Po Lam,52,Choi Hung,12,9.2,4.4,2,10.5,4.4,2,2,4.5,4.5
4478,Po Lam,52,Kowloon Bay,13,9.2,4.4,2,10.5,4.4,2,2,4.5,4.5
4479,Po Lam,52,Ngau Tau Kok,14,9.2,4.4,2,10.5,4.4,2,2,4.5,4.5
4480,Po Lam,52,Kwun Tong,15,7.4,3.7,2,7.5,3.7,2,2,4,4
4481,Po Lam,52,Prince Edward,16,11,4.9,2,13,4.9,2,2,5,5
4482,Po Lam,52,Sham Shui Po,17,11,4.9,2,13,4.9,2,2,5,5
4483,Po Lam,52,Cheung Sha Wan,18,11,4.9,2,13,4.9,2,2,5,5
4484,Po Lam,52,Lai Chi Kok,19,11,4.9,2,13,4.9,2,2,5,5
4485,Po Lam,52,Mei Foo,20,11,4.9,2,13,4.9,2,2,5,5
4486,Po Lam,52,Lai King,21,13.2,6.5,2,15.5,6.5,2,2,6.5,6.5
4487,Po Lam,52,Kwai Fong,22,13.2,6.5,2,15.5,6.5,2,2,6.5,6.5
4488,Po Lam,52,Kwai Hing,23,13.2,6.5,2,15.5,6.5,2,2,6.5,6.5
4489,Po Lam,52,Tai Wo Hau,24,13.2,6.5,2,15.5,6.5,2,2,6.5,6.5
4490,Po Lam,52,Tsuen Wan,25,13.2,6.5,2,15.5,6.5,2,2,6.5,6.5
4491,Po Lam,52,Sheung Wan,26,15.8,7.4,2,16,7.4,2,2,7.5,7.5
4492,Po Lam,52,Wan Chai,27,15.8,7.4,2,16,7.4,2,2,7.5,7.5
4493,Po Lam,52,Causeway Bay,28,15.8,7.4,2,16,7.4,2,2,7.5,7.5
4494,Po Lam,52,Tin Hau,29,15.8,7.4,2,16,7.4,2,2,7.5,7.5
4495,Po Lam,52,Fortress Hill,30,15.8,7.4,2,16,7.4,2,2,7.5,7.5
4496,Po Lam,52,North Point,31,13.2,6.5,2,15.5,6.5,2,2,6.5,6.5
4497,Po Lam,52,Quarry Bay,32,13.2,6.5,2,15.5,6.5,2,2,6.5,6.5
4498,Po Lam,52,Tai Koo,33,13.2,6.5,2,15.5,6.5,2,2,6.5,6.5
4499,Po Lam,52,Sai Wan Ho,34,15.8,7.4,2,16,7.4,2,2,7.5,7.5
4500,Po Lam,52,Shau Kei Wan,35,15.8,7.4,2,16,7.4,2,2,7.5,7.5
4501,Po Lam,52,Heng Fa Chuen,36,15.8,7.4,2,16,7.4,2,2,7.5,7.5
4502,Po Lam,52,Chai Wan,37,15.8,7.4,2,16,7.4,2,2,7.5,7.5
4503,Po Lam,52,Lam Tin,38,7.4,3.7,2,7.5,3.7,2,2,4,4
4504,Po Lam,52,Hong Kong,39,15.8,7.4,2,16,7.4,2,2,7.5,7.5
4505,Po Lam,52,Kowloon,40,11,4.9,2,13,4.9,2,2,5,5
4506,Po Lam,52,Olympic,41,11,4.9,2,13,4.9,2,2,5,5
4507,Po Lam,52,Tsing Yi,42,13.2,6.5,2,15.5,6.5,2,2,6.5,6.5
4508,Po Lam,52,Tung Chung,43,24.3,12.5,2,28,12.5,2,2,15,15
4509,Po Lam,52,Yau Tong,48,5.9,3.2,2,6,3.2,2,2,3.5,3.5
4510,Po Lam,52,Tiu Keng Leng,49,5.9,3.2,2,6,3.2,2,2,3.5,3.5
4511,Po Lam,52,Tseung Kwan O,50,4.9,3.2,2,5,3.2,2,2,3.5,3.5
4512,Po Lam,52,Hang Hau,51,4.9,3.2,2,5,3.2,2,2,3.5,3.5
4513,Po Lam,52,Po Lam,52,0,0,0,0,0,0,0,0,0
4514,Po Lam,52,Nam Cheong,53,11,4.9,2,13,4.9,2,2,5,5
4515,Po Lam,52,Sunny Bay,54,22.2,11.1,2,25.5,11.1,2,2,13.5,13.5
4516,Po Lam,52,Disneyland Resort,55,27.9,14.2,2,31,14.2,2,2,16.5,16.5
4517,Po Lam,52,LOHAS Park,57,4.9,3.2,2,5,3.2,2,2,3.5,3.5
4518,Po Lam,52,Hung Hom,64,12.1,5.3,2,14,5.3,2,2,5.5,5.5
4519,Po Lam,52,Mong Kok East,65,12.1,5.3,2,14,5.3,2,2,5.5,5.5
4520,Po Lam,52,Tai Wai,67,13.8,6.2,2,16,6.2,2,2,6.5,6.5
4521,Po Lam,52,Sha Tin,68,13.8,6.2,2,16,6.2,2,2,6.5,6.5
4522,Po Lam,52,Fo Tan,69,14.3,6.5,2,16.5,6.5,2,2,6.5,6.5
4523,Po Lam,52,Racecourse,70,23.6,11.6,23.6,27,11.6,2,2,13.5,13.5
4524,Po Lam,52,University,71,15.2,7.1,2,17,7.1,2,2,7.5,7.5
4525,Po Lam,52,Tai Po Market,72,17.6,8.1,2,19.5,8.1,2,2,9.5,9.5
4526,Po Lam,52,Tai Wo,73,17.6,8.1,2,19.5,8.1,2,2,9.5,9.5
4527,Po Lam,52,Fanling,74,19.3,9.2,2,21.5,9.2,2,2,10,10
4528,Po Lam,52,Sheung Shui,75,19.3,9.2,2,21.5,9.2,2,2,10,10
4529,Po Lam,52,Lo Wu,76,50.1,44.6,50.1,53,24.8,24.8,24.8,26.5,26.5
4530,Po Lam,52,Lok Ma Chau,78,50.1,44.6,50.1,53,24.8,24.8,24.8,26.5,26.5
4531,Po Lam,52,East Tsim Sha Tsui,80,11,4.9,2,13,4.9,2,2,5,5
4532,Po Lam,52,Che Kung Temple,96,13.9,6.4,2,16,6.4,2,2,6.5,6.5
4533,Po Lam,52,Sha Tin Wai,97,13.9,6.4,2,16,6.4,2,2,6.5,6.5
4534,Po Lam,52,City One,98,13.9,6.4,2,16,6.4,2,2,6.5,6.5
4535,Po Lam,52,Shek Mun,99,13.9,6.4,2,16,6.4,2,2,6.5,6.5
4536,Po Lam,52,Tai Shui Hang,100,17.5,8,2,19,8,2,2,9.5,9.5
4537,Po Lam,52,Heng On,101,17.5,8,2,19,8,2,2,9.5,9.5
4538,Po Lam,52,Ma On Shan,102,17.5,8,2,19,8,2,2,9.5,9.5
4539,Po Lam,52,Wu Kai Sha,103,17.5,8,2,19,8,2,2,9.5,9.5
4540,Po Lam,52,Austin,111,11,4.9,2,13,4.9,2,2,5,5
4541,Po Lam,52,Tsuen Wan West,114,13,5.9,2,15.5,5.9,2,2,6,6
4542,Po Lam,52,Kam Sheung Road,115,23.9,11.7,2,26.5,11.7,2,2,13.5,13.5
4543,Po Lam,52,Yuen Long,116,25.5,12.6,2,28,12.6,2,2,14,14
4544,Po Lam,52,Long Ping,117,25.5,12.6,2,28,12.6,2,2,14,14
4545,Po Lam,52,Tin Shui Wai,118,25.5,12.6,2,28,12.6,2,2,14,14
4546,Po Lam,52,Siu Hong,119,25.5,12.6,2,28,12.6,2,2,14,14
4547,Po Lam,52,Tuen Mun,120,25.5,12.6,2,28,12.6,2,2,14,14
4548,Po Lam,52,Sai Ying Pun,81,15.8,7.4,2,16,7.4,2,2,7.5,7.5
4549,Po Lam,52,HKU,82,15.8,7.4,2,16,7.4,2,2,7.5,7.5
4550,Po Lam,52,Kennedy Town,83,15.8,7.4,2,16,7.4,2,2,7.5,7.5
4551,Po Lam,52,Ho Man Tin,84,11,4.9,2,13,4.9,2,2,5,5
4552,Po Lam,52,Whampoa,85,11,4.9,2,13,4.9,2,2,5,5
4553,Po Lam,52,Ocean Park,86,15.8,7.4,2,16,7.4,2,2,7.5,7.5
4554,Po Lam,52,Wong Chuk Hang,87,15.8,7.4,2,16,7.4,2,2,7.5,7.5
4555,Po Lam,52,Lei Tung,88,15.8,7.4,2,16,7.4,2,2,7.5,7.5
4556,Po Lam,52,South Horizons,89,15.8,7.4,2,16,7.4,2,2,7.5,7.5
4557,Po Lam,52,Hin Keng,90,13.8,6.2,2,16,6.2,2,2,6.5,6.5
4558,Po Lam,52,Kai Tak,91,11,4.9,2,13,4.9,2,2,5,5
4559,Po Lam,52,Sung Wong Toi,92,11,4.9,2,13,4.9,2,2,5,5
4560,Po Lam,52,To Kwa Wan,93,11,4.9,2,13,4.9,2,2,5,5
4561,Nam Cheong,53,Central,1,13.2,6.5,2,15.5,6.5,2,2,6.5,6.5
4562,Nam Cheong,53,Admiralty,2,13.2,6.5,2,15.5,6.5,2,2,6.5,6.5
4563,Nam Cheong,53,Tsim Sha Tsui,3,6.2,3.4,2,6.5,3.4,2,2,3.5,3.5
4564,Nam Cheong,53,Jordan,4,5.9,3.2,2,6,3.2,2,2,3.5,3.5
4565,Nam Cheong,53,Yau Ma Tei,5,5.9,3.2,2,6,3.2,2,2,3.5,3.5
4566,Nam Cheong,53,Mong Kok,6,4.9,3.2,2,5,3.2,2,2,3.5,3.5
4567,Nam Cheong,53,Shek Kip Mei,7,4.9,3.2,2,5,3.2,2,2,3.5,3.5
4568,Nam Cheong,53,Kowloon Tong,8,4.9,3.2,2,5,3.2,2,2,3.5,3.5
4569,Nam Cheong,53,Lok Fu,9,5.9,3.2,2,6,3.2,2,2,3.5,3.5
4570,Nam Cheong,53,Wong Tai Sin,10,5.9,3.2,2,6,3.2,2,2,3.5,3.5
4571,Nam Cheong,53,Diamond Hill,11,7.7,3.8,2,8,3.8,2,2,4,4
4572,Nam Cheong,53,Choi Hung,12,7.7,3.8,2,8,3.8,2,2,4,4
4573,Nam Cheong,53,Kowloon Bay,13,9.2,4.4,2,10.5,4.4,2,2,4.5,4.5
4574,Nam Cheong,53,Ngau Tau Kok,14,9.2,4.4,2,10.5,4.4,2,2,4.5,4.5
4575,Nam Cheong,53,Kwun Tong,15,9.2,4.4,2,10.5,4.4,2,2,4.5,4.5
4576,Nam Cheong,53,Prince Edward,16,4.9,3.2,2,5,3.2,2,2,3.5,3.5
4577,Nam Cheong,53,Sham Shui Po,17,4.9,3.2,2,5,3.2,2,2,3.5,3.5
4578,Nam Cheong,53,Cheung Sha Wan,18,4.9,3.2,2,5,3.2,2,2,3.5,3.5
4579,Nam Cheong,53,Lai Chi Kok,19,4.9,3.2,2,5,3.2,2,2,3.5,3.5
4580,Nam Cheong,53,Mei Foo,20,5.9,2.8,2,6,2.8,2,2,3,3
4581,Nam Cheong,53,Lai King,21,5.9,3.2,2,6,3.2,2,2,3.5,3.5
4582,Nam Cheong,53,Kwai Fong,22,7.4,3.7,2,7.5,3.7,2,2,4,4
4583,Nam Cheong,53,Kwai Hing,23,7.4,3.7,2,7.5,3.7,2,2,4,4
4584,Nam Cheong,53,Tai Wo Hau,24,9.2,4.4,2,10.5,4.4,2,2,4.5,4.5
4585,Nam Cheong,53,Tsuen Wan,25,9.2,4.4,2,10.5,4.4,2,2,4.5,4.5
4586,Nam Cheong,53,Sheung Wan,26,13.2,6.5,2,15.5,6.5,2,2,6.5,6.5
4587,Nam Cheong,53,Wan Chai,27,13.2,6.5,2,15.5,6.5,2,2,6.5,6.5
4588,Nam Cheong,53,Causeway Bay,28,13.2,6.5,2,15.5,6.5,2,2,6.5,6.5
4589,Nam Cheong,53,Tin Hau,29,13.2,6.5,2,15.5,6.5,2,2,6.5,6.5
4590,Nam Cheong,53,Fortress Hill,30,15.8,7.4,2,16,7.4,2,2,7.5,7.5
4591,Nam Cheong,53,North Point,31,15.8,7.4,2,16,7.4,2,2,7.5,7.5
4592,Nam Cheong,53,Quarry Bay,32,15.8,7.4,2,16,7.4,2,2,7.5,7.5
4593,Nam Cheong,53,Tai Koo,33,15.8,7.4,2,16,7.4,2,2,7.5,7.5
4594,Nam Cheong,53,Sai Wan Ho,34,15.8,7.4,2,16,7.4,2,2,7.5,7.5
4595,Nam Cheong,53,Shau Kei Wan,35,15.8,7.4,2,16,7.4,2,2,7.5,7.5
4596,Nam Cheong,53,Heng Fa Chuen,36,15.8,7.4,2,16,7.4,2,2,7.5,7.5
4597,Nam Cheong,53,Chai Wan,37,15.8,7.4,2,16,7.4,2,2,7.5,7.5
4598,Nam Cheong,53,Lam Tin,38,9.2,4.4,2,10.5,4.4,2,2,4.5,4.5
4599,Nam Cheong,53,Hong Kong,39,13.2,6.5,2,15.5,6.5,2,2,6.5,6.5
4600,Nam Cheong,53,Kowloon,40,5.9,3.2,2,6,3.2,2,2,3.5,3.5
4601,Nam Cheong,53,Olympic,41,4.9,3.2,2,5,3.2,2,2,3.5,3.5
4602,Nam Cheong,53,Tsing Yi,42,7.4,3.7,2,7.5,3.7,2,2,4,4
4603,Nam Cheong,53,Tung Chung,43,15.9,7.7,2,17,7.7,2,2,8,8
4604,Nam Cheong,53,Yau Tong,48,11,4.9,2,13,4.9,2,2,5,5
4605,Nam Cheong,53,Tiu Keng Leng,49,11,4.9,2,13,4.9,2,2,5,5
4606,Nam Cheong,53,Tseung Kwan O,50,11,4.9,2,13,4.9,2,2,5,5
4607,Nam Cheong,53,Hang Hau,51,11,4.9,2,13,4.9,2,2,5,5
4608,Nam Cheong,53,Po Lam,52,11,4.9,2,13,4.9,2,2,5,5
4609,Nam Cheong,53,Nam Cheong,53,0,0,0,0,0,0,0,0,0
4610,Nam Cheong,53,Sunny Bay,54,13.2,6.5,2,15.5,6.5,2,2,6.5,6.5
4611,Nam Cheong,53,Disneyland Resort,55,18.7,9.4,2,21,9.4,2,2,10.5,10.5
4612,Nam Cheong,53,LOHAS Park,57,11,4.9,2,13,4.9,2,2,5,5
4613,Nam Cheong,53,Hung Hom,64,6.2,3.6,2,6.5,3.6,2,2,4,4
4614,Nam Cheong,53,Mong Kok East,65,6.1,3.4,2,6.5,3.4,2,2,3.5,3.5
4615,Nam Cheong,53,Tai Wai,67,8.9,4.8,2,10,4.8,2,2,5,5
4616,Nam Cheong,53,Sha Tin,68,8.9,4.8,2,10,4.8,2,2,5,5
4617,Nam Cheong,53,Fo Tan,69,9.4,5.4,2,10.5,5.4,2,2,5.5,5.5
4618,Nam Cheong,53,Racecourse,70,17.3,9.3,17.3,19,9.3,2,2,10.5,10.5
4619,Nam Cheong,53,University,71,10,5.6,2,12,5.6,2,2,6,6
4620,Nam Cheong,53,Tai Po Market,72,11.8,6.5,2,13.5,6.5,2,2,6.5,6.5
4621,Nam Cheong,53,Tai Wo,73,11.8,6.5,2,13.5,6.5,2,2,6.5,6.5
4622,Nam Cheong,53,Fanling,74,12.7,7.2,2,15,7.2,2,2,7.5,7.5
4623,Nam Cheong,53,Sheung Shui,75,12.7,7.2,2,15,7.2,2,2,7.5,7.5
4624,Nam Cheong,53,Lo Wu,76,44.4,43.1,44.4,47,23.1,23.1,23.1,24.5,24.5
4625,Nam Cheong,53,Lok Ma Chau,78,44.4,43.1,44.4,47,23.1,23.1,23.1,24.5,24.5
4626,Nam Cheong,53,East Tsim Sha Tsui,80,6.2,3.4,2,6.5,3.4,2,2,3.5,3.5
4627,Nam Cheong,53,Che Kung Temple,96,9,5.1,2,10,5.1,2,2,5.5,5.5
4628,Nam Cheong,53,Sha Tin Wai,97,9,5.1,2,10,5.1,2,2,5.5,5.5
4629,Nam Cheong,53,City One,98,9,5.1,2,10,5.1,2,2,5.5,5.5
4630,Nam Cheong,53,Shek Mun,99,9,5.1,2,10,5.1,2,2,5.5,5.5
4631,Nam Cheong,53,Tai Shui Hang,100,11.2,6.2,2,13,6.2,2,2,6.5,6.5
4632,Nam Cheong,53,Heng On,101,11.2,6.2,2,13,6.2,2,2,6.5,6.5
4633,Nam Cheong,53,Ma On Shan,102,11.2,6.2,2,13,6.2,2,2,6.5,6.5
4634,Nam Cheong,53,Wu Kai Sha,103,11.2,6.2,2,13,6.2,2,2,6.5,6.5
4635,Nam Cheong,53,Austin,111,5.9,3.2,2,6,3.2,2,2,3.5,3.5
4636,Nam Cheong,53,Tsuen Wan West,114,8.9,4.2,2,10,4.2,2,2,4.5,4.5
4637,Nam Cheong,53,Kam Sheung Road,115,16.8,8.5,2,17,8.5,2,2,9.5,9.5
4638,Nam Cheong,53,Yuen Long,116,17.8,8.9,2,18.5,8.9,2,2,10,10
4639,Nam Cheong,53,Long Ping,117,17.8,8.9,2,18.5,8.9,2,2,10,10
4640,Nam Cheong,53,Tin Shui Wai,118,17.8,8.9,2,18.5,8.9,2,2,10,10
4641,Nam Cheong,53,Siu Hong,119,17.8,8.9,2,18.5,8.9,2,2,10,10
4642,Nam Cheong,53,Tuen Mun,120,17.8,8.9,2,18.5,8.9,2,2,10,10
4643,Nam Cheong,53,Sai Ying Pun,81,13.2,6.5,2,15.5,6.5,2,2,6.5,6.5
4644,Nam Cheong,53,HKU,82,13.2,6.5,2,15.5,6.5,2,2,6.5,6.5
4645,Nam Cheong,53,Kennedy Town,83,15.8,7.4,2,16,7.4,2,2,7.5,7.5
4646,Nam Cheong,53,Ho Man Tin,84,6.2,3.6,2,6.5,3.6,2,2,4,4
4647,Nam Cheong,53,Whampoa,85,6.2,3.6,2,6.5,3.6,2,2,4,4
4648,Nam Cheong,53,Ocean Park,86,15.8,7.4,2,16,7.4,2,2,7.5,7.5
4649,Nam Cheong,53,Wong Chuk Hang,87,15.8,7.4,2,16,7.4,2,2,7.5,7.5
4650,Nam Cheong,53,Lei Tung,88,15.8,7.4,2,16,7.4,2,2,7.5,7.5
4651,Nam Cheong,53,South Horizons,89,15.8,7.4,2,16,7.4,2,2,7.5,7.5
4652,Nam Cheong,53,Hin Keng,90,11,5.4,2,13,5.4,2,2,5.5,5.5
4653,Nam Cheong,53,Kai Tak,91,7.4,3.7,2,7.5,3.7,2,2,4,4
4654,Nam Cheong,53,Sung Wong Toi,92,6.2,3.6,2,6.5,3.6,2,2,4,4
4655,Nam Cheong,53,To Kwa Wan,93,6.2,3.6,2,6.5,3.6,2,2,4,4
4656,Sunny Bay,54,Central,1,22.2,11.1,2,25.5,11.1,2,2,13.5,13.5
4657,Sunny Bay,54,Admiralty,2,22.2,11.1,2,25.5,11.1,2,2,13.5,13.5
4658,Sunny Bay,54,Tsim Sha Tsui,3,15.9,7.7,2,17,7.7,2,2,8,8
4659,Sunny Bay,54,Jordan,4,15.9,7.7,2,17,7.7,2,2,8,8
4660,Sunny Bay,54,Yau Ma Tei,5,15.9,7.7,2,17,7.7,2,2,8,8
4661,Sunny Bay,54,Mong Kok,6,15.9,7.7,2,17,7.7,2,2,8,8
4662,Sunny Bay,54,Shek Kip Mei,7,15.9,7.7,2,17,7.7,2,2,8,8
4663,Sunny Bay,54,Kowloon Tong,8,15.9,7.7,2,17,7.7,2,2,8,8
4664,Sunny Bay,54,Lok Fu,9,15.9,7.7,2,17,7.7,2,2,8,8
4665,Sunny Bay,54,Wong Tai Sin,10,15.9,7.7,2,17,7.7,2,2,8,8
4666,Sunny Bay,54,Diamond Hill,11,15.9,7.7,2,17,7.7,2,2,8,8
4667,Sunny Bay,54,Choi Hung,12,18.7,9.4,2,21,9.4,2,2,10.5,10.5
4668,Sunny Bay,54,Kowloon Bay,13,18.7,9.4,2,21,9.4,2,2,10.5,10.5
4669,Sunny Bay,54,Ngau Tau Kok,14,18.7,9.4,2,21,9.4,2,2,10.5,10.5
4670,Sunny Bay,54,Kwun Tong,15,18.7,9.4,2,21,9.4,2,2,10.5,10.5
4671,Sunny Bay,54,Prince Edward,16,15.9,7.7,2,17,7.7,2,2,8,8
4672,Sunny Bay,54,Sham Shui Po,17,13.2,6.5,2,15.5,6.5,2,2,6.5,6.5
4673,Sunny Bay,54,Cheung Sha Wan,18,13.2,6.5,2,15.5,6.5,2,2,6.5,6.5
4674,Sunny Bay,54,Lai Chi Kok,19,13.2,6.5,2,15.5,6.5,2,2,6.5,6.5
4675,Sunny Bay,54,Mei Foo,20,13.2,6.5,2,15.5,6.5,2,2,6.5,6.5
4676,Sunny Bay,54,Lai King,21,13.2,6.5,2,15.5,6.5,2,2,6.5,6.5
4677,Sunny Bay,54,Kwai Fong,22,13.2,6.5,2,15.5,6.5,2,2,6.5,6.5
4678,Sunny Bay,54,Kwai Hing,23,13.2,6.5,2,15.5,6.5,2,2,6.5,6.5
4679,Sunny Bay,54,Tai Wo Hau,24,13.2,6.5,2,15.5,6.5,2,2,6.5,6.5
4680,Sunny Bay,54,Tsuen Wan,25,13.2,6.5,2,15.5,6.5,2,2,6.5,6.5
4681,Sunny Bay,54,Sheung Wan,26,22.2,11.1,2,25.5,11.1,2,2,13.5,13.5
4682,Sunny Bay,54,Wan Chai,27,22.2,11.1,2,25.5,11.1,2,2,13.5,13.5
4683,Sunny Bay,54,Causeway Bay,28,22.2,11.1,2,25.5,11.1,2,2,13.5,13.5
4684,Sunny Bay,54,Tin Hau,29,22.2,11.1,2,25.5,11.1,2,2,13.5,13.5
4685,Sunny Bay,54,Fortress Hill,30,24.3,12.5,2,28,12.5,2,2,15,15
4686,Sunny Bay,54,North Point,31,24.3,12.5,2,28,12.5,2,2,15,15
4687,Sunny Bay,54,Quarry Bay,32,24.3,12.5,2,28,12.5,2,2,15,15
4688,Sunny Bay,54,Tai Koo,33,24.3,12.5,2,28,12.5,2,2,15,15
4689,Sunny Bay,54,Sai Wan Ho,34,24.3,12.5,2,28,12.5,2,2,15,15
4690,Sunny Bay,54,Shau Kei Wan,35,24.3,12.5,2,28,12.5,2,2,15,15
4691,Sunny Bay,54,Heng Fa Chuen,36,24.3,12.5,2,28,12.5,2,2,15,15
4692,Sunny Bay,54,Chai Wan,37,24.3,12.5,2,28,12.5,2,2,15,15
4693,Sunny Bay,54,Lam Tin,38,18.7,9.4,2,21,9.4,2,2,10.5,10.5
4694,Sunny Bay,54,Hong Kong,39,22.2,11.1,2,25.5,11.1,2,2,13.5,13.5
4695,Sunny Bay,54,Kowloon,40,15.9,7.7,2,17,7.7,2,2,8,8
4696,Sunny Bay,54,Olympic,41,15.9,7.7,2,17,7.7,2,2,8,8
4697,Sunny Bay,54,Tsing Yi,42,13.2,6.5,2,15.5,6.5,2,2,6.5,6.5
4698,Sunny Bay,54,Tung Chung,43,11,4.9,2,13,4.9,2,2,5,5
4699,Sunny Bay,54,Yau Tong,48,22.2,11.1,2,25.5,11.1,2,2,13.5,13.5
4700,Sunny Bay,54,Tiu Keng Leng,49,22.2,11.1,2,25.5,11.1,2,2,13.5,13.5
4701,Sunny Bay,54,Tseung Kwan O,50,22.2,11.1,2,25.5,11.1,2,2,13.5,13.5
4702,Sunny Bay,54,Hang Hau,51,22.2,11.1,2,25.5,11.1,2,2,13.5,13.5
4703,Sunny Bay,54,Po Lam,52,22.2,11.1,2,25.5,11.1,2,2,13.5,13.5
4704,Sunny Bay,54,Nam Cheong,53,13.2,6.5,2,15.5,6.5,2,2,6.5,6.5
4705,Sunny Bay,54,Sunny Bay,54,0,0,0,0,0,0,0,0,0
4706,Sunny Bay,54,Disneyland Resort,55,7.4,3.7,2,7.5,3.7,2,2,4,4
4707,Sunny Bay,54,LOHAS Park,57,22.2,11.1,2,25.5,11.1,2,2,13.5,13.5
4708,Sunny Bay,54,Hung Hom,64,18.2,9.1,2,20,9.1,2,2,10,10
4709,Sunny Bay,54,Mong Kok East,65,18.2,9.1,2,20,9.1,2,2,10,10
4710,Sunny Bay,54,Tai Wai,67,20.8,10.2,2,22.5,10.2,2,2,12,12
4711,Sunny Bay,54,Sha Tin,68,20.8,10.2,2,22.5,10.2,2,2,12,12
4712,Sunny Bay,54,Fo Tan,69,21.8,11.1,2,25.5,11.1,2,2,13.5,13.5
4713,Sunny Bay,54,Racecourse,70,28.9,15,28.9,31.5,15,2,2,16.5,16.5
4714,Sunny Bay,54,University,71,22.5,11.6,2,26,11.6,2,2,13.5,13.5
4715,Sunny Bay,54,Tai Po Market,72,24,12.5,2,27.5,12.5,2,2,15,15
4716,Sunny Bay,54,Tai Wo,73,24,12.5,2,27.5,12.5,2,2,15,15
4717,Sunny Bay,54,Fanling,74,25.4,13.3,2,28,13.3,2,2,15,15
4718,Sunny Bay,54,Sheung Shui,75,25.4,13.3,2,28,13.3,2,2,15,15
4719,Sunny Bay,54,Lo Wu,76,54.5,47.2,54.5,58.5,27.5,27.5,27.5,29,29
4720,Sunny Bay,54,Lok Ma Chau,78,54.5,47.2,54.5,58.5,27.5,27.5,27.5,29,29
4721,Sunny Bay,54,East Tsim Sha Tsui,80,15.9,7.7,2,17,7.7,2,2,8,8
4722,Sunny Bay,54,Che Kung Temple,96,21.4,10.8,2,24.5,10.8,2,2,13.5,13.5
4723,Sunny Bay,54,Sha Tin Wai,97,21.4,10.8,2,24.5,10.8,2,2,13.5,13.5
4724,Sunny Bay,54,City One,98,21.4,10.8,2,24.5,10.8,2,2,13.5,13.5
4725,Sunny Bay,54,Shek Mun,99,21.4,10.8,2,24.5,10.8,2,2,13.5,13.5
4726,Sunny Bay,54,Tai Shui Hang,100,23.9,12.4,2,27,12.4,2,2,15,15
4727,Sunny Bay,54,Heng On,101,23.9,12.4,2,27,12.4,2,2,15,15
4728,Sunny Bay,54,Ma On Shan,102,23.9,12.4,2,27,12.4,2,2,15,15
4729,Sunny Bay,54,Wu Kai Sha,103,23.9,12.4,2,27,12.4,2,2,15,15
4730,Sunny Bay,54,Austin,111,15.9,7.7,2,17,7.7,2,2,8,8
4731,Sunny Bay,54,Tsuen Wan West,114,16.4,8,2,18.5,8,2,2,9.5,9.5
4732,Sunny Bay,54,Kam Sheung Road,115,27,13.7,2,29.5,13.7,2,2,15.5,15.5
4733,Sunny Bay,54,Yuen Long,116,28,14.3,2,30,14.3,2,2,15.5,15.5
4734,Sunny Bay,54,Long Ping,117,28,14.3,2,30,14.3,2,2,15.5,15.5
4735,Sunny Bay,54,Tin Shui Wai,118,28,14.3,2,30,14.3,2,2,15.5,15.5
4736,Sunny Bay,54,Siu Hong,119,28,14.3,2,30,14.3,2,2,15.5,15.5
4737,Sunny Bay,54,Tuen Mun,120,28,14.3,2,30,14.3,2,2,15.5,15.5
4738,Sunny Bay,54,Sai Ying Pun,81,22.2,11.1,2,25.5,11.1,2,2,13.5,13.5
4739,Sunny Bay,54,HKU,82,22.2,11.1,2,25.5,11.1,2,2,13.5,13.5
4740,Sunny Bay,54,Kennedy Town,83,24.3,12.5,2,28,12.5,2,2,15,15
4741,Sunny Bay,54,Ho Man Tin,84,15.9,7.7,2,17,7.7,2,2,8,8
4742,Sunny Bay,54,Whampoa,85,15.9,7.7,2,17,7.7,2,2,8,8
4743,Sunny Bay,54,Ocean Park,86,24.3,12.5,2,28,12.5,2,2,15,15
4744,Sunny Bay,54,Wong Chuk Hang,87,24.3,12.5,2,28,12.5,2,2,15,15
4745,Sunny Bay,54,Lei Tung,88,24.3,12.5,2,28,12.5,2,2,15,15
4746,Sunny Bay,54,South Horizons,89,24.3,12.5,2,28,12.5,2,2,15,15
4747,Sunny Bay,54,Hin Keng,90,20.8,10.2,2,22.5,10.2,2,2,12,12
4748,Sunny Bay,54,Kai Tak,91,15.9,7.7,2,17,7.7,2,2,8,8
4749,Sunny Bay,54,Sung Wong Toi,92,15.9,7.7,2,17,7.7,2,2,8,8
4750,Sunny Bay,54,To Kwa Wan,93,15.9,7.7,2,17,7.7,2,2,8,8
4751,Disneyland Resort,55,Central,1,27.9,14.2,2,31,14.2,2,2,16.5,16.5
4752,Disneyland Resort,55,Admiralty,2,27.9,14.2,2,31,14.2,2,2,16.5,16.5
4753,Disneyland Resort,55,Tsim Sha Tsui,3,22.2,11.1,2,25.5,11.1,2,2,13.5,13.5
4754,Disneyland Resort,55,Jordan,4,22.2,11.1,2,25.5,11.1,2,2,13.5,13.5
4755,Disneyland Resort,55,Yau Ma Tei,5,22.2,11.1,2,25.5,11.1,2,2,13.5,13.5
4756,Disneyland Resort,55,Mong Kok,6,22.2,11.1,2,25.5,11.1,2,2,13.5,13.5
4757,Disneyland Resort,55,Shek Kip Mei,7,22.2,11.1,2,25.5,11.1,2,2,13.5,13.5
4758,Disneyland Resort,55,Kowloon Tong,8,22.2,11.1,2,25.5,11.1,2,2,13.5,13.5
4759,Disneyland Resort,55,Lok Fu,9,22.2,11.1,2,25.5,11.1,2,2,13.5,13.5
4760,Disneyland Resort,55,Wong Tai Sin,10,22.2,11.1,2,25.5,11.1,2,2,13.5,13.5
4761,Disneyland Resort,55,Diamond Hill,11,22.2,11.1,2,25.5,11.1,2,2,13.5,13.5
4762,Disneyland Resort,55,Choi Hung,12,24.3,12.5,2,28,12.5,2,2,15,15
4763,Disneyland Resort,55,Kowloon Bay,13,24.3,12.5,2,28,12.5,2,2,15,15
4764,Disneyland Resort,55,Ngau Tau Kok,14,24.3,12.5,2,28,12.5,2,2,15,15
4765,Disneyland Resort,55,Kwun Tong,15,24.3,12.5,2,28,12.5,2,2,15,15
4766,Disneyland Resort,55,Prince Edward,16,22.2,11.1,2,25.5,11.1,2,2,13.5,13.5
4767,Disneyland Resort,55,Sham Shui Po,17,18.7,9.4,2,21,9.4,2,2,10.5,10.5
4768,Disneyland Resort,55,Cheung Sha Wan,18,18.7,9.4,2,21,9.4,2,2,10.5,10.5
4769,Disneyland Resort,55,Lai Chi Kok,19,18.7,9.4,2,21,9.4,2,2,10.5,10.5
4770,Disneyland Resort,55,Mei Foo,20,18.7,9.4,2,21,9.4,2,2,10.5,10.5
4771,Disneyland Resort,55,Lai King,21,18.7,9.4,2,21,9.4,2,2,10.5,10.5
4772,Disneyland Resort,55,Kwai Fong,22,18.7,9.4,2,21,9.4,2,2,10.5,10.5
4773,Disneyland Resort,55,Kwai Hing,23,18.7,9.4,2,21,9.4,2,2,10.5,10.5
4774,Disneyland Resort,55,Tai Wo Hau,24,18.7,9.4,2,21,9.4,2,2,10.5,10.5
4775,Disneyland Resort,55,Tsuen Wan,25,18.7,9.4,2,21,9.4,2,2,10.5,10.5
4776,Disneyland Resort,55,Sheung Wan,26,27.9,14.2,2,31,14.2,2,2,16.5,16.5
4777,Disneyland Resort,55,Wan Chai,27,27.9,14.2,2,31,14.2,2,2,16.5,16.5
4778,Disneyland Resort,55,Causeway Bay,28,27.9,14.2,2,31,14.2,2,2,16.5,16.5
4779,Disneyland Resort,55,Tin Hau,29,27.9,14.2,2,31,14.2,2,2,16.5,16.5
4780,Disneyland Resort,55,Fortress Hill,30,27.9,14.2,2,31,14.2,2,2,16.5,16.5
4781,Disneyland Resort,55,North Point,31,27.9,14.2,2,31,14.2,2,2,16.5,16.5
4782,Disneyland Resort,55,Quarry Bay,32,27.9,14.2,2,31,14.2,2,2,16.5,16.5
4783,Disneyland Resort,55,Tai Koo,33,27.9,14.2,2,31,14.2,2,2,16.5,16.5
4784,Disneyland Resort,55,Sai Wan Ho,34,27.9,14.2,2,31,14.2,2,2,16.5,16.5
4785,Disneyland Resort,55,Shau Kei Wan,35,27.9,14.2,2,31,14.2,2,2,16.5,16.5
4786,Disneyland Resort,55,Heng Fa Chuen,36,27.9,14.2,2,31,14.2,2,2,16.5,16.5
4787,Disneyland Resort,55,Chai Wan,37,27.9,14.2,2,31,14.2,2,2,16.5,16.5
4788,Disneyland Resort,55,Lam Tin,38,24.3,12.5,2,28,12.5,2,2,15,15
4789,Disneyland Resort,55,Hong Kong,39,27.9,14.2,2,31,14.2,2,2,16.5,16.5
4790,Disneyland Resort,55,Kowloon,40,22.2,11.1,2,25.5,11.1,2,2,13.5,13.5
4791,Disneyland Resort,55,Olympic,41,22.2,11.1,2,25.5,11.1,2,2,13.5,13.5
4792,Disneyland Resort,55,Tsing Yi,42,15.9,7.7,2,17,7.7,2,2,8,8
4793,Disneyland Resort,55,Tung Chung,43,15.9,7.7,2,17,7.7,2,2,8,8
4794,Disneyland Resort,55,Yau Tong,48,27.9,14.2,2,31,14.2,2,2,16.5,16.5
4795,Disneyland Resort,55,Tiu Keng Leng,49,27.9,14.2,2,31,14.2,2,2,16.5,16.5
4796,Disneyland Resort,55,Tseung Kwan O,50,27.9,14.2,2,31,14.2,2,2,16.5,16.5
4797,Disneyland Resort,55,Hang Hau,51,27.9,14.2,2,31,14.2,2,2,16.5,16.5
4798,Disneyland Resort,55,Po Lam,52,27.9,14.2,2,31,14.2,2,2,16.5,16.5
4799,Disneyland Resort,55,Nam Cheong,53,18.7,9.4,2,21,9.4,2,2,10.5,10.5
4800,Disneyland Resort,55,Sunny Bay,54,7.4,3.7,2,7.5,3.7,2,2,4,4
4801,Disneyland Resort,55,Disneyland Resort,55,0,0,0,0,0,0,0,0,0
4802,Disneyland Resort,55,LOHAS Park,57,27.9,14.2,2,31,14.2,2,2,16.5,16.5
4803,Disneyland Resort,55,Hung Hom,64,25.7,13.2,2,28.5,13.2,2,2,15,15
4804,Disneyland Resort,55,Mong Kok East,65,25.7,13.2,2,28.5,13.2,2,2,15,15
4805,Disneyland Resort,55,Tai Wai,67,28,14.2,2,30.5,14.2,2,2,15.5,15.5
4806,Disneyland Resort,55,Sha Tin,68,28,14.2,2,30.5,14.2,2,2,15.5,15.5
4807,Disneyland Resort,55,Fo Tan,69,28.4,14.8,2,31,14.8,2,2,16.5,16.5
4808,Disneyland Resort,55,Racecourse,70,34.6,18.4,34.6,37.5,18.4,2,2,19.5,19.5
4809,Disneyland Resort,55,University,71,29,14.9,2,31.5,14.9,2,2,16.5,16.5
4810,Disneyland Resort,55,Tai Po Market,72,30.2,16.2,2,32.5,16.2,2,2,17.5,17.5
4811,Disneyland Resort,55,Tai Wo,73,30.2,16.2,2,32.5,16.2,2,2,17.5,17.5
4812,Disneyland Resort,55,Fanling,74,31.6,16.6,2,34.5,16.6,2,2,17.5,17.5
4813,Disneyland Resort,55,Sheung Shui,75,31.6,16.6,2,34.5,16.6,2,2,17.5,17.5
4814,Disneyland Resort,55,Lo Wu,76,60.8,50.3,60.8,66,30.2,30.2,30.2,32.5,32.5
4815,Disneyland Resort,55,Lok Ma Chau,78,60.8,50.3,60.8,66,30.2,30.2,30.2,32.5,32.5
4816,Disneyland Resort,55,East Tsim Sha Tsui,80,22.2,11.1,2,25.5,11.1,2,2,13.5,13.5
4817,Disneyland Resort,55,Che Kung Temple,96,29.3,15,2,31.5,15,2,2,17,17
4818,Disneyland Resort,55,Sha Tin Wai,97,29.3,15,2,31.5,15,2,2,17,17
4819,Disneyland Resort,55,City One,98,29.3,15,2,31.5,15,2,2,17,17
4820,Disneyland Resort,55,Shek Mun,99,29.3,15,2,31.5,15,2,2,17,17
4821,Disneyland Resort,55,Tai Shui Hang,100,31.3,16.5,2,33,16.5,2,2,18.5,18.5
4822,Disneyland Resort,55,Heng On,101,31.3,16.5,2,33,16.5,2,2,18.5,18.5
4823,Disneyland Resort,55,Ma On Shan,102,31.3,16.5,2,33,16.5,2,2,18.5,18.5
4824,Disneyland Resort,55,Wu Kai Sha,103,31.3,16.5,2,33,16.5,2,2,18.5,18.5
4825,Disneyland Resort,55,Austin,111,22.2,11.1,2,25.5,11.1,2,2,13.5,13.5
4826,Disneyland Resort,55,Tsuen Wan West,114,23.6,12.1,2,27.5,12.1,2,2,15,15
4827,Disneyland Resort,55,Kam Sheung Road,115,32.8,17.2,2,35.5,17.2,2,2,19,19
4828,Disneyland Resort,55,Yuen Long,116,33.8,17.8,2,36.5,17.8,2,2,19.5,19.5
4829,Disneyland Resort,55,Long Ping,117,33.8,17.8,2,36.5,17.8,2,2,19.5,19.5
4830,Disneyland Resort,55,Tin Shui Wai,118,33.8,17.8,2,36.5,17.8,2,2,19.5,19.5
4831,Disneyland Resort,55,Siu Hong,119,33.8,17.8,2,36.5,17.8,2,2,19.5,19.5
4832,Disneyland Resort,55,Tuen Mun,120,33.8,17.8,2,36.5,17.8,2,2,19.5,19.5
4833,Disneyland Resort,55,Sai Ying Pun,81,27.9,14.2,2,31,14.2,2,2,16.5,16.5
4834,Disneyland Resort,55,HKU,82,27.9,14.2,2,31,14.2,2,2,16.5,16.5
4835,Disneyland Resort,55,Kennedy Town,83,27.9,14.2,2,31,14.2,2,2,16.5,16.5
4836,Disneyland Resort,55,Ho Man Tin,84,22.2,11.1,2,25.5,11.1,2,2,13.5,13.5
4837,Disneyland Resort,55,Whampoa,85,22.2,11.1,2,25.5,11.1,2,2,13.5,13.5
4838,Disneyland Resort,55,Ocean Park,86,27.9,14.2,2,31,14.2,2,2,16.5,16.5
4839,Disneyland Resort,55,Wong Chuk Hang,87,27.9,14.2,2,31,14.2,2,2,16.5,16.5
4840,Disneyland Resort,55,Lei Tung,88,27.9,14.2,2,31,14.2,2,2,16.5,16.5
4841,Disneyland Resort,55,South Horizons,89,27.9,14.2,2,31,14.2,2,2,16.5,16.5
4842,Disneyland Resort,55,Hin Keng,90,28,14.2,2,30.5,14.2,2,2,15.5,15.5
4843,Disneyland Resort,55,Kai Tak,91,22.2,11.1,2,25.5,11.1,2,2,13.5,13.5
4844,Disneyland Resort,55,Sung Wong Toi,92,22.2,11.1,2,25.5,11.1,2,2,13.5,13.5
4845,Disneyland Resort,55,To Kwa Wan,93,22.2,11.1,2,25.5,11.1,2,2,13.5,13.5
4846,LOHAS Park,57,Central,1,15.8,7.4,2,16,7.4,2,2,7.5,7.5
4847,LOHAS Park,57,Admiralty,2,15.8,7.4,2,16,7.4,2,2,7.5,7.5
4848,LOHAS Park,57,Tsim Sha Tsui,3,11,4.9,2,13,4.9,2,2,5,5
4849,LOHAS Park,57,Jordan,4,11,4.9,2,13,4.9,2,2,5,5
4850,LOHAS Park,57,Yau Ma Tei,5,11,4.9,2,13,4.9,2,2,5,5
4851,LOHAS Park,57,Mong Kok,6,11,4.9,2,13,4.9,2,2,5,5
4852,LOHAS Park,57,Shek Kip Mei,7,11,4.9,2,13,4.9,2,2,5,5
4853,LOHAS Park,57,Kowloon Tong,8,11,4.9,2,13,4.9,2,2,5,5
4854,LOHAS Park,57,Lok Fu,9,11,4.9,2,13,4.9,2,2,5,5
4855,LOHAS Park,57,Wong Tai Sin,10,11,4.9,2,13,4.9,2,2,5,5
4856,LOHAS Park,57,Diamond Hill,11,9.2,4.4,2,10.5,4.4,2,2,4.5,4.5
4857,LOHAS Park,57,Choi Hung,12,9.2,4.4,2,10.5,4.4,2,2,4.5,4.5
4858,LOHAS Park,57,Kowloon Bay,13,9.2,4.4,2,10.5,4.4,2,2,4.5,4.5
4859,LOHAS Park,57,Ngau Tau Kok,14,9.2,4.4,2,10.5,4.4,2,2,4.5,4.5
4860,LOHAS Park,57,Kwun Tong,15,7.4,3.7,2,7.5,3.7,2,2,4,4
4861,LOHAS Park,57,Prince Edward,16,11,4.9,2,13,4.9,2,2,5,5
4862,LOHAS Park,57,Sham Shui Po,17,11,4.9,2,13,4.9,2,2,5,5
4863,LOHAS Park,57,Cheung Sha Wan,18,11,4.9,2,13,4.9,2,2,5,5
4864,LOHAS Park,57,Lai Chi Kok,19,11,4.9,2,13,4.9,2,2,5,5
4865,LOHAS Park,57,Mei Foo,20,11,4.9,2,13,4.9,2,2,5,5
4866,LOHAS Park,57,Lai King,21,13.2,6.5,2,15.5,6.5,2,2,6.5,6.5
4867,LOHAS Park,57,Kwai Fong,22,13.2,6.5,2,15.5,6.5,2,2,6.5,6.5
4868,LOHAS Park,57,Kwai Hing,23,13.2,6.5,2,15.5,6.5,2,2,6.5,6.5
4869,LOHAS Park,57,Tai Wo Hau,24,13.2,6.5,2,15.5,6.5,2,2,6.5,6.5
4870,LOHAS Park,57,Tsuen Wan,25,13.2,6.5,2,15.5,6.5,2,2,6.5,6.5
4871,LOHAS Park,57,Sheung Wan,26,15.8,7.4,2,16,7.4,2,2,7.5,7.5
4872,LOHAS Park,57,Wan Chai,27,15.8,7.4,2,16,7.4,2,2,7.5,7.5
4873,LOHAS Park,57,Causeway Bay,28,15.8,7.4,2,16,7.4,2,2,7.5,7.5
4874,LOHAS Park,57,Tin Hau,29,15.8,7.4,2,16,7.4,2,2,7.5,7.5
4875,LOHAS Park,57,Fortress Hill,30,15.8,7.4,2,16,7.4,2,2,7.5,7.5
4876,LOHAS Park,57,North Point,31,13.2,6.5,2,15.5,6.5,2,2,6.5,6.5
4877,LOHAS Park,57,Quarry Bay,32,13.2,6.5,2,15.5,6.5,2,2,6.5,6.5
4878,LOHAS Park,57,Tai Koo,33,13.2,6.5,2,15.5,6.5,2,2,6.5,6.5
4879,LOHAS Park,57,Sai Wan Ho,34,15.8,7.4,2,16,7.4,2,2,7.5,7.5
4880,LOHAS Park,57,Shau Kei Wan,35,15.8,7.4,2,16,7.4,2,2,7.5,7.5
4881,LOHAS Park,57,Heng Fa Chuen,36,15.8,7.4,2,16,7.4,2,2,7.5,7.5
4882,LOHAS Park,57,Chai Wan,37,15.8,7.4,2,16,7.4,2,2,7.5,7.5
4883,LOHAS Park,57,Lam Tin,38,7.4,3.7,2,7.5,3.7,2,2,4,4
4884,LOHAS Park,57,Hong Kong,39,15.8,7.4,2,16,7.4,2,2,7.5,7.5
4885,LOHAS Park,57,Kowloon,40,11,4.9,2,13,4.9,2,2,5,5
4886,LOHAS Park,57,Olympic,41,11,4.9,2,13,4.9,2,2,5,5
4887,LOHAS Park,57,Tsing Yi,42,13.2,6.5,2,15.5,6.5,2,2,6.5,6.5
4888,LOHAS Park,57,Tung Chung,43,24.3,12.5,2,28,12.5,2,2,15,15
4889,LOHAS Park,57,Yau Tong,48,5.9,3.2,2,6,3.2,2,2,3.5,3.5
4890,LOHAS Park,57,Tiu Keng Leng,49,5.9,3.2,2,6,3.2,2,2,3.5,3.5
4891,LOHAS Park,57,Tseung Kwan O,50,4.9,3.2,2,5,3.2,2,2,3.5,3.5
4892,LOHAS Park,57,Hang Hau,51,4.9,3.2,2,5,3.2,2,2,3.5,3.5
4893,LOHAS Park,57,Po Lam,52,4.9,3.2,2,5,3.2,2,2,3.5,3.5
4894,LOHAS Park,57,Nam Cheong,53,11,4.9,2,13,4.9,2,2,5,5
4895,LOHAS Park,57,Sunny Bay,54,22.2,11.1,2,25.5,11.1,2,2,13.5,13.5
4896,LOHAS Park,57,Disneyland Resort,55,27.9,14.2,2,31,14.2,2,2,16.5,16.5
4897,LOHAS Park,57,LOHAS Park,57,0,0,0,0,0,0,0,0,0
4898,LOHAS Park,57,Hung Hom,64,12.1,5.3,2,14,5.3,2,2,5.5,5.5
4899,LOHAS Park,57,Mong Kok East,65,12.1,5.3,2,14,5.3,2,2,5.5,5.5
4900,LOHAS Park,57,Tai Wai,67,13.8,6.2,2,16,6.2,2,2,6.5,6.5
4901,LOHAS Park,57,Sha Tin,68,13.8,6.2,2,16,6.2,2,2,6.5,6.5
4902,LOHAS Park,57,Fo Tan,69,14.3,6.5,2,16.5,6.5,2,2,6.5,6.5
4903,LOHAS Park,57,Racecourse,70,23.6,11.6,23.6,27,11.6,2,2,13.5,13.5
4904,LOHAS Park,57,University,71,15.2,7.1,2,17,7.1,2,2,7.5,7.5
4905,LOHAS Park,57,Tai Po Market,72,17.6,8.1,2,19.5,8.1,2,2,9.5,9.5
4906,LOHAS Park,57,Tai Wo,73,17.6,8.1,2,19.5,8.1,2,2,9.5,9.5
4907,LOHAS Park,57,Fanling,74,19.3,9.2,2,21.5,9.2,2,2,10,10
4908,LOHAS Park,57,Sheung Shui,75,19.3,9.2,2,21.5,9.2,2,2,10,10
4909,LOHAS Park,57,Lo Wu,76,50.1,44.6,50.1,53,24.8,24.8,24.8,26.5,26.5
4910,LOHAS Park,57,Lok Ma Chau,78,50.1,44.6,50.1,53,24.8,24.8,24.8,26.5,26.5
4911,LOHAS Park,57,East Tsim Sha Tsui,80,11,4.9,2,13,4.9,2,2,5,5
4912,LOHAS Park,57,Che Kung Temple,96,13.9,6.4,2,16,6.4,2,2,6.5,6.5
4913,LOHAS Park,57,Sha Tin Wai,97,13.9,6.4,2,16,6.4,2,2,6.5,6.5
4914,LOHAS Park,57,City One,98,13.9,6.4,2,16,6.4,2,2,6.5,6.5
4915,LOHAS Park,57,Shek Mun,99,13.9,6.4,2,16,6.4,2,2,6.5,6.5
4916,LOHAS Park,57,Tai Shui Hang,100,17.5,8,2,19,8,2,2,9.5,9.5
4917,LOHAS Park,57,Heng On,101,17.5,8,2,19,8,2,2,9.5,9.5
4918,LOHAS Park,57,Ma On Shan,102,17.5,8,2,19,8,2,2,9.5,9.5
4919,LOHAS Park,57,Wu Kai Sha,103,17.5,8,2,19,8,2,2,9.5,9.5
4920,LOHAS Park,57,Austin,111,11,4.9,2,13,4.9,2,2,5,5
4921,LOHAS Park,57,Tsuen Wan West,114,13,5.9,2,15.5,5.9,2,2,6,6
4922,LOHAS Park,57,Kam Sheung Road,115,23.9,11.7,2,26.5,11.7,2,2,13.5,13.5
4923,LOHAS Park,57,Yuen Long,116,25.5,12.6,2,28,12.6,2,2,14,14
4924,LOHAS Park,57,Long Ping,117,25.5,12.6,2,28,12.6,2,2,14,14
4925,LOHAS Park,57,Tin Shui Wai,118,25.5,12.6,2,28,12.6,2,2,14,14
4926,LOHAS Park,57,Siu Hong,119,25.5,12.6,2,28,12.6,2,2,14,14
4927,LOHAS Park,57,Tuen Mun,120,25.5,12.6,2,28,12.6,2,2,14,14
4928,LOHAS Park,57,Sai Ying Pun,81,15.8,7.4,2,16,7.4,2,2,7.5,7.5
4929,LOHAS Park,57,HKU,82,15.8,7.4,2,16,7.4,2,2,7.5,7.5
4930,LOHAS Park,57,Kennedy Town,83,15.8,7.4,2,16,7.4,2,2,7.5,7.5
4931,LOHAS Park,57,Ho Man Tin,84,11,4.9,2,13,4.9,2,2,5,5
4932,LOHAS Park,57,Whampoa,85,11,4.9,2,13,4.9,2,2,5,5
4933,LOHAS Park,57,Ocean Park,86,15.8,7.4,2,16,7.4,2,2,7.5,7.5
4934,LOHAS Park,57,Wong Chuk Hang,87,15.8,7.4,2,16,7.4,2,2,7.5,7.5
4935,LOHAS Park,57,Lei Tung,88,15.8,7.4,2,16,7.4,2,2,7.5,7.5
4936,LOHAS Park,57,South Horizons,89,15.8,7.4,2,16,7.4,2,2,7.5,7.5
4937,LOHAS Park,57,Hin Keng,90,13.8,6.2,2,16,6.2,2,2,6.5,6.5
4938,LOHAS Park,57,Kai Tak,91,11,4.9,2,13,4.9,2,2,5,5
4939,LOHAS Park,57,Sung Wong Toi,92,11,4.9,2,13,4.9,2,2,5,5
4940,LOHAS Park,57,To Kwa Wan,93,11,4.9,2,13,4.9,2,2,5,5
4941,Hung Hom,64,Central,1,12.6,5.9,2,15,5.9,2,2,6,6
4942,Hung Hom,64,Admiralty,2,12.6,5.9,2,15,5.9,2,2,6,6
4943,Hung Hom,64,Tsim Sha Tsui,3,4.7,2.2,2,5,2.2,2,2,2.5,2.5
4944,Hung Hom,64,Jordan,4,4.9,2.8,2,5,2.8,2,2,3,3
4945,Hung Hom,64,Yau Ma Tei,5,5.9,2.8,2,6,2.8,2,2,3,3
4946,Hung Hom,64,Mong Kok,6,5.9,2.8,2,6,2.8,2,2,3,3
4947,Hung Hom,64,Shek Kip Mei,7,5.9,3.4,2,6,3.4,2,2,3.5,3.5
4948,Hung Hom,64,Kowloon Tong,8,4,1.4,2,4,1.4,1.4,1.4,1.5,1.5
4949,Hung Hom,64,Lok Fu,9,5.9,3.4,2,6,3.4,2,2,3.5,3.5
4950,Hung Hom,64,Wong Tai Sin,10,5.9,3.4,2,6,3.4,2,2,3.5,3.5
4951,Hung Hom,64,Diamond Hill,11,7.4,3.5,2,7.5,3.5,2,2,3.5,3.5
4952,Hung Hom,64,Choi Hung,12,7.4,3.5,2,7.5,3.5,2,2,3.5,3.5
4953,Hung Hom,64,Kowloon Bay,13,8.5,3.9,2,10,3.9,2,2,4,4
4954,Hung Hom,64,Ngau Tau Kok,14,8.5,3.9,2,10,3.9,2,2,4,4
4955,Hung Hom,64,Kwun Tong,15,8.5,3.9,2,10,3.9,2,2,4,4
4956,Hung Hom,64,Prince Edward,16,5.9,3.4,2,6,3.4,2,2,3.5,3.5
4957,Hung Hom,64,Sham Shui Po,17,5.9,3.4,2,6,3.4,2,2,3.5,3.5
4958,Hung Hom,64,Cheung Sha Wan,18,7.1,3.4,2,7.5,3.4,2,2,3.5,3.5
4959,Hung Hom,64,Lai Chi Kok,19,7.1,3.4,2,7.5,3.4,2,2,3.5,3.5
4960,Hung Hom,64,Mei Foo,20,9,3.9,2,10.5,3.9,2,2,4,4
4961,Hung Hom,64,Lai King,21,8.5,3.9,2,10,3.9,2,2,4,4
4962,Hung Hom,64,Kwai Fong,22,10,4.6,2,12.5,4.6,2,2,5,5
4963,Hung Hom,64,Kwai Hing,23,10,4.6,2,12.5,4.6,2,2,5,5
4964,Hung Hom,64,Tai Wo Hau,24,10,4.6,2,12.5,4.6,2,2,5,5
4965,Hung Hom,64,Tsuen Wan,25,10,4.6,2,12.5,4.6,2,2,5,5
4966,Hung Hom,64,Sheung Wan,26,12.6,5.9,2,15,5.9,2,2,6,6
4967,Hung Hom,64,Wan Chai,27,12.6,5.9,2,15,5.9,2,2,6,6
4968,Hung Hom,64,Causeway Bay,28,13.2,6.4,2,15.5,6.4,2,2,6.5,6.5
4969,Hung Hom,64,Tin Hau,29,14.8,7.2,2,16,7.2,2,2,7.5,7.5
4970,Hung Hom,64,Fortress Hill,30,14.8,7.2,2,16,7.2,2,2,7.5,7.5
4971,Hung Hom,64,North Point,31,14.8,7.2,2,17,7.2,2,2,7.5,7.5
4972,Hung Hom,64,Quarry Bay,32,14.8,7.2,2,17,7.2,2,2,7.5,7.5
4973,Hung Hom,64,Tai Koo,33,17,7.8,2,19,7.8,2,2,8,8
4974,Hung Hom,64,Sai Wan Ho,34,17,7.8,2,19,7.8,2,2,8,8
4975,Hung Hom,64,Shau Kei Wan,35,17,7.8,2,19,7.8,2,2,8,8
4976,Hung Hom,64,Heng Fa Chuen,36,17,7.8,2,19,7.8,2,2,8,8
4977,Hung Hom,64,Chai Wan,37,17,7.8,2,19,7.8,2,2,8,8
4978,Hung Hom,64,Lam Tin,38,10,4.6,2,12.5,4.6,2,2,5,5
4979,Hung Hom,64,Hong Kong,39,12.6,5.9,2,15,5.9,2,2,6,6
4980,Hung Hom,64,Kowloon,40,6.9,3.7,2,7,3.7,2,2,4,4
4981,Hung Hom,64,Olympic,41,7.1,3.4,2,7.5,3.4,2,2,3.5,3.5
4982,Hung Hom,64,Tsing Yi,42,10,4.6,2,12.5,4.6,2,2,5,5
4983,Hung Hom,64,Tung Chung,43,22.1,11,2,26,11,2,2,13.5,13.5
4984,Hung Hom,64,Yau Tong,48,10,4.6,2,12.5,4.6,2,2,5,5
4985,Hung Hom,64,Tiu Keng Leng,49,10,4.6,2,12.5,4.6,2,2,5,5
4986,Hung Hom,64,Tseung Kwan O,50,12.1,5.3,2,14,5.3,2,2,5.5,5.5
4987,Hung Hom,64,Hang Hau,51,12.1,5.3,2,14,5.3,2,2,5.5,5.5
4988,Hung Hom,64,Po Lam,52,12.1,5.3,2,14,5.3,2,2,5.5,5.5
4989,Hung Hom,64,Nam Cheong,53,6.2,3.6,2,6.5,3.6,2,2,4,4
4990,Hung Hom,64,Sunny Bay,54,18.2,9.1,2,20,9.1,2,2,10,10
4991,Hung Hom,64,Disneyland Resort,55,25.7,13.2,2,28.5,13.2,2,2,15,15
4992,Hung Hom,64,LOHAS Park,57,12.1,5.3,2,14,5.3,2,2,5.5,5.5
4993,Hung Hom,64,Hung Hom,64,0,0,0,0,0,0,0,0,0
4994,Hung Hom,64,Mong Kok East,65,4,1.4,2,4,1.4,1.4,1.4,1.5,1.5
4995,Hung Hom,64,Tai Wai,67,6.7,3.4,2,7,3.4,2,2,3.5,3.5
4996,Hung Hom,64,Sha Tin,68,6.7,3.4,2,7,3.4,2,2,3.5,3.5
4997,Hung Hom,64,Fo Tan,69,8.2,4,2,8.5,4,2,2,4,4
4998,Hung Hom,64,Racecourse,70,15.6,7.8,15.6,16,7.8,2,2,8,8
4999,Hung Hom,64,University,71,8.2,4,2,8.5,4,2,2,4,4
5000,Hung Hom,64,Tai Po Market,72,10,5.2,2,12,5.2,2,2,5.5,5.5
5001,Hung Hom,64,Tai Wo,73,10,5.2,2,12,5.2,2,2,5.5,5.5
5002,Hung Hom,64,Fanling,74,11.2,5.5,2,13,5.5,2,2,5.5,5.5
5003,Hung Hom,64,Sheung Shui,75,11.2,5.5,2,13,5.5,2,2,5.5,5.5
5004,Hung Hom,64,Lo Wu,76,41.6,41.6,41.6,45,21.4,21.4,21.4,22,22
5005,Hung Hom,64,Lok Ma Chau,78,41.6,41.6,41.6,45,21.4,21.4,21.4,22,22
5006,Hung Hom,64,East Tsim Sha Tsui,80,4.7,2.2,2,5,2.2,2,2,2.5,2.5
5007,Hung Hom,64,Che Kung Temple,96,8.6,4.1,2,9.5,4.1,2,2,4.5,4.5
5008,Hung Hom,64,Sha Tin Wai,97,8.6,4.1,2,9.5,4.1,2,2,4.5,4.5
5009,Hung Hom,64,City One,98,8.6,4.1,2,9.5,4.1,2,2,4.5,4.5
5010,Hung Hom,64,Shek Mun,99,8.6,4.1,2,9.5,4.1,2,2,4.5,4.5
5011,Hung Hom,64,Tai Shui Hang,100,11.5,5.6,2,13.5,5.6,2,2,6,6
5012,Hung Hom,64,Heng On,101,11.5,5.6,2,13.5,5.6,2,2,6,6
5013,Hung Hom,64,Ma On Shan,102,11.5,5.6,2,13.5,5.6,2,2,6,6
5014,Hung Hom,64,Wu Kai Sha,103,11.5,5.6,2,13.5,5.6,2,2,6,6
5015,Hung Hom,64,Austin,111,6.2,3.6,2,6.5,3.6,2,2,4,4
5016,Hung Hom,64,Tsuen Wan West,114,10.9,5.7,2,13,5.7,2,2,6,6
5017,Hung Hom,64,Kam Sheung Road,115,21,11,2,21.5,11,2,2,12.5,12.5
5018,Hung Hom,64,Yuen Long,116,22.1,11.5,2,24,11.5,2,2,13.5,13.5
5019,Hung Hom,64,Long Ping,117,22.1,11.5,2,24,11.5,2,2,13.5,13.5
5020,Hung Hom,64,Tin Shui Wai,118,22.1,11.5,2,24,11.5,2,2,13.5,13.5
5021,Hung Hom,64,Siu Hong,119,22.1,11.5,2,24,11.5,2,2,13.5,13.5
5022,Hung Hom,64,Tuen Mun,120,22.1,11.5,2,24,11.5,2,2,13.5,13.5
5023,Hung Hom,64,Sai Ying Pun,81,13.2,6.4,2,15.5,6.4,2,2,6.5,6.5
5024,Hung Hom,64,HKU,82,14.8,7.2,2,16,7.2,2,2,7.5,7.5
5025,Hung Hom,64,Kennedy Town,83,14.8,7.2,2,16,7.2,2,2,7.5,7.5
5026,Hung Hom,64,Ho Man Tin,84,4.9,3.2,2,5,3.2,2,2,3.5,3.5
5027,Hung Hom,64,Whampoa,85,4.9,3.2,2,5,3.2,2,2,3.5,3.5
5028,Hung Hom,64,Ocean Park,86,14.8,7.2,2,16,7.2,2,2,7.5,7.5
5029,Hung Hom,64,Wong Chuk Hang,87,14.8,7.2,2,17,7.2,2,2,7.5,7.5
5030,Hung Hom,64,Lei Tung,88,14.8,7.2,2,17,7.2,2,2,7.5,7.5
5031,Hung Hom,64,South Horizons,89,17,7.8,2,19,7.8,2,2,8,8
5032,Hung Hom,64,Hin Keng,90,10.1,5.1,2,12,5.1,2,2,5.5,5.5
5033,Hung Hom,64,Kai Tak,91,5.9,3.2,2,6,3.2,2,2,3.5,3.5
5034,Hung Hom,64,Sung Wong Toi,92,5.9,3.2,2,6,3.2,2,2,3.5,3.5
5035,Hung Hom,64,To Kwa Wan,93,4.9,3.2,2,5,3.2,2,2,3.5,3.5
5036,Mong Kok East,65,Central,1,12.9,6.4,2,15.5,6.4,2,2,6.5,6.5
5037,Mong Kok East,65,Admiralty,2,12.9,6.4,2,15.5,6.4,2,2,6.5,6.5
5038,Mong Kok East,65,Tsim Sha Tsui,3,5.9,2.8,2,6,2.8,2,2,3,3
5039,Mong Kok East,65,Jordan,4,5.9,3.2,2,6,3.2,2,2,3.5,3.5
5040,Mong Kok East,65,Yau Ma Tei,5,5.9,2.8,2,6,2.8,2,2,3,3
5041,Mong Kok East,65,Mong Kok,6,4.9,2.2,2,5,2.2,2,2,2.5,2.5
5042,Mong Kok East,65,Shek Kip Mei,7,5.9,3.4,2,6,3.4,2,2,3.5,3.5
5043,Mong Kok East,65,Kowloon Tong,8,4,1.4,2,4,1.4,1.4,1.4,1.5,1.5
5044,Mong Kok East,65,Lok Fu,9,5.9,3.4,2,6,3.4,2,2,3.5,3.5
5045,Mong Kok East,65,Wong Tai Sin,10,5.9,3.4,2,6,3.4,2,2,3.5,3.5
5046,Mong Kok East,65,Diamond Hill,11,7.1,3.4,2,7.5,3.4,2,2,3.5,3.5
5047,Mong Kok East,65,Choi Hung,12,7.1,3.4,2,7.5,3.4,2,2,3.5,3.5
5048,Mong Kok East,65,Kowloon Bay,13,8.5,3.9,2,10,3.9,2,2,4,4
5049,Mong Kok East,65,Ngau Tau Kok,14,8.5,3.9,2,10,3.9,2,2,4,4
5050,Mong Kok East,65,Kwun Tong,15,8.5,3.9,2,10,3.9,2,2,4,4
5051,Mong Kok East,65,Prince Edward,16,4.9,2.8,2,5,2.8,2,2,3,3
5052,Mong Kok East,65,Sham Shui Po,17,5.9,3.4,2,6,3.4,2,2,3.5,3.5
5053,Mong Kok East,65,Cheung Sha Wan,18,7.1,3.4,2,7.5,3.4,2,2,3.5,3.5
5054,Mong Kok East,65,Lai Chi Kok,19,7.1,3.4,2,7.5,3.4,2,2,3.5,3.5
5055,Mong Kok East,65,Mei Foo,20,9,3.9,2,10.5,3.9,2,2,4,4
5056,Mong Kok East,65,Lai King,21,8.5,3.9,2,10,3.9,2,2,4,4
5057,Mong Kok East,65,Kwai Fong,22,10,4.6,2,12.5,4.6,2,2,5,5
5058,Mong Kok East,65,Kwai Hing,23,10,4.6,2,12.5,4.6,2,2,5,5
5059,Mong Kok East,65,Tai Wo Hau,24,10,4.6,2,12.5,4.6,2,2,5,5
5060,Mong Kok East,65,Tsuen Wan,25,10,4.6,2,12.5,4.6,2,2,5,5
5061,Mong Kok East,65,Sheung Wan,26,12.9,6.4,2,15.5,6.4,2,2,6.5,6.5
5062,Mong Kok East,65,Wan Chai,27,12.9,6.4,2,15.5,6.4,2,2,6.5,6.5
5063,Mong Kok East,65,Causeway Bay,28,13.2,6.4,2,15.5,6.4,2,2,6.5,6.5
5064,Mong Kok East,65,Tin Hau,29,15.8,7.4,2,16,7.4,2,2,7.5,7.5
5065,Mong Kok East,65,Fortress Hill,30,15.8,7.4,2,16,7.4,2,2,7.5,7.5
5066,Mong Kok East,65,North Point,31,16.1,7.6,2,17.5,7.6,2,2,8,8
5067,Mong Kok East,65,Quarry Bay,32,16.1,7.6,2,17.5,7.6,2,2,8,8
5068,Mong Kok East,65,Tai Koo,33,17,7.8,2,19,7.8,2,2,8,8
5069,Mong Kok East,65,Sai Wan Ho,34,17,7.8,2,19,7.8,2,2,8,8
5070,Mong Kok East,65,Shau Kei Wan,35,17,7.8,2,19,7.8,2,2,8,8
5071,Mong Kok East,65,Heng Fa Chuen,36,17,7.8,2,19,7.8,2,2,8,8
5072,Mong Kok East,65,Chai Wan,37,17,7.8,2,19,7.8,2,2,8,8
5073,Mong Kok East,65,Lam Tin,38,10,4.6,2,12.5,4.6,2,2,5,5
5074,Mong Kok East,65,Hong Kong,39,12.9,6.4,2,15.5,6.4,2,2,6.5,6.5
5075,Mong Kok East,65,Kowloon,40,7.7,3.9,2,8,3.9,2,2,4,4
5076,Mong Kok East,65,Olympic,41,7.1,3.4,2,7.5,3.4,2,2,3.5,3.5
5077,Mong Kok East,65,Tsing Yi,42,10,4.6,2,12.5,4.6,2,2,5,5
5078,Mong Kok East,65,Tung Chung,43,22.1,11,2,26,11,2,2,13.5,13.5
5079,Mong Kok East,65,Yau Tong,48,10,4.6,2,12.5,4.6,2,2,5,5
5080,Mong Kok East,65,Tiu Keng Leng,49,10,4.6,2,12.5,4.6,2,2,5,5
5081,Mong Kok East,65,Tseung Kwan O,50,12.1,5.3,2,14,5.3,2,2,5.5,5.5
5082,Mong Kok East,65,Hang Hau,51,12.1,5.3,2,14,5.3,2,2,5.5,5.5
5083,Mong Kok East,65,Po Lam,52,12.1,5.3,2,14,5.3,2,2,5.5,5.5
5084,Mong Kok East,65,Nam Cheong,53,6.1,3.4,2,6.5,3.4,2,2,3.5,3.5
5085,Mong Kok East,65,Sunny Bay,54,18.2,9.1,2,20,9.1,2,2,10,10
5086,Mong Kok East,65,Disneyland Resort,55,25.7,13.2,2,28.5,13.2,2,2,15,15
5087,Mong Kok East,65,LOHAS Park,57,12.1,5.3,2,14,5.3,2,2,5.5,5.5
5088,Mong Kok East,65,Hung Hom,64,4,1.4,2,4,1.4,1.4,1.4,1.5,1.5
5089,Mong Kok East,65,Mong Kok East,65,0,0,0,0,0,0,0,0,0
5090,Mong Kok East,65,Tai Wai,67,6.7,3.4,2,7,3.4,2,2,3.5,3.5
5091,Mong Kok East,65,Sha Tin,68,6.7,3.4,2,7,3.4,2,2,3.5,3.5
5092,Mong Kok East,65,Fo Tan,69,7.4,3.7,2,7.5,3.7,2,2,4,4
5093,Mong Kok East,65,Racecourse,70,15.1,7.6,15.1,16,7.6,2,2,8,8
5094,Mong Kok East,65,University,71,8.2,4,2,8.5,4,2,2,4,4
5095,Mong Kok East,65,Tai Po Market,72,10,5.2,2,12,5.2,2,2,5.5,5.5
5096,Mong Kok East,65,Tai Wo,73,10,5.2,2,12,5.2,2,2,5.5,5.5
5097,Mong Kok East,65,Fanling,74,11.2,5.5,2,13,5.5,2,2,5.5,5.5
5098,Mong Kok East,65,Sheung Shui,75,11.2,5.5,2,13,5.5,2,2,5.5,5.5
5099,Mong Kok East,65,Lo Wu,76,41.6,41.6,41.6,45,21.4,21.4,21.4,22,22
5100,Mong Kok East,65,Lok Ma Chau,78,41.6,41.6,41.6,45,21.4,21.4,21.4,22,22
5101,Mong Kok East,65,East Tsim Sha Tsui,80,5.9,2.8,2,6,2.8,2,2,3,3
5102,Mong Kok East,65,Che Kung Temple,96,8.6,4.1,2,9.5,4.1,2,2,4.5,4.5
5103,Mong Kok East,65,Sha Tin Wai,97,8.6,4.1,2,9.5,4.1,2,2,4.5,4.5
5104,Mong Kok East,65,City One,98,8.6,4.1,2,9.5,4.1,2,2,4.5,4.5
5105,Mong Kok East,65,Shek Mun,99,8.6,4.1,2,9.5,4.1,2,2,4.5,4.5
5106,Mong Kok East,65,Tai Shui Hang,100,11.5,5.6,2,13.5,5.6,2,2,6,6
5107,Mong Kok East,65,Heng On,101,11.5,5.6,2,13.5,5.6,2,2,6,6
5108,Mong Kok East,65,Ma On Shan,102,11.5,5.6,2,13.5,5.6,2,2,6,6
5109,Mong Kok East,65,Wu Kai Sha,103,11.5,5.6,2,13.5,5.6,2,2,6,6
5110,Mong Kok East,65,Austin,111,7.8,4,2,8,4,2,2,4,4
5111,Mong Kok East,65,Tsuen Wan West,114,9.3,5.1,2,10.5,5.1,2,2,5.5,5.5
5112,Mong Kok East,65,Kam Sheung Road,115,19,10,2,19.5,10,2,2,12,12
5113,Mong Kok East,65,Yuen Long,116,20.9,11,2,21.5,11,2,2,12.5,12.5
5114,Mong Kok East,65,Long Ping,117,20.9,11,2,21.5,11,2,2,12.5,12.5
5115,Mong Kok East,65,Tin Shui Wai,118,20.9,11,2,21.5,11,2,2,12.5,12.5
5116,Mong Kok East,65,Siu Hong,119,20.9,11,2,21.5,11,2,2,12.5,12.5
5117,Mong Kok East,65,Tuen Mun,120,20.9,11,2,21.5,11,2,2,12.5,12.5
5118,Mong Kok East,65,Sai Ying Pun,81,13.2,6.4,2,15.5,6.4,2,2,6.5,6.5
5119,Mong Kok East,65,HKU,82,15.8,7.4,2,16,7.4,2,2,7.5,7.5
5120,Mong Kok East,65,Kennedy Town,83,15.8,7.4,2,16,7.4,2,2,7.5,7.5
5121,Mong Kok East,65,Ho Man Tin,84,5.9,3.2,2,6,3.2,2,2,3.5,3.5
5122,Mong Kok East,65,Whampoa,85,5.9,3.2,2,6,3.2,2,2,3.5,3.5
5123,Mong Kok East,65,Ocean Park,86,15.8,7.4,2,16,7.4,2,2,7.5,7.5
5124,Mong Kok East,65,Wong Chuk Hang,87,16.1,7.6,2,17.5,7.6,2,2,8,8
5125,Mong Kok East,65,Lei Tung,88,16.1,7.6,2,17.5,7.6,2,2,8,8
5126,Mong Kok East,65,South Horizons,89,17,7.8,2,19,7.8,2,2,8,8
5127,Mong Kok East,65,Hin Keng,90,8.6,4.6,2,10,4.6,2,2,5,5
5128,Mong Kok East,65,Kai Tak,91,5.9,3.2,2,6,3.2,2,2,3.5,3.5
5129,Mong Kok East,65,Sung Wong Toi,92,5.9,3.2,2,6,3.2,2,2,3.5,3.5
5130,Mong Kok East,65,To Kwa Wan,93,5.9,3.2,2,6,3.2,2,2,3.5,3.5
5131,Tai Wai,67,Central,1,17.1,8.6,2,19,8.6,2,2,9.5,9.5
5132,Tai Wai,67,Admiralty,2,17.1,8.6,2,19,8.6,2,2,9.5,9.5
5133,Tai Wai,67,Tsim Sha Tsui,3,10.1,5.1,2,12,5.1,2,2,5.5,5.5
5134,Tai Wai,67,Jordan,4,10.1,5.1,2,12,5.1,2,2,5.5,5.5
5135,Tai Wai,67,Yau Ma Tei,5,9.6,4.6,2,12,4.6,2,2,5,5
5136,Tai Wai,67,Mong Kok,6,9.6,4.6,2,12,4.6,2,2,5,5
5137,Tai Wai,67,Shek Kip Mei,7,8.6,4.6,2,10,4.6,2,2,5,5
5138,Tai Wai,67,Kowloon Tong,8,6.7,3.3,2,7,3.3,2,2,3.5,3.5
5139,Tai Wai,67,Lok Fu,9,8.6,4.6,2,10,4.6,2,2,5,5
5140,Tai Wai,67,Wong Tai Sin,10,8.6,4.6,2,10,4.6,2,2,5,5
5141,Tai Wai,67,Diamond Hill,11,9.6,4.6,2,12,4.6,2,2,5,5
5142,Tai Wai,67,Choi Hung,12,9.6,4.6,2,12,4.6,2,2,5,5
5143,Tai Wai,67,Kowloon Bay,13,11,5.4,2,13,5.4,2,2,5.5,5.5
5144,Tai Wai,67,Ngau Tau Kok,14,11,5.4,2,13,5.4,2,2,5.5,5.5
5145,Tai Wai,67,Kwun Tong,15,11,5.4,2,13,5.4,2,2,5.5,5.5
5146,Tai Wai,67,Prince Edward,16,8.6,4.6,2,10,4.6,2,2,5,5
5147,Tai Wai,67,Sham Shui Po,17,8.6,4.6,2,10,4.6,2,2,5,5
5148,Tai Wai,67,Cheung Sha Wan,18,9.6,4.6,2,12,4.6,2,2,5,5
5149,Tai Wai,67,Lai Chi Kok,19,9.6,4.6,2,12,4.6,2,2,5,5
5150,Tai Wai,67,Mei Foo,20,11,5.4,2,13,5.4,2,2,5.5,5.5
5151,Tai Wai,67,Lai King,21,11,5.4,2,13,5.4,2,2,5.5,5.5
5152,Tai Wai,67,Kwai Fong,22,12.3,5.9,2,14,5.9,2,2,6,6
5153,Tai Wai,67,Kwai Hing,23,12.3,5.9,2,14,5.9,2,2,6,6
5154,Tai Wai,67,Tai Wo Hau,24,12.3,5.9,2,14,5.9,2,2,6,6
5155,Tai Wai,67,Tsuen Wan,25,12.3,5.9,2,14,5.9,2,2,6,6
5156,Tai Wai,67,Sheung Wan,26,17.1,8.6,2,19,8.6,2,2,9.5,9.5
5157,Tai Wai,67,Wan Chai,27,17.1,8.6,2,19,8.6,2,2,9.5,9.5
5158,Tai Wai,67,Causeway Bay,28,17.1,8.6,2,19,8.6,2,2,9.5,9.5
5159,Tai Wai,67,Tin Hau,29,19.5,9.4,2,21.5,9.4,2,2,10.5,10.5
5160,Tai Wai,67,Fortress Hill,30,19.5,9.4,2,21.5,9.4,2,2,10.5,10.5
5161,Tai Wai,67,North Point,31,19.5,9.4,2,21.5,9.4,2,2,10.5,10.5
5162,Tai Wai,67,Quarry Bay,32,19.5,9.4,2,21.5,9.4,2,2,10.5,10.5
5163,Tai Wai,67,Tai Koo,33,19.5,9.4,2,21.5,9.4,2,2,10.5,10.5
5164,Tai Wai,67,Sai Wan Ho,34,19.5,9.4,2,21.5,9.4,2,2,10.5,10.5
5165,Tai Wai,67,Shau Kei Wan,35,19.5,9.4,2,21.5,9.4,2,2,10.5,10.5
5166,Tai Wai,67,Heng Fa Chuen,36,19.5,9.4,2,21.5,9.4,2,2,10.5,10.5
5167,Tai Wai,67,Chai Wan,37,19.5,9.4,2,21.5,9.4,2,2,10.5,10.5
5168,Tai Wai,67,Lam Tin,38,12.3,5.9,2,14,5.9,2,2,6,6
5169,Tai Wai,67,Hong Kong,39,17.1,8.6,2,19,8.6,2,2,9.5,9.5
5170,Tai Wai,67,Kowloon,40,11,5.4,2,13,5.4,2,2,5.5,5.5
5171,Tai Wai,67,Olympic,41,9.6,4.6,2,12,4.6,2,2,5,5
5172,Tai Wai,67,Tsing Yi,42,12.3,5.9,2,14,5.9,2,2,6,6
5173,Tai Wai,67,Tung Chung,43,24.3,12.5,2,27.5,12.5,2,2,14,14
5174,Tai Wai,67,Yau Tong,48,12.3,5.9,2,14,5.9,2,2,6,6
5175,Tai Wai,67,Tiu Keng Leng,49,12.3,5.9,2,14,5.9,2,2,6,6
5176,Tai Wai,67,Tseung Kwan O,50,13.8,6.2,2,16,6.2,2,2,6.5,6.5
5177,Tai Wai,67,Hang Hau,51,13.8,6.2,2,16,6.2,2,2,6.5,6.5
5178,Tai Wai,67,Po Lam,52,13.8,6.2,2,16,6.2,2,2,6.5,6.5
5179,Tai Wai,67,Nam Cheong,53,8.9,4.8,2,10,4.8,2,2,5,5
5180,Tai Wai,67,Sunny Bay,54,20.8,10.2,2,22.5,10.2,2,2,12,12
5181,Tai Wai,67,Disneyland Resort,55,28,14.2,2,30.5,14.2,2,2,15.5,15.5
5182,Tai Wai,67,LOHAS Park,57,13.8,6.2,2,16,6.2,2,2,6.5,6.5
5183,Tai Wai,67,Hung Hom,64,6.7,3.4,2,7,3.4,2,2,3.5,3.5
5184,Tai Wai,67,Mong Kok East,65,6.7,3.4,2,7,3.4,2,2,3.5,3.5
5185,Tai Wai,67,Tai Wai,67,0,0,0,0,0,0,0,0,0
5186,Tai Wai,67,Sha Tin,68,4,1.4,2,4,1.4,1.4,1.4,1.5,1.5
5187,Tai Wai,67,Fo Tan,69,4,1.4,2,4,1.4,1.4,1.4,1.5,1.5
5188,Tai Wai,67,Racecourse,70,8,3.9,8,8,3.9,2,2,4,4
5189,Tai Wai,67,University,71,4.6,2.2,2,5,2.2,2,2,2.5,2.5
5190,Tai Wai,67,Tai Po Market,72,6.5,3.3,2,6.5,3.3,2,2,3.5,3.5
5191,Tai Wai,67,Tai Wo,73,6.5,3.3,2,6.5,3.3,2,2,3.5,3.5
5192,Tai Wai,67,Fanling,74,7.7,3.8,2,8,3.8,2,2,4,4
5193,Tai Wai,67,Sheung Shui,75,7.7,3.8,2,8,3.8,2,2,4,4
5194,Tai Wai,67,Lo Wu,76,33,33,33,35.5,16.9,16.9,16.9,17.5,17.5
5195,Tai Wai,67,Lok Ma Chau,78,33,33,33,35.5,16.9,16.9,16.9,17.5,17.5
5196,Tai Wai,67,East Tsim Sha Tsui,80,10.1,5.1,2,12,5.1,2,2,5.5,5.5
5197,Tai Wai,67,Che Kung Temple,96,4,1.9,2,4,1.9,1.9,1.9,2,2
5198,Tai Wai,67,Sha Tin Wai,97,5.9,2.8,2,6,2.8,2,2,3,3
5199,Tai Wai,67,City One,98,5.9,2.8,2,6,2.8,2,2,3,3
5200,Tai Wai,67,Shek Mun,99,5.9,2.8,2,6,2.8,2,2,3,3
5201,Tai Wai,67,Tai Shui Hang,100,7.7,3.8,2,8,3.8,2,2,4,4
5202,Tai Wai,67,Heng On,101,7.7,3.8,2,8,3.8,2,2,4,4
5203,Tai Wai,67,Ma On Shan,102,7.7,3.8,2,8,3.8,2,2,4,4
5204,Tai Wai,67,Wu Kai Sha,103,7.7,3.8,2,8,3.8,2,2,4,4
5205,Tai Wai,67,Austin,111,11,5.4,2,13,5.4,2,2,5.5,5.5
5206,Tai Wai,67,Tsuen Wan West,114,11.5,6.1,2,13.5,6.1,2,2,6.5,6.5
5207,Tai Wai,67,Kam Sheung Road,115,20.8,11.4,2,22,11.4,2,2,13,13
5208,Tai Wai,67,Yuen Long,116,22,11.8,2,23.5,11.8,2,2,13.5,13.5
5209,Tai Wai,67,Long Ping,117,22,11.8,2,23.5,11.8,2,2,13.5,13.5
5210,Tai Wai,67,Tin Shui Wai,118,22,11.8,2,23.5,11.8,2,2,13.5,13.5
5211,Tai Wai,67,Siu Hong,119,22,11.8,2,23.5,11.8,2,2,13.5,13.5
5212,Tai Wai,67,Tuen Mun,120,22,11.8,2,23.5,11.8,2,2,13.5,13.5
5213,Tai Wai,67,Sai Ying Pun,81,17.1,8.6,2,19,8.6,2,2,9.5,9.5
5214,Tai Wai,67,HKU,82,19.5,9.4,2,21.5,9.4,2,2,10.5,10.5
5215,Tai Wai,67,Kennedy Town,83,19.5,9.4,2,21.5,9.4,2,2,10.5,10.5
5216,Tai Wai,67,Ho Man Tin,84,10.1,5.1,2,12,5.1,2,2,5.5,5.5
5217,Tai Wai,67,Whampoa,85,10.1,5.1,2,12,5.1,2,2,5.5,5.5
5218,Tai Wai,67,Ocean Park,86,19.5,9.4,2,21.5,9.4,2,2,10.5,10.5
5219,Tai Wai,67,Wong Chuk Hang,87,19.5,9.4,2,21.5,9.4,2,2,10.5,10.5
5220,Tai Wai,67,Lei Tung,88,19.5,9.4,2,21.5,9.4,2,2,10.5,10.5
5221,Tai Wai,67,South Horizons,89,19.5,9.4,2,21.5,9.4,2,2,10.5,10.5
5222,Tai Wai,67,Hin Keng,90,4,1.9,2,4,1.9,1.9,1.9,2,2
5223,Tai Wai,67,Kai Tak,91,9.6,4.6,2,12,4.6,2,2,5,5
5224,Tai Wai,67,Sung Wong Toi,92,10.1,5.1,2,12,5.1,2,2,5.5,5.5
5225,Tai Wai,67,To Kwa Wan,93,10.1,5.1,2,12,5.1,2,2,5.5,5.5
5226,Sha Tin,68,Central,1,17.1,8.6,2,19,8.6,2,2,9.5,9.5
5227,Sha Tin,68,Admiralty,2,17.1,8.6,2,19,8.6,2,2,9.5,9.5
5228,Sha Tin,68,Tsim Sha Tsui,3,10.1,5.1,2,12,5.1,2,2,5.5,5.5
5229,Sha Tin,68,Jordan,4,10.1,5.1,2,12,5.1,2,2,5.5,5.5
5230,Sha Tin,68,Yau Ma Tei,5,9.6,4.6,2,12,4.6,2,2,5,5
5231,Sha Tin,68,Mong Kok,6,9.6,4.6,2,12,4.6,2,2,5,5
5232,Sha Tin,68,Shek Kip Mei,7,8.6,4.6,2,10,4.6,2,2,5,5
5233,Sha Tin,68,Kowloon Tong,8,6.7,3.3,2,7,3.3,2,2,3.5,3.5
5234,Sha Tin,68,Lok Fu,9,8.6,4.6,2,10,4.6,2,2,5,5
5235,Sha Tin,68,Wong Tai Sin,10,8.6,4.6,2,10,4.6,2,2,5,5
5236,Sha Tin,68,Diamond Hill,11,9.6,4.6,2,12,4.6,2,2,5,5
5237,Sha Tin,68,Choi Hung,12,9.6,4.6,2,12,4.6,2,2,5,5
5238,Sha Tin,68,Kowloon Bay,13,11,5.4,2,13,5.4,2,2,5.5,5.5
5239,Sha Tin,68,Ngau Tau Kok,14,11,5.4,2,13,5.4,2,2,5.5,5.5
5240,Sha Tin,68,Kwun Tong,15,11,5.4,2,13,5.4,2,2,5.5,5.5
5241,Sha Tin,68,Prince Edward,16,8.6,4.6,2,10,4.6,2,2,5,5
5242,Sha Tin,68,Sham Shui Po,17,8.6,4.6,2,10,4.6,2,2,5,5
5243,Sha Tin,68,Cheung Sha Wan,18,9.6,4.6,2,12,4.6,2,2,5,5
5244,Sha Tin,68,Lai Chi Kok,19,9.6,4.6,2,12,4.6,2,2,5,5
5245,Sha Tin,68,Mei Foo,20,11,5.4,2,13,5.4,2,2,5.5,5.5
5246,Sha Tin,68,Lai King,21,11,5.4,2,13,5.4,2,2,5.5,5.5
5247,Sha Tin,68,Kwai Fong,22,12.3,5.9,2,14,5.9,2,2,6,6
5248,Sha Tin,68,Kwai Hing,23,12.3,5.9,2,14,5.9,2,2,6,6
5249,Sha Tin,68,Tai Wo Hau,24,12.3,5.9,2,14,5.9,2,2,6,6
5250,Sha Tin,68,Tsuen Wan,25,12.3,5.9,2,14,5.9,2,2,6,6
5251,Sha Tin,68,Sheung Wan,26,17.1,8.6,2,19,8.6,2,2,9.5,9.5
5252,Sha Tin,68,Wan Chai,27,17.1,8.6,2,19,8.6,2,2,9.5,9.5
5253,Sha Tin,68,Causeway Bay,28,17.1,8.6,2,19,8.6,2,2,9.5,9.5
5254,Sha Tin,68,Tin Hau,29,19.5,9.4,2,21.5,9.4,2,2,10.5,10.5
5255,Sha Tin,68,Fortress Hill,30,19.5,9.4,2,21.5,9.4,2,2,10.5,10.5
5256,Sha Tin,68,North Point,31,19.5,9.4,2,21.5,9.4,2,2,10.5,10.5
5257,Sha Tin,68,Quarry Bay,32,19.5,9.4,2,21.5,9.4,2,2,10.5,10.5
5258,Sha Tin,68,Tai Koo,33,19.5,9.4,2,21.5,9.4,2,2,10.5,10.5
5259,Sha Tin,68,Sai Wan Ho,34,19.5,9.4,2,21.5,9.4,2,2,10.5,10.5
5260,Sha Tin,68,Shau Kei Wan,35,19.5,9.4,2,21.5,9.4,2,2,10.5,10.5
5261,Sha Tin,68,Heng Fa Chuen,36,19.5,9.4,2,21.5,9.4,2,2,10.5,10.5
5262,Sha Tin,68,Chai Wan,37,19.5,9.4,2,21.5,9.4,2,2,10.5,10.5
5263,Sha Tin,68,Lam Tin,38,12.3,5.9,2,14,5.9,2,2,6,6
5264,Sha Tin,68,Hong Kong,39,17.1,8.6,2,19,8.6,2,2,9.5,9.5
5265,Sha Tin,68,Kowloon,40,11,5.4,2,13,5.4,2,2,5.5,5.5
5266,Sha Tin,68,Olympic,41,9.6,4.6,2,12,4.6,2,2,5,5
5267,Sha Tin,68,Tsing Yi,42,12.3,5.9,2,14,5.9,2,2,6,6
5268,Sha Tin,68,Tung Chung,43,24.3,12.5,2,27.5,12.5,2,2,14,14
5269,Sha Tin,68,Yau Tong,48,12.3,5.9,2,14,5.9,2,2,6,6
5270,Sha Tin,68,Tiu Keng Leng,49,12.3,5.9,2,14,5.9,2,2,6,6
5271,Sha Tin,68,Tseung Kwan O,50,13.8,6.2,2,16,6.2,2,2,6.5,6.5
5272,Sha Tin,68,Hang Hau,51,13.8,6.2,2,16,6.2,2,2,6.5,6.5
5273,Sha Tin,68,Po Lam,52,13.8,6.2,2,16,6.2,2,2,6.5,6.5
5274,Sha Tin,68,Nam Cheong,53,8.9,4.8,2,10,4.8,2,2,5,5
5275,Sha Tin,68,Sunny Bay,54,20.8,10.2,2,22.5,10.2,2,2,12,12
5276,Sha Tin,68,Disneyland Resort,55,28,14.2,2,30.5,14.2,2,2,15.5,15.5
5277,Sha Tin,68,LOHAS Park,57,13.8,6.2,2,16,6.2,2,2,6.5,6.5
5278,Sha Tin,68,Hung Hom,64,6.7,3.4,2,7,3.4,2,2,3.5,3.5
5279,Sha Tin,68,Mong Kok East,65,6.7,3.4,2,7,3.4,2,2,3.5,3.5
5280,Sha Tin,68,Tai Wai,67,4,1.4,2,4,1.4,1.4,1.4,1.5,1.5
5281,Sha Tin,68,Sha Tin,68,0,0,0,0,0,0,0,0,0
5282,Sha Tin,68,Fo Tan,69,4,1.4,2,4,1.4,1.4,1.4,1.5,1.5
5283,Sha Tin,68,Racecourse,70,8,3.9,8,8,3.9,2,2,4,4
5284,Sha Tin,68,University,71,4.6,2.2,2,5,2.2,2,2,2.5,2.5
5285,Sha Tin,68,Tai Po Market,72,6.5,3.3,2,6.5,3.3,2,2,3.5,3.5
5286,Sha Tin,68,Tai Wo,73,6.5,3.3,2,6.5,3.3,2,2,3.5,3.5
5287,Sha Tin,68,Fanling,74,7.7,3.8,2,8,3.8,2,2,4,4
5288,Sha Tin,68,Sheung Shui,75,7.7,3.8,2,8,3.8,2,2,4,4
5289,Sha Tin,68,Lo Wu,76,33,33,33,35.5,16.9,16.9,16.9,17.5,17.5
5290,Sha Tin,68,Lok Ma Chau,78,33,33,33,35.5,16.9,16.9,16.9,17.5,17.5
5291,Sha Tin,68,East Tsim Sha Tsui,80,10.1,5.1,2,12,5.1,2,2,5.5,5.5
5292,Sha Tin,68,Che Kung Temple,96,5.9,2.8,2,6,2.8,2,2,3,3
5293,Sha Tin,68,Sha Tin Wai,97,5.9,2.8,2,6,2.8,2,2,3,3
5294,Sha Tin,68,City One,98,5.9,2.8,2,6,2.8,2,2,3,3
5295,Sha Tin,68,Shek Mun,99,5.9,2.8,2,6,2.8,2,2,3,3
5296,Sha Tin,68,Tai Shui Hang,100,7.7,3.8,2,8,3.8,2,2,4,4
5297,Sha Tin,68,Heng On,101,7.7,3.8,2,8,3.8,2,2,4,4
5298,Sha Tin,68,Ma On Shan,102,7.7,3.8,2,8,3.8,2,2,4,4
5299,Sha Tin,68,Wu Kai Sha,103,7.7,3.8,2,8,3.8,2,2,4,4
5300,Sha Tin,68,Austin,111,11,5.4,2,13,5.4,2,2,5.5,5.5
5301,Sha Tin,68,Tsuen Wan West,114,11.5,6.1,2,13.5,6.1,2,2,6.5,6.5
5302,Sha Tin,68,Kam Sheung Road,115,20.8,11.4,2,22,11.4,2,2,13,13
5303,Sha Tin,68,Yuen Long,116,22,11.8,2,23.5,11.8,2,2,13.5,13.5
5304,Sha Tin,68,Long Ping,117,22,11.8,2,23.5,11.8,2,2,13.5,13.5
5305,Sha Tin,68,Tin Shui Wai,118,22,11.8,2,23.5,11.8,2,2,13.5,13.5
5306,Sha Tin,68,Siu Hong,119,22,11.8,2,23.5,11.8,2,2,13.5,13.5
5307,Sha Tin,68,Tuen Mun,120,22,11.8,2,23.5,11.8,2,2,13.5,13.5
5308,Sha Tin,68,Sai Ying Pun,81,17.1,8.6,2,19,8.6,2,2,9.5,9.5
5309,Sha Tin,68,HKU,82,19.5,9.4,2,21.5,9.4,2,2,10.5,10.5
5310,Sha Tin,68,Kennedy Town,83,19.5,9.4,2,21.5,9.4,2,2,10.5,10.5
5311,Sha Tin,68,Ho Man Tin,84,10.1,5.1,2,12,5.1,2,2,5.5,5.5
5312,Sha Tin,68,Whampoa,85,10.1,5.1,2,12,5.1,2,2,5.5,5.5
5313,Sha Tin,68,Ocean Park,86,19.5,9.4,2,21.5,9.4,2,2,10.5,10.5
5314,Sha Tin,68,Wong Chuk Hang,87,19.5,9.4,2,21.5,9.4,2,2,10.5,10.5
5315,Sha Tin,68,Lei Tung,88,19.5,9.4,2,21.5,9.4,2,2,10.5,10.5
5316,Sha Tin,68,South Horizons,89,19.5,9.4,2,21.5,9.4,2,2,10.5,10.5
5317,Sha Tin,68,Hin Keng,90,5.9,2.8,2,6,2.8,2,2,3,3
5318,Sha Tin,68,Kai Tak,91,9.6,4.6,2,12,4.6,2,2,5,5
5319,Sha Tin,68,Sung Wong Toi,92,10.1,5.1,2,12,5.1,2,2,5.5,5.5
5320,Sha Tin,68,To Kwa Wan,93,10.1,5.1,2,12,5.1,2,2,5.5,5.5
5321,Fo Tan,69,Central,1,17.6,9.1,2,19.5,9.1,2,2,10,10
5322,Fo Tan,69,Admiralty,2,17.6,9.1,2,19.5,9.1,2,2,10,10
5323,Fo Tan,69,Tsim Sha Tsui,3,11,5.4,2,13,5.4,2,2,5.5,5.5
5324,Fo Tan,69,Jordan,4,11,5.6,2,13,5.6,2,2,6,6
5325,Fo Tan,69,Yau Ma Tei,5,10.1,5.3,2,12.5,5.3,2,2,5.5,5.5
5326,Fo Tan,69,Mong Kok,6,10.1,5.3,2,12.5,5.3,2,2,5.5,5.5
5327,Fo Tan,69,Shek Kip Mei,7,9.2,5.3,2,10.5,5.3,2,2,5.5,5.5
5328,Fo Tan,69,Kowloon Tong,8,7.4,3.7,2,7.5,3.7,2,2,4,4
5329,Fo Tan,69,Lok Fu,9,9.2,5.3,2,10.5,5.3,2,2,5.5,5.5
5330,Fo Tan,69,Wong Tai Sin,10,9.2,5.3,2,10.5,5.3,2,2,5.5,5.5
5331,Fo Tan,69,Diamond Hill,11,10.1,5.3,2,12.5,5.3,2,2,5.5,5.5
5332,Fo Tan,69,Choi Hung,12,10.1,5.3,2,12.5,5.3,2,2,5.5,5.5
5333,Fo Tan,69,Kowloon Bay,13,11.7,5.9,2,13.5,5.9,2,2,6,6
5334,Fo Tan,69,Ngau Tau Kok,14,11.7,5.9,2,13.5,5.9,2,2,6,6
5335,Fo Tan,69,Kwun Tong,15,11.7,5.9,2,13.5,5.9,2,2,6,6
5336,Fo Tan,69,Prince Edward,16,9.2,5.3,2,10.5,5.3,2,2,5.5,5.5
5337,Fo Tan,69,Sham Shui Po,17,9.2,5.3,2,10.5,5.3,2,2,5.5,5.5
5338,Fo Tan,69,Cheung Sha Wan,18,10.1,5.3,2,12.5,5.3,2,2,5.5,5.5
5339,Fo Tan,69,Lai Chi Kok,19,10.1,5.3,2,12.5,5.3,2,2,5.5,5.5
5340,Fo Tan,69,Mei Foo,20,11.7,5.9,2,13.5,5.9,2,2,6,6
5341,Fo Tan,69,Lai King,21,11.7,5.9,2,13.5,5.9,2,2,6,6
5342,Fo Tan,69,Kwai Fong,22,12.6,6.2,2,15.5,6.2,2,2,6.5,6.5
5343,Fo Tan,69,Kwai Hing,23,12.6,6.2,2,15.5,6.2,2,2,6.5,6.5
5344,Fo Tan,69,Tai Wo Hau,24,12.6,6.2,2,15.5,6.2,2,2,6.5,6.5
5345,Fo Tan,69,Tsuen Wan,25,12.6,6.2,2,15.5,6.2,2,2,6.5,6.5
5346,Fo Tan,69,Sheung Wan,26,17.6,9.1,2,19.5,9.1,2,2,10,10
5347,Fo Tan,69,Wan Chai,27,17.6,9.1,2,19.5,9.1,2,2,10,10
5348,Fo Tan,69,Causeway Bay,28,17.6,9.1,2,19.5,9.1,2,2,10,10
5349,Fo Tan,69,Tin Hau,29,19.9,9.8,2,22,9.8,2,2,12,12
5350,Fo Tan,69,Fortress Hill,30,19.9,9.8,2,22,9.8,2,2,12,12
5351,Fo Tan,69,North Point,31,19.9,9.8,2,22,9.8,2,2,12,12
5352,Fo Tan,69,Quarry Bay,32,19.9,9.8,2,22,9.8,2,2,12,12
5353,Fo Tan,69,Tai Koo,33,19.9,9.8,2,22,9.8,2,2,12,12
5354,Fo Tan,69,Sai Wan Ho,34,19.9,9.8,2,22,9.8,2,2,12,12
5355,Fo Tan,69,Shau Kei Wan,35,19.9,9.8,2,22,9.8,2,2,12,12
5356,Fo Tan,69,Heng Fa Chuen,36,19.9,9.8,2,22,9.8,2,2,12,12
5357,Fo Tan,69,Chai Wan,37,19.9,9.8,2,22,9.8,2,2,12,12
5358,Fo Tan,69,Lam Tin,38,12.6,6.2,2,15.5,6.2,2,2,6.5,6.5
5359,Fo Tan,69,Hong Kong,39,17.6,9.1,2,19.5,9.1,2,2,10,10
5360,Fo Tan,69,Kowloon,40,11.7,5.9,2,13.5,5.9,2,2,6,6
5361,Fo Tan,69,Olympic,41,10.1,5.3,2,12.5,5.3,2,2,5.5,5.5
5362,Fo Tan,69,Tsing Yi,42,12.6,6.2,2,15.5,6.2,2,2,6.5,6.5
5363,Fo Tan,69,Tung Chung,43,24.8,12.9,2,28,12.9,2,2,15,15
5364,Fo Tan,69,Yau Tong,48,12.6,6.2,2,15.5,6.2,2,2,6.5,6.5
5365,Fo Tan,69,Tiu Keng Leng,49,12.6,6.2,2,15.5,6.2,2,2,6.5,6.5
5366,Fo Tan,69,Tseung Kwan O,50,14.3,6.5,2,16.5,6.5,2,2,6.5,6.5
5367,Fo Tan,69,Hang Hau,51,14.3,6.5,2,16.5,6.5,2,2,6.5,6.5
5368,Fo Tan,69,Po Lam,52,14.3,6.5,2,16.5,6.5,2,2,6.5,6.5
5369,Fo Tan,69,Nam Cheong,53,9.4,5.4,2,10.5,5.4,2,2,5.5,5.5
5370,Fo Tan,69,Sunny Bay,54,21.8,11.1,2,25.5,11.1,2,2,13.5,13.5
5371,Fo Tan,69,Disneyland Resort,55,28.4,14.8,2,31,14.8,2,2,16.5,16.5
5372,Fo Tan,69,LOHAS Park,57,14.3,6.5,2,16.5,6.5,2,2,6.5,6.5
5373,Fo Tan,69,Hung Hom,64,8.2,4,2,8.5,4,2,2,4,4
5374,Fo Tan,69,Mong Kok East,65,7.4,3.7,2,7.5,3.7,2,2,4,4
5375,Fo Tan,69,Tai Wai,67,4,1.4,2,4,1.4,1.4,1.4,1.5,1.5
5376,Fo Tan,69,Sha Tin,68,4,1.4,2,4,1.4,1.4,1.4,1.5,1.5
5377,Fo Tan,69,Fo Tan,69,0,0,0,0,0,0,0,0,0
5378,Fo Tan,69,Racecourse,70,7.7,3.8,7.7,8,3.8,2,2,4,4
5379,Fo Tan,69,University,71,4,1.4,2,4,1.4,1.4,1.4,1.5,1.5
5380,Fo Tan,69,Tai Po Market,72,6.5,3.3,2,6.5,3.3,2,2,3.5,3.5
5381,Fo Tan,69,Tai Wo,73,6.5,3.3,2,6.5,3.3,2,2,3.5,3.5
5382,Fo Tan,69,Fanling,74,7.7,3.8,2,8,3.8,2,2,4,4
5383,Fo Tan,69,Sheung Shui,75,7.7,3.8,2,8,3.8,2,2,4,4
5384,Fo Tan,69,Lo Wu,76,30.3,30.3,30.3,32,15.4,15.4,15.4,16.5,16.5
5385,Fo Tan,69,Lok Ma Chau,78,30.3,30.3,30.3,32,15.4,15.4,15.4,16.5,16.5
5386,Fo Tan,69,East Tsim Sha Tsui,80,11,5.4,2,13,5.4,2,2,5.5,5.5
5387,Fo Tan,69,Che Kung Temple,96,5.9,2.8,2,6,2.8,2,2,3,3
5388,Fo Tan,69,Sha Tin Wai,97,5.9,2.8,2,6,2.8,2,2,3,3
5389,Fo Tan,69,City One,98,5.9,2.8,2,6,2.8,2,2,3,3
5390,Fo Tan,69,Shek Mun,99,5.9,2.8,2,6,2.8,2,2,3,3
5391,Fo Tan,69,Tai Shui Hang,100,7.7,3.8,2,8,3.8,2,2,4,4
5392,Fo Tan,69,Heng On,101,7.7,3.8,2,8,3.8,2,2,4,4
5393,Fo Tan,69,Ma On Shan,102,7.7,3.8,2,8,3.8,2,2,4,4
5394,Fo Tan,69,Wu Kai Sha,103,7.7,3.8,2,8,3.8,2,2,4,4
5395,Fo Tan,69,Austin,111,11.9,5.9,2,13.5,5.9,2,2,6,6
5396,Fo Tan,69,Tsuen Wan West,114,11.9,6.4,2,13.5,6.4,2,2,6.5,6.5
5397,Fo Tan,69,Kam Sheung Road,115,20.8,11.4,2,22,11.4,2,2,13,13
5398,Fo Tan,69,Yuen Long,116,22,11.8,2,23.5,11.8,2,2,13.5,13.5
5399,Fo Tan,69,Long Ping,117,22,11.8,2,23.5,11.8,2,2,13.5,13.5
5400,Fo Tan,69,Tin Shui Wai,118,22,11.8,2,23.5,11.8,2,2,13.5,13.5
5401,Fo Tan,69,Siu Hong,119,22,11.8,2,23.5,11.8,2,2,13.5,13.5
5402,Fo Tan,69,Tuen Mun,120,22,11.8,2,23.5,11.8,2,2,13.5,13.5
5403,Fo Tan,69,Sai Ying Pun,81,17.6,9.1,2,19.5,9.1,2,2,10,10
5404,Fo Tan,69,HKU,82,19.9,9.8,2,22,9.8,2,2,12,12
5405,Fo Tan,69,Kennedy Town,83,19.9,9.8,2,22,9.8,2,2,12,12
5406,Fo Tan,69,Ho Man Tin,84,11,5.6,2,13,5.6,2,2,6,6
5407,Fo Tan,69,Whampoa,85,11,5.6,2,13,5.6,2,2,6,6
5408,Fo Tan,69,Ocean Park,86,19.9,9.8,2,22,9.8,2,2,12,12
5409,Fo Tan,69,Wong Chuk Hang,87,19.9,9.8,2,22,9.8,2,2,12,12
5410,Fo Tan,69,Lei Tung,88,19.9,9.8,2,22,9.8,2,2,12,12
5411,Fo Tan,69,South Horizons,89,19.9,9.8,2,22,9.8,2,2,12,12
5412,Fo Tan,69,Hin Keng,90,5.9,2.8,2,6,2.8,2,2,3,3
5413,Fo Tan,69,Kai Tak,91,10.1,5.3,2,12.5,5.3,2,2,5.5,5.5
5414,Fo Tan,69,Sung Wong Toi,92,11,5.6,2,13,5.6,2,2,6,6
5415,Fo Tan,69,To Kwa Wan,93,11,5.6,2,13,5.6,2,2,6,6
5416,Racecourse,70,Central,1,25.7,13.4,25.7,28.5,13.4,2,2,15,15
5417,Racecourse,70,Admiralty,2,25.7,13.4,25.7,28.5,13.4,2,2,15,15
5418,Racecourse,70,Tsim Sha Tsui,3,17.5,8.6,17.5,18.5,8.6,2,2,9.5,9.5
5419,Racecourse,70,Jordan,4,17.5,9.1,17.5,21.5,9.1,2,2,10.5,10.5
5420,Racecourse,70,Yau Ma Tei,5,17.5,9.1,17.5,20,9.1,2,2,10.5,10.5
5421,Racecourse,70,Mong Kok,6,17.5,9.1,17.5,20,9.1,2,2,10.5,10.5
5422,Racecourse,70,Shek Kip Mei,7,17.1,9.2,17.1,19,9.2,2,2,10.5,10.5
5423,Racecourse,70,Kowloon Tong,8,15.1,7.6,15.1,16,7.6,2,2,8,8
5424,Racecourse,70,Lok Fu,9,17.1,9.2,17.1,19,9.2,2,2,10.5,10.5
5425,Racecourse,70,Wong Tai Sin,10,17.1,9.2,17.1,19,9.2,2,2,10.5,10.5
5426,Racecourse,70,Diamond Hill,11,18.3,9.2,18.3,20,9.2,2,2,10.5,10.5
5427,Racecourse,70,Choi Hung,12,18.3,9.2,18.3,20,9.2,2,2,10.5,10.5
5428,Racecourse,70,Kowloon Bay,13,19.5,9.9,19.5,21.5,9.9,2,2,12,12
5429,Racecourse,70,Ngau Tau Kok,14,19.5,9.9,19.5,21.5,9.9,2,2,12,12
5430,Racecourse,70,Kwun Tong,15,19.5,9.9,19.5,21.5,9.9,2,2,12,12
5431,Racecourse,70,Prince Edward,16,17.1,9.2,17.1,19,9.2,2,2,10.5,10.5
5432,Racecourse,70,Sham Shui Po,17,17.1,9.2,17.1,19,9.2,2,2,10.5,10.5
5433,Racecourse,70,Cheung Sha Wan,18,18.3,9.2,18.3,20,9.2,2,2,10.5,10.5
5434,Racecourse,70,Lai Chi Kok,19,18.3,9.2,18.3,20,9.2,2,2,10.5,10.5
5435,Racecourse,70,Mei Foo,20,19.5,9.9,19.5,21.5,9.9,2,2,12,12
5436,Racecourse,70,Lai King,21,19.5,9.9,19.5,21.5,9.9,2,2,12,12
5437,Racecourse,70,Kwai Fong,22,21.8,11,21.8,25.5,11,2,2,13.5,13.5
5438,Racecourse,70,Kwai Hing,23,21.8,11,21.8,25.5,11,2,2,13.5,13.5
5439,Racecourse,70,Tai Wo Hau,24,21.8,11,21.8,25.5,11,2,2,13.5,13.5
5440,Racecourse,70,Tsuen Wan,25,21.8,11,21.8,25.5,11,2,2,13.5,13.5
5441,Racecourse,70,Sheung Wan,26,25.7,13.4,25.7,28.5,13.4,2,2,15,15
5442,Racecourse,70,Wan Chai,27,25.7,13.4,25.7,28.5,13.4,2,2,15,15
5443,Racecourse,70,Causeway Bay,28,25.7,13.4,25.7,28.5,13.4,2,2,15,15
5444,Racecourse,70,Tin Hau,29,27.9,13.9,27.9,30.5,13.9,2,2,15.5,15.5
5445,Racecourse,70,Fortress Hill,30,27.9,13.9,27.9,30.5,13.9,2,2,15.5,15.5
5446,Racecourse,70,North Point,31,27.9,13.9,27.9,30.5,13.9,2,2,15.5,15.5
5447,Racecourse,70,Quarry Bay,32,27.9,13.9,27.9,30.5,13.9,2,2,15.5,15.5
5448,Racecourse,70,Tai Koo,33,27.9,13.9,27.9,30.5,13.9,2,2,15.5,15.5
5449,Racecourse,70,Sai Wan Ho,34,27.9,13.9,27.9,30.5,13.9,2,2,15.5,15.5
5450,Racecourse,70,Shau Kei Wan,35,27.9,13.9,27.9,30.5,13.9,2,2,15.5,15.5
5451,Racecourse,70,Heng Fa Chuen,36,27.9,13.9,27.9,30.5,13.9,2,2,15.5,15.5
5452,Racecourse,70,Chai Wan,37,27.9,13.9,27.9,30.5,13.9,2,2,15.5,15.5
5453,Racecourse,70,Lam Tin,38,21.8,11,21.8,25.5,11,2,2,13.5,13.5
5454,Racecourse,70,Hong Kong,39,25.7,13.4,25.7,28.5,13.4,2,2,15,15
5455,Racecourse,70,Kowloon,40,19.5,9.9,19.5,21.5,9.9,2,2,12,12
5456,Racecourse,70,Olympic,41,18.3,9.2,18.3,20,9.2,2,2,10.5,10.5
5457,Racecourse,70,Tsing Yi,42,21.8,11,21.8,25.5,11,2,2,13.5,13.5
5458,Racecourse,70,Tung Chung,43,31.4,16.6,31.4,35,16.6,2,2,18.5,18.5
5459,Racecourse,70,Yau Tong,48,21.8,11,21.8,25.5,11,2,2,13.5,13.5
5460,Racecourse,70,Tiu Keng Leng,49,21.8,11,21.8,25.5,11,2,2,13.5,13.5
5461,Racecourse,70,Tseung Kwan O,50,23.6,11.6,23.6,27,11.6,2,2,13.5,13.5
5462,Racecourse,70,Hang Hau,51,23.6,11.6,23.6,27,11.6,2,2,13.5,13.5
5463,Racecourse,70,Po Lam,52,23.6,11.6,23.6,27,11.6,2,2,13.5,13.5
5464,Racecourse,70,Nam Cheong,53,17.3,9.3,17.3,19,9.3,2,2,10.5,10.5
5465,Racecourse,70,Sunny Bay,54,28.9,15,28.9,31.5,15,2,2,16.5,16.5
5466,Racecourse,70,Disneyland Resort,55,34.6,18.4,34.6,37.5,18.4,2,2,19.5,19.5
5467,Racecourse,70,LOHAS Park,57,23.6,11.6,23.6,27,11.6,2,2,13.5,13.5
5468,Racecourse,70,Hung Hom,64,15.6,7.8,15.6,16,7.8,2,2,8,8
5469,Racecourse,70,Mong Kok East,65,15.1,7.6,15.1,16,7.6,2,2,8,8
5470,Racecourse,70,Tai Wai,67,8,3.9,8,8,3.9,2,2,4,4
5471,Racecourse,70,Sha Tin,68,8,3.9,8,8,3.9,2,2,4,4
5472,Racecourse,70,Fo Tan,69,7.7,3.8,7.7,8,3.8,2,2,4,4
5473,Racecourse,70,Racecourse,70,0,0,0,0,0,0,0,0,0
5474,Racecourse,70,University,71,7.7,3.8,7.7,8,3.8,2,2,4,4
5475,Racecourse,70,Tai Po Market,72,8.3,4,8.3,10,4,2,2,4,4
5476,Racecourse,70,Tai Wo,73,8.3,4,8.3,10,4,2,2,4,4
5477,Racecourse,70,Fanling,74,12.3,5.9,12.3,14,5.9,2,2,6,6
5478,Racecourse,70,Sheung Shui,75,12.3,5.9,12.3,14,5.9,2,2,6,6
5479,Racecourse,70,Lo Wu,76,28.2,28.2,28.2,30,14,14,14,15.5,15.5
5480,Racecourse,70,Lok Ma Chau,78,28.2,28.2,28.2,30,14,14,14,15.5,15.5
5481,Racecourse,70,East Tsim Sha Tsui,80,17.5,8.6,17.5,18.5,8.6,2,2,9.5,9.5
5482,Racecourse,70,Che Kung Temple,96,9.9,5.1,9.9,12,5.1,2,2,5.5,5.5
5483,Racecourse,70,Sha Tin Wai,97,9.9,5.1,9.9,12,5.1,2,2,5.5,5.5
5484,Racecourse,70,City One,98,9.9,5.1,9.9,12,5.1,2,2,5.5,5.5
5485,Racecourse,70,Shek Mun,99,9.9,5.1,9.9,12,5.1,2,2,5.5,5.5
5486,Racecourse,70,Tai Shui Hang,100,11.1,5.4,11.1,13,5.4,2,2,5.5,5.5
5487,Racecourse,70,Heng On,101,11.1,5.4,11.1,13,5.4,2,2,5.5,5.5
5488,Racecourse,70,Ma On Shan,102,11.1,5.4,11.1,13,5.4,2,2,5.5,5.5
5489,Racecourse,70,Wu Kai Sha,103,11.1,5.4,11.1,13,5.4,2,2,5.5,5.5
5490,Racecourse,70,Austin,111,19.6,10,19.6,21.5,10,2,2,12,12
5491,Racecourse,70,Tsuen Wan West,114,19.6,10.4,19.6,21.5,10.4,2,2,12,12
5492,Racecourse,70,Kam Sheung Road,115,27.7,15,27.7,30,15,2,2,16.5,16.5
5493,Racecourse,70,Yuen Long,116,28.7,15.9,28.7,31,15.9,2,2,17,17
5494,Racecourse,70,Long Ping,117,28.7,15.9,28.7,31,15.9,2,2,17,17
5495,Racecourse,70,Tin Shui Wai,118,28.7,15.9,28.7,31,15.9,2,2,17,17
5496,Racecourse,70,Siu Hong,119,28.7,15.9,28.7,31,15.9,2,2,17,17
5497,Racecourse,70,Tuen Mun,120,28.7,15.9,28.7,31,15.9,2,2,17,17
5498,Racecourse,70,Sai Ying Pun,81,25.7,13.4,25.7,28.5,13.4,2,2,15,15
5499,Racecourse,70,HKU,82,27.9,13.9,27.9,30.5,13.9,2,2,15.5,15.5
5500,Racecourse,70,Kennedy Town,83,27.9,13.9,27.9,30.5,13.9,2,2,15.5,15.5
5501,Racecourse,70,Ho Man Tin,84,17.5,9.1,17.5,21.5,9.1,2,2,10.5,10.5
5502,Racecourse,70,Whampoa,85,17.5,9.1,17.5,21.5,9.1,2,2,10.5,10.5
5503,Racecourse,70,Ocean Park,86,27.9,13.9,27.9,30.5,13.9,2,2,15.5,15.5
5504,Racecourse,70,Wong Chuk Hang,87,27.9,13.9,27.9,30.5,13.9,2,2,15.5,15.5
5505,Racecourse,70,Lei Tung,88,27.9,13.9,27.9,30.5,13.9,2,2,15.5,15.5
5506,Racecourse,70,South Horizons,89,27.9,13.9,27.9,30.5,13.9,2,2,15.5,15.5
5507,Racecourse,70,Hin Keng,90,9.9,5.1,9.9,12,5.1,2,2,5.5,5.5
5508,Racecourse,70,Kai Tak,91,18.3,9.2,18.3,20,9.2,2,2,10.5,10.5
5509,Racecourse,70,Sung Wong Toi,92,18.3,9.2,18.3,20,9.2,2,2,10.5,10.5
5510,Racecourse,70,To Kwa Wan,93,18.3,9.2,18.3,20,9.2,2,2,10.5,10.5
5511,University,71,Central,1,18.4,9.2,2,20,9.2,2,2,10.5,10.5
5512,University,71,Admiralty,2,18.4,9.2,2,20,9.2,2,2,10.5,10.5
5513,University,71,Tsim Sha Tsui,3,11,5.4,2,13,5.4,2,2,5.5,5.5
5514,University,71,Jordan,4,11,5.6,2,13.5,5.6,2,2,6,6
5515,University,71,Yau Ma Tei,5,10.8,5.4,2,13.5,5.4,2,2,5.5,5.5
5516,University,71,Mong Kok,6,10.8,5.4,2,13.5,5.4,2,2,5.5,5.5
5517,University,71,Shek Kip Mei,7,9.8,5.4,2,12,5.4,2,2,5.5,5.5
5518,University,71,Kowloon Tong,8,8,3.9,2,8.5,3.9,2,2,4,4
5519,University,71,Lok Fu,9,9.8,5.4,2,12,5.4,2,2,5.5,5.5
5520,University,71,Wong Tai Sin,10,9.8,5.4,2,12,5.4,2,2,5.5,5.5
5521,University,71,Diamond Hill,11,10.8,5.4,2,13.5,5.4,2,2,5.5,5.5
5522,University,71,Choi Hung,12,10.8,5.4,2,13.5,5.4,2,2,5.5,5.5
5523,University,71,Kowloon Bay,13,12.4,6.1,2,14,6.1,2,2,6.5,6.5
5524,University,71,Ngau Tau Kok,14,12.4,6.1,2,14,6.1,2,2,6.5,6.5
5525,University,71,Kwun Tong,15,12.4,6.1,2,14,6.1,2,2,6.5,6.5
5526,University,71,Prince Edward,16,9.8,5.4,2,12,5.4,2,2,5.5,5.5
5527,University,71,Sham Shui Po,17,9.8,5.4,2,12,5.4,2,2,5.5,5.5
5528,University,71,Cheung Sha Wan,18,10.8,5.4,2,13.5,5.4,2,2,5.5,5.5
5529,University,71,Lai Chi Kok,19,10.8,5.4,2,13.5,5.4,2,2,5.5,5.5
5530,University,71,Mei Foo,20,12.4,6.1,2,14,6.1,2,2,6.5,6.5
5531,University,71,Lai King,21,12.4,6.1,2,14,6.1,2,2,6.5,6.5
5532,University,71,Kwai Fong,22,13.3,6.5,2,15.5,6.5,2,2,6.5,6.5
5533,University,71,Kwai Hing,23,13.3,6.5,2,15.5,6.5,2,2,6.5,6.5
5534,University,71,Tai Wo Hau,24,13.3,6.5,2,15.5,6.5,2,2,6.5,6.5
5535,University,71,Tsuen Wan,25,13.3,6.5,2,15.5,6.5,2,2,6.5,6.5
5536,University,71,Sheung Wan,26,18.4,9.2,2,20,9.2,2,2,10.5,10.5
5537,University,71,Wan Chai,27,18.4,9.2,2,20,9.2,2,2,10.5,10.5
5538,University,71,Causeway Bay,28,18.4,9.2,2,20,9.2,2,2,10.5,10.5
5539,University,71,Tin Hau,29,20.9,10,2,22.5,10,2,2,12,12
5540,University,71,Fortress Hill,30,20.9,10,2,22.5,10,2,2,12,12
5541,University,71,North Point,31,20.9,10,2,22.5,10,2,2,12,12
5542,University,71,Quarry Bay,32,20.9,10,2,22.5,10,2,2,12,12
5543,University,71,Tai Koo,33,20.9,10,2,22.5,10,2,2,12,12
5544,University,71,Sai Wan Ho,34,20.9,10,2,22.5,10,2,2,12,12
5545,University,71,Shau Kei Wan,35,20.9,10,2,22.5,10,2,2,12,12
5546,University,71,Heng Fa Chuen,36,20.9,10,2,22.5,10,2,2,12,12
5547,University,71,Chai Wan,37,20.9,10,2,22.5,10,2,2,12,12
5548,University,71,Lam Tin,38,13.3,6.5,2,15.5,6.5,2,2,6.5,6.5
5549,University,71,Hong Kong,39,18.4,9.2,2,20,9.2,2,2,10.5,10.5
5550,University,71,Kowloon,40,12.4,6.1,2,14,6.1,2,2,6.5,6.5
5551,University,71,Olympic,41,10.8,5.4,2,13.5,5.4,2,2,5.5,5.5
5552,University,71,Tsing Yi,42,13.3,6.5,2,15.5,6.5,2,2,6.5,6.5
5553,University,71,Tung Chung,43,25.4,13.2,2,28.5,13.2,2,2,15,15
5554,University,71,Yau Tong,48,13.3,6.5,2,15.5,6.5,2,2,6.5,6.5
5555,University,71,Tiu Keng Leng,49,13.3,6.5,2,15.5,6.5,2,2,6.5,6.5
5556,University,71,Tseung Kwan O,50,15.2,7.1,2,17,7.1,2,2,7.5,7.5
5557,University,71,Hang Hau,51,15.2,7.1,2,17,7.1,2,2,7.5,7.5
5558,University,71,Po Lam,52,15.2,7.1,2,17,7.1,2,2,7.5,7.5
5559,University,71,Nam Cheong,53,10,5.6,2,12,5.6,2,2,6,6
5560,University,71,Sunny Bay,54,22.5,11.6,2,26,11.6,2,2,13.5,13.5
5561,University,71,Disneyland Resort,55,29,14.9,2,31.5,14.9,2,2,16.5,16.5
5562,University,71,LOHAS Park,57,15.2,7.1,2,17,7.1,2,2,7.5,7.5
5563,University,71,Hung Hom,64,8.2,4,2,8.5,4,2,2,4,4
5564,University,71,Mong Kok East,65,8.2,4,2,8.5,4,2,2,4,4
5565,University,71,Tai Wai,67,4.6,2.2,2,5,2.2,2,2,2.5,2.5
5566,University,71,Sha Tin,68,4.6,2.2,2,5,2.2,2,2,2.5,2.5
5567,University,71,Fo Tan,69,4,1.4,2,4,1.4,1.4,1.4,1.5,1.5
5568,University,71,Racecourse,70,7.7,3.8,7.7,8,3.8,2,2,4,4
5569,University,71,University,71,0,0,0,0,0,0,0,0,0
5570,University,71,Tai Po Market,72,4.6,2.2,2,5,2.2,2,2,2.5,2.5
5571,University,71,Tai Wo,73,4.6,2.2,2,5,2.2,2,2,2.5,2.5
5572,University,71,Fanling,74,6.5,3.2,2,6.5,3.2,2,2,3.5,3.5
5573,University,71,Sheung Shui,75,6.5,3.2,2,6.5,3.2,2,2,3.5,3.5
5574,University,71,Lo Wu,76,30.2,30.2,30.2,31,15.2,15.2,15.2,16.5,16.5
5575,University,71,Lok Ma Chau,78,30.2,30.2,30.2,31,15.2,15.2,15.2,16.5,16.5
5576,University,71,East Tsim Sha Tsui,80,11,5.4,2,13,5.4,2,2,5.5,5.5
5577,University,71,Che Kung Temple,96,5.9,2.8,2,6,2.8,2,2,3,3
5578,University,71,Sha Tin Wai,97,5.9,2.8,2,6,2.8,2,2,3,3
5579,University,71,City One,98,5.9,2.8,2,6,2.8,2,2,3,3
5580,University,71,Shek Mun,99,5.9,2.8,2,6,2.8,2,2,3,3
5581,University,71,Tai Shui Hang,100,7.7,3.8,2,8,3.8,2,2,4,4
5582,University,71,Heng On,101,7.7,3.8,2,8,3.8,2,2,4,4
5583,University,71,Ma On Shan,102,7.7,3.8,2,8,3.8,2,2,4,4
5584,University,71,Wu Kai Sha,103,7.7,3.8,2,8,3.8,2,2,4,4
5585,University,71,Austin,111,12.5,6.2,2,14,6.2,2,2,6.5,6.5
5586,University,71,Tsuen Wan West,114,12.5,6.5,2,14,6.5,2,2,6.5,6.5
5587,University,71,Kam Sheung Road,115,21.4,11.6,2,22,11.6,2,2,13.5,13.5
5588,University,71,Yuen Long,116,22.5,12.1,2,24.5,12.1,2,2,14,14
5589,University,71,Long Ping,117,22.5,12.1,2,24.5,12.1,2,2,14,14
5590,University,71,Tin Shui Wai,118,22.5,12.1,2,24.5,12.1,2,2,14,14
5591,University,71,Siu Hong,119,22.5,12.1,2,24.5,12.1,2,2,14,14
5592,University,71,Tuen Mun,120,22.5,12.1,2,24.5,12.1,2,2,14,14
5593,University,71,Sai Ying Pun,81,18.4,9.2,2,20,9.2,2,2,10.5,10.5
5594,University,71,HKU,82,20.9,10,2,22.5,10,2,2,12,12
5595,University,71,Kennedy Town,83,20.9,10,2,22.5,10,2,2,12,12
5596,University,71,Ho Man Tin,84,11,5.6,2,13.5,5.6,2,2,6,6
5597,University,71,Whampoa,85,11,5.6,2,13.5,5.6,2,2,6,6
5598,University,71,Ocean Park,86,20.9,10,2,22.5,10,2,2,12,12
5599,University,71,Wong Chuk Hang,87,20.9,10,2,22.5,10,2,2,12,12
5600,University,71,Lei Tung,88,20.9,10,2,22.5,10,2,2,12,12
5601,University,71,South Horizons,89,20.9,10,2,22.5,10,2,2,12,12
5602,University,71,Hin Keng,90,5.9,2.8,2,6,2.8,2,2,3,3
5603,University,71,Kai Tak,91,10.8,5.4,2,13.5,5.4,2,2,5.5,5.5
5604,University,71,Sung Wong Toi,92,11,5.6,2,13.5,5.6,2,2,6,6
5605,University,71,To Kwa Wan,93,11,5.6,2,13.5,5.6,2,2,6,6
5606,Tai Po Market,72,Central,1,19.9,10.1,2,22,10.1,2,2,12,12
5607,Tai Po Market,72,Admiralty,2,19.9,10.1,2,22,10.1,2,2,12,12
5608,Tai Po Market,72,Tsim Sha Tsui,3,13.4,6.5,2,15.5,6.5,2,2,6.5,6.5
5609,Tai Po Market,72,Jordan,4,13.4,6.9,2,15.5,6.9,2,2,7,7
5610,Tai Po Market,72,Yau Ma Tei,5,12.8,6.4,2,14.5,6.4,2,2,6.5,6.5
5611,Tai Po Market,72,Mong Kok,6,12.8,6.4,2,14.5,6.4,2,2,6.5,6.5
5612,Tai Po Market,72,Shek Kip Mei,7,11.7,6.4,2,13.5,6.4,2,2,6.5,6.5
5613,Tai Po Market,72,Kowloon Tong,8,9.9,5,2,12,5,2,2,5,5
5614,Tai Po Market,72,Lok Fu,9,11.7,6.4,2,13.5,6.4,2,2,6.5,6.5
5615,Tai Po Market,72,Wong Tai Sin,10,11.7,6.4,2,13.5,6.4,2,2,6.5,6.5
5616,Tai Po Market,72,Diamond Hill,11,12.8,6.4,2,14.5,6.4,2,2,6.5,6.5
5617,Tai Po Market,72,Choi Hung,12,12.8,6.4,2,14.5,6.4,2,2,6.5,6.5
5618,Tai Po Market,72,Kowloon Bay,13,13.4,6.9,2,15.5,6.9,2,2,7,7
5619,Tai Po Market,72,Ngau Tau Kok,14,13.4,6.9,2,15.5,6.9,2,2,7,7
5620,Tai Po Market,72,Kwun Tong,15,13.4,6.9,2,15.5,6.9,2,2,7,7
5621,Tai Po Market,72,Prince Edward,16,11.7,6.4,2,13.5,6.4,2,2,6.5,6.5
5622,Tai Po Market,72,Sham Shui Po,17,11.7,6.4,2,13.5,6.4,2,2,6.5,6.5
5623,Tai Po Market,72,Cheung Sha Wan,18,12.8,6.4,2,14.5,6.4,2,2,6.5,6.5
5624,Tai Po Market,72,Lai Chi Kok,19,12.8,6.4,2,14.5,6.4,2,2,6.5,6.5
5625,Tai Po Market,72,Mei Foo,20,13.4,6.9,2,15.5,6.9,2,2,7,7
5626,Tai Po Market,72,Lai King,21,13.4,6.9,2,15.5,6.9,2,2,7,7
5627,Tai Po Market,72,Kwai Fong,22,15,7.5,2,17,7.5,2,2,7.5,7.5
5628,Tai Po Market,72,Kwai Hing,23,15,7.5,2,17,7.5,2,2,7.5,7.5
5629,Tai Po Market,72,Tai Wo Hau,24,15,7.5,2,17,7.5,2,2,7.5,7.5
5630,Tai Po Market,72,Tsuen Wan,25,15,7.5,2,17,7.5,2,2,7.5,7.5
5631,Tai Po Market,72,Sheung Wan,26,19.9,10.1,2,22,10.1,2,2,12,12
5632,Tai Po Market,72,Wan Chai,27,19.9,10.1,2,22,10.1,2,2,12,12
5633,Tai Po Market,72,Causeway Bay,28,19.9,10.1,2,22,10.1,2,2,12,12
5634,Tai Po Market,72,Tin Hau,29,23,11.6,2,26.5,11.6,2,2,13.5,13.5
5635,Tai Po Market,72,Fortress Hill,30,23,11.6,2,26.5,11.6,2,2,13.5,13.5
5636,Tai Po Market,72,North Point,31,23,11.6,2,26.5,11.6,2,2,13.5,13.5
5637,Tai Po Market,72,Quarry Bay,32,23,11.6,2,26.5,11.6,2,2,13.5,13.5
5638,Tai Po Market,72,Tai Koo,33,23,11.6,2,26.5,11.6,2,2,13.5,13.5
5639,Tai Po Market,72,Sai Wan Ho,34,23,11.6,2,26.5,11.6,2,2,13.5,13.5
5640,Tai Po Market,72,Shau Kei Wan,35,23,11.6,2,26.5,11.6,2,2,13.5,13.5
5641,Tai Po Market,72,Heng Fa Chuen,36,23,11.6,2,26.5,11.6,2,2,13.5,13.5
5642,Tai Po Market,72,Chai Wan,37,23,11.6,2,26.5,11.6,2,2,13.5,13.5
5643,Tai Po Market,72,Lam Tin,38,15,7.5,2,17,7.5,2,2,7.5,7.5
5644,Tai Po Market,72,Hong Kong,39,19.9,10.1,2,22,10.1,2,2,12,12
5645,Tai Po Market,72,Kowloon,40,13.4,6.9,2,15.5,6.9,2,2,7,7
5646,Tai Po Market,72,Olympic,41,12.8,6.4,2,14.5,6.4,2,2,6.5,6.5
5647,Tai Po Market,72,Tsing Yi,42,15,7.5,2,17,7.5,2,2,7.5,7.5
5648,Tai Po Market,72,Tung Chung,43,27.2,13.8,2,30,13.8,2,2,15.5,15.5
5649,Tai Po Market,72,Yau Tong,48,15,7.5,2,17,7.5,2,2,7.5,7.5
5650,Tai Po Market,72,Tiu Keng Leng,49,15,7.5,2,17,7.5,2,2,7.5,7.5
5651,Tai Po Market,72,Tseung Kwan O,50,17.6,8.1,2,19.5,8.1,2,2,9.5,9.5
5652,Tai Po Market,72,Hang Hau,51,17.6,8.1,2,19.5,8.1,2,2,9.5,9.5
5653,Tai Po Market,72,Po Lam,52,17.6,8.1,2,19.5,8.1,2,2,9.5,9.5
5654,Tai Po Market,72,Nam Cheong,53,11.8,6.5,2,13.5,6.5,2,2,6.5,6.5
5655,Tai Po Market,72,Sunny Bay,54,24,12.5,2,27.5,12.5,2,2,15,15
5656,Tai Po Market,72,Disneyland Resort,55,30.2,16.2,2,32.5,16.2,2,2,17.5,17.5
5657,Tai Po Market,72,LOHAS Park,57,17.6,8.1,2,19.5,8.1,2,2,9.5,9.5
5658,Tai Po Market,72,Hung Hom,64,10,5.2,2,12,5.2,2,2,5.5,5.5
5659,Tai Po Market,72,Mong Kok East,65,10,5.2,2,12,5.2,2,2,5.5,5.5
5660,Tai Po Market,72,Tai Wai,67,6.5,3.3,2,6.5,3.3,2,2,3.5,3.5
5661,Tai Po Market,72,Sha Tin,68,6.5,3.3,2,6.5,3.3,2,2,3.5,3.5
5662,Tai Po Market,72,Fo Tan,69,6.5,3.3,2,6.5,3.3,2,2,3.5,3.5
5663,Tai Po Market,72,Racecourse,70,8.3,4,8.3,10,4,2,2,4,4
5664,Tai Po Market,72,University,71,4.6,2.2,2,5,2.2,2,2,2.5,2.5
5665,Tai Po Market,72,Tai Po Market,72,0,0,0,0,0,0,0,0,0
5666,Tai Po Market,72,Tai Wo,73,4,1.4,2,4,1.4,1.4,1.4,1.5,1.5
5667,Tai Po Market,72,Fanling,74,4.6,2.2,2,5,2.2,2,2,2.5,2.5
5668,Tai Po Market,72,Sheung Shui,75,4.6,2.2,2,5,2.2,2,2,2.5,2.5
5669,Tai Po Market,72,Lo Wu,76,28.8,28.8,28.8,30,14.3,14.3,14.3,15.5,15.5
5670,Tai Po Market,72,Lok Ma Chau,78,28.8,28.8,28.8,30,14.3,14.3,14.3,15.5,15.5
5671,Tai Po Market,72,East Tsim Sha Tsui,80,13.4,6.5,2,15.5,6.5,2,2,6.5,6.5
5672,Tai Po Market,72,Che Kung Temple,96,7.7,3.8,2,8,3.8,2,2,4,4
5673,Tai Po Market,72,Sha Tin Wai,97,7.7,3.8,2,8,3.8,2,2,4,4
5674,Tai Po Market,72,City One,98,7.7,3.8,2,8,3.8,2,2,4,4
5675,Tai Po Market,72,Shek Mun,99,7.7,3.8,2,8,3.8,2,2,4,4
5676,Tai Po Market,72,Tai Shui Hang,100,7.7,3.8,2,8,3.8,2,2,4,4
5677,Tai Po Market,72,Heng On,101,7.7,3.8,2,8,3.8,2,2,4,4
5678,Tai Po Market,72,Ma On Shan,102,7.7,3.8,2,8,3.8,2,2,4,4
5679,Tai Po Market,72,Wu Kai Sha,103,7.7,3.8,2,8,3.8,2,2,4,4
5680,Tai Po Market,72,Austin,111,13.5,7.1,2,15.5,7.1,2,2,7.5,7.5
5681,Tai Po Market,72,Tsuen Wan West,114,13.5,7.2,2,15.5,7.2,2,2,7.5,7.5
5682,Tai Po Market,72,Kam Sheung Road,115,22.6,12.4,2,25.5,12.4,2,2,14,14
5683,Tai Po Market,72,Yuen Long,116,23.7,12.9,2,26.5,12.9,2,2,15,15
5684,Tai Po Market,72,Long Ping,117,23.7,12.9,2,26.5,12.9,2,2,15,15
5685,Tai Po Market,72,Tin Shui Wai,118,23.7,12.9,2,26.5,12.9,2,2,15,15
5686,Tai Po Market,72,Siu Hong,119,23.7,12.9,2,26.5,12.9,2,2,15,15
5687,Tai Po Market,72,Tuen Mun,120,23.7,12.9,2,26.5,12.9,2,2,15,15
5688,Tai Po Market,72,Sai Ying Pun,81,19.9,10.1,2,22,10.1,2,2,12,12
5689,Tai Po Market,72,HKU,82,23,11.6,2,26.5,11.6,2,2,13.5,13.5
5690,Tai Po Market,72,Kennedy Town,83,23,11.6,2,26.5,11.6,2,2,13.5,13.5
5691,Tai Po Market,72,Ho Man Tin,84,13.4,6.9,2,15.5,6.9,2,2,7,7
5692,Tai Po Market,72,Whampoa,85,13.4,6.9,2,15.5,6.9,2,2,7,7
5693,Tai Po Market,72,Ocean Park,86,23,11.6,2,26.5,11.6,2,2,13.5,13.5
5694,Tai Po Market,72,Wong Chuk Hang,87,23,11.6,2,26.5,11.6,2,2,13.5,13.5
5695,Tai Po Market,72,Lei Tung,88,23,11.6,2,26.5,11.6,2,2,13.5,13.5
5696,Tai Po Market,72,South Horizons,89,23,11.6,2,26.5,11.6,2,2,13.5,13.5
5697,Tai Po Market,72,Hin Keng,90,7.7,3.8,2,8,3.8,2,2,4,4
5698,Tai Po Market,72,Kai Tak,91,12.8,6.4,2,14.5,6.4,2,2,6.5,6.5
5699,Tai Po Market,72,Sung Wong Toi,92,13.4,6.9,2,15.5,6.9,2,2,7,7
5700,Tai Po Market,72,To Kwa Wan,93,13.4,6.9,2,15.5,6.9,2,2,7,7
5701,Tai Wo,73,Central,1,19.9,10.1,2,22,10.1,2,2,12,12
5702,Tai Wo,73,Admiralty,2,19.9,10.1,2,22,10.1,2,2,12,12
5703,Tai Wo,73,Tsim Sha Tsui,3,13.4,6.5,2,15.5,6.5,2,2,6.5,6.5
5704,Tai Wo,73,Jordan,4,13.4,6.9,2,15.5,6.9,2,2,7,7
5705,Tai Wo,73,Yau Ma Tei,5,12.8,6.4,2,14.5,6.4,2,2,6.5,6.5
5706,Tai Wo,73,Mong Kok,6,12.8,6.4,2,14.5,6.4,2,2,6.5,6.5
5707,Tai Wo,73,Shek Kip Mei,7,11.7,6.4,2,13.5,6.4,2,2,6.5,6.5
5708,Tai Wo,73,Kowloon Tong,8,9.9,5,2,12,5,2,2,5,5
5709,Tai Wo,73,Lok Fu,9,11.7,6.4,2,13.5,6.4,2,2,6.5,6.5
5710,Tai Wo,73,Wong Tai Sin,10,11.7,6.4,2,13.5,6.4,2,2,6.5,6.5
5711,Tai Wo,73,Diamond Hill,11,12.8,6.4,2,14.5,6.4,2,2,6.5,6.5
5712,Tai Wo,73,Choi Hung,12,12.8,6.4,2,14.5,6.4,2,2,6.5,6.5
5713,Tai Wo,73,Kowloon Bay,13,13.4,6.9,2,15.5,6.9,2,2,7,7
5714,Tai Wo,73,Ngau Tau Kok,14,13.4,6.9,2,15.5,6.9,2,2,7,7
5715,Tai Wo,73,Kwun Tong,15,13.4,6.9,2,15.5,6.9,2,2,7,7
5716,Tai Wo,73,Prince Edward,16,11.7,6.4,2,13.5,6.4,2,2,6.5,6.5
5717,Tai Wo,73,Sham Shui Po,17,11.7,6.4,2,13.5,6.4,2,2,6.5,6.5
5718,Tai Wo,73,Cheung Sha Wan,18,12.8,6.4,2,14.5,6.4,2,2,6.5,6.5
5719,Tai Wo,73,Lai Chi Kok,19,12.8,6.4,2,14.5,6.4,2,2,6.5,6.5
5720,Tai Wo,73,Mei Foo,20,13.4,6.9,2,15.5,6.9,2,2,7,7
5721,Tai Wo,73,Lai King,21,13.4,6.9,2,15.5,6.9,2,2,7,7
5722,Tai Wo,73,Kwai Fong,22,15,7.5,2,17,7.5,2,2,7.5,7.5
5723,Tai Wo,73,Kwai Hing,23,15,7.5,2,17,7.5,2,2,7.5,7.5
5724,Tai Wo,73,Tai Wo Hau,24,15,7.5,2,17,7.5,2,2,7.5,7.5
5725,Tai Wo,73,Tsuen Wan,25,15,7.5,2,17,7.5,2,2,7.5,7.5
5726,Tai Wo,73,Sheung Wan,26,19.9,10.1,2,22,10.1,2,2,12,12
5727,Tai Wo,73,Wan Chai,27,19.9,10.1,2,22,10.1,2,2,12,12
5728,Tai Wo,73,Causeway Bay,28,19.9,10.1,2,22,10.1,2,2,12,12
5729,Tai Wo,73,Tin Hau,29,23,11.6,2,26.5,11.6,2,2,13.5,13.5
5730,Tai Wo,73,Fortress Hill,30,23,11.6,2,26.5,11.6,2,2,13.5,13.5
5731,Tai Wo,73,North Point,31,23,11.6,2,26.5,11.6,2,2,13.5,13.5
5732,Tai Wo,73,Quarry Bay,32,23,11.6,2,26.5,11.6,2,2,13.5,13.5
5733,Tai Wo,73,Tai Koo,33,23,11.6,2,26.5,11.6,2,2,13.5,13.5
5734,Tai Wo,73,Sai Wan Ho,34,23,11.6,2,26.5,11.6,2,2,13.5,13.5
5735,Tai Wo,73,Shau Kei Wan,35,23,11.6,2,26.5,11.6,2,2,13.5,13.5
5736,Tai Wo,73,Heng Fa Chuen,36,23,11.6,2,26.5,11.6,2,2,13.5,13.5
5737,Tai Wo,73,Chai Wan,37,23,11.6,2,26.5,11.6,2,2,13.5,13.5
5738,Tai Wo,73,Lam Tin,38,15,7.5,2,17,7.5,2,2,7.5,7.5
5739,Tai Wo,73,Hong Kong,39,19.9,10.1,2,22,10.1,2,2,12,12
5740,Tai Wo,73,Kowloon,40,13.4,6.9,2,15.5,6.9,2,2,7,7
5741,Tai Wo,73,Olympic,41,12.8,6.4,2,14.5,6.4,2,2,6.5,6.5
5742,Tai Wo,73,Tsing Yi,42,15,7.5,2,17,7.5,2,2,7.5,7.5
5743,Tai Wo,73,Tung Chung,43,27.2,13.8,2,30,13.8,2,2,15.5,15.5
5744,Tai Wo,73,Yau Tong,48,15,7.5,2,17,7.5,2,2,7.5,7.5
5745,Tai Wo,73,Tiu Keng Leng,49,15,7.5,2,17,7.5,2,2,7.5,7.5
5746,Tai Wo,73,Tseung Kwan O,50,17.6,8.1,2,19.5,8.1,2,2,9.5,9.5
5747,Tai Wo,73,Hang Hau,51,17.6,8.1,2,19.5,8.1,2,2,9.5,9.5
5748,Tai Wo,73,Po Lam,52,17.6,8.1,2,19.5,8.1,2,2,9.5,9.5
5749,Tai Wo,73,Nam Cheong,53,11.8,6.5,2,13.5,6.5,2,2,6.5,6.5
5750,Tai Wo,73,Sunny Bay,54,24,12.5,2,27.5,12.5,2,2,15,15
5751,Tai Wo,73,Disneyland Resort,55,30.2,16.2,2,32.5,16.2,2,2,17.5,17.5
5752,Tai Wo,73,LOHAS Park,57,17.6,8.1,2,19.5,8.1,2,2,9.5,9.5
5753,Tai Wo,73,Hung Hom,64,10,5.2,2,12,5.2,2,2,5.5,5.5
5754,Tai Wo,73,Mong Kok East,65,10,5.2,2,12,5.2,2,2,5.5,5.5
5755,Tai Wo,73,Tai Wai,67,6.5,3.3,2,6.5,3.3,2,2,3.5,3.5
5756,Tai Wo,73,Sha Tin,68,6.5,3.3,2,6.5,3.3,2,2,3.5,3.5
5757,Tai Wo,73,Fo Tan,69,6.5,3.3,2,6.5,3.3,2,2,3.5,3.5
5758,Tai Wo,73,Racecourse,70,8.3,4,8.3,10,4,2,2,4,4
5759,Tai Wo,73,University,71,4.6,2.2,2,5,2.2,2,2,2.5,2.5
5760,Tai Wo,73,Tai Po Market,72,4,1.4,2,4,1.4,1.4,1.4,1.5,1.5
5761,Tai Wo,73,Tai Wo,73,0,0,0,0,0,0,0,0,0
5762,Tai Wo,73,Fanling,74,4.6,2.2,2,5,2.2,2,2,2.5,2.5
5763,Tai Wo,73,Sheung Shui,75,4.6,2.2,2,5,2.2,2,2,2.5,2.5
5764,Tai Wo,73,Lo Wu,76,28.8,28.8,28.8,30,14.3,14.3,14.3,15.5,15.5
5765,Tai Wo,73,Lok Ma Chau,78,28.8,28.8,28.8,30,14.3,14.3,14.3,15.5,15.5
5766,Tai Wo,73,East Tsim Sha Tsui,80,13.4,6.5,2,15.5,6.5,2,2,6.5,6.5
5767,Tai Wo,73,Che Kung Temple,96,7.7,3.8,2,8,3.8,2,2,4,4
5768,Tai Wo,73,Sha Tin Wai,97,7.7,3.8,2,8,3.8,2,2,4,4
5769,Tai Wo,73,City One,98,7.7,3.8,2,8,3.8,2,2,4,4
5770,Tai Wo,73,Shek Mun,99,7.7,3.8,2,8,3.8,2,2,4,4
5771,Tai Wo,73,Tai Shui Hang,100,7.7,3.8,2,8,3.8,2,2,4,4
5772,Tai Wo,73,Heng On,101,7.7,3.8,2,8,3.8,2,2,4,4
5773,Tai Wo,73,Ma On Shan,102,7.7,3.8,2,8,3.8,2,2,4,4
5774,Tai Wo,73,Wu Kai Sha,103,7.7,3.8,2,8,3.8,2,2,4,4
5775,Tai Wo,73,Austin,111,13.5,7.1,2,15.5,7.1,2,2,7.5,7.5
5776,Tai Wo,73,Tsuen Wan West,114,13.5,7.2,2,15.5,7.2,2,2,7.5,7.5
5777,Tai Wo,73,Kam Sheung Road,115,22.6,12.4,2,25.5,12.4,2,2,14,14
5778,Tai Wo,73,Yuen Long,116,23.7,12.9,2,26.5,12.9,2,2,15,15
5779,Tai Wo,73,Long Ping,117,23.7,12.9,2,26.5,12.9,2,2,15,15
5780,Tai Wo,73,Tin Shui Wai,118,23.7,12.9,2,26.5,12.9,2,2,15,15
5781,Tai Wo,73,Siu Hong,119,23.7,12.9,2,26.5,12.9,2,2,15,15
5782,Tai Wo,73,Tuen Mun,120,23.7,12.9,2,26.5,12.9,2,2,15,15
5783,Tai Wo,73,Sai Ying Pun,81,19.9,10.1,2,22,10.1,2,2,12,12
5784,Tai Wo,73,HKU,82,23,11.6,2,26.5,11.6,2,2,13.5,13.5
5785,Tai Wo,73,Kennedy Town,83,23,11.6,2,26.5,11.6,2,2,13.5,13.5
5786,Tai Wo,73,Ho Man Tin,84,13.4,6.9,2,15.5,6.9,2,2,7,7
5787,Tai Wo,73,Whampoa,85,13.4,6.9,2,15.5,6.9,2,2,7,7
5788,Tai Wo,73,Ocean Park,86,23,11.6,2,26.5,11.6,2,2,13.5,13.5
5789,Tai Wo,73,Wong Chuk Hang,87,23,11.6,2,26.5,11.6,2,2,13.5,13.5
5790,Tai Wo,73,Lei Tung,88,23,11.6,2,26.5,11.6,2,2,13.5,13.5
5791,Tai Wo,73,South Horizons,89,23,11.6,2,26.5,11.6,2,2,13.5,13.5
5792,Tai Wo,73,Hin Keng,90,7.7,3.8,2,8,3.8,2,2,4,4
5793,Tai Wo,73,Kai Tak,91,12.8,6.4,2,14.5,6.4,2,2,6.5,6.5
5794,Tai Wo,73,Sung Wong Toi,92,13.4,6.9,2,15.5,6.9,2,2,7,7
5795,Tai Wo,73,To Kwa Wan,93,13.4,6.9,2,15.5,6.9,2,2,7,7
5796,Fanling,74,Central,1,22.2,11.6,2,25.5,11.6,2,2,13.5,13.5
5797,Fanling,74,Admiralty,2,22.2,11.6,2,25.5,11.6,2,2,13.5,13.5
5798,Fanling,74,Tsim Sha Tsui,3,14.9,7.3,2,16,7.3,2,2,7.5,7.5
5799,Fanling,74,Jordan,4,14.9,7.3,2,16,7.3,2,2,7.5,7.5
5800,Fanling,74,Yau Ma Tei,5,13.6,7.1,2,15.5,7.1,2,2,7.5,7.5
5801,Fanling,74,Mong Kok,6,13.6,7.1,2,15.5,7.1,2,2,7.5,7.5
5802,Fanling,74,Shek Kip Mei,7,12.6,7.1,2,15,7.1,2,2,7.5,7.5
5803,Fanling,74,Kowloon Tong,8,11.1,5.5,2,13,5.5,2,2,5.5,5.5
5804,Fanling,74,Lok Fu,9,12.6,7.1,2,15,7.1,2,2,7.5,7.5
5805,Fanling,74,Wong Tai Sin,10,12.6,7.1,2,15,7.1,2,2,7.5,7.5
5806,Fanling,74,Diamond Hill,11,13.6,7.1,2,15.5,7.1,2,2,7.5,7.5
5807,Fanling,74,Choi Hung,12,13.6,7.1,2,15.5,7.1,2,2,7.5,7.5
5808,Fanling,74,Kowloon Bay,13,15,7.6,2,16.5,7.6,2,2,8,8
5809,Fanling,74,Ngau Tau Kok,14,15,7.6,2,16.5,7.6,2,2,8,8
5810,Fanling,74,Kwun Tong,15,15,7.6,2,16.5,7.6,2,2,8,8
5811,Fanling,74,Prince Edward,16,12.6,7.1,2,15,7.1,2,2,7.5,7.5
5812,Fanling,74,Sham Shui Po,17,12.6,7.1,2,15,7.1,2,2,7.5,7.5
5813,Fanling,74,Cheung Sha Wan,18,13.6,7.1,2,15.5,7.1,2,2,7.5,7.5
5814,Fanling,74,Lai Chi Kok,19,13.6,7.1,2,15.5,7.1,2,2,7.5,7.5
5815,Fanling,74,Mei Foo,20,15,7.6,2,16.5,7.6,2,2,8,8
5816,Fanling,74,Lai King,21,15,7.6,2,16.5,7.6,2,2,8,8
5817,Fanling,74,Kwai Fong,22,17.4,8.7,2,19.5,8.7,2,2,10,10
5818,Fanling,74,Kwai Hing,23,17.4,8.7,2,19.5,8.7,2,2,10,10
5819,Fanling,74,Tai Wo Hau,24,17.4,8.7,2,19.5,8.7,2,2,10,10
5820,Fanling,74,Tsuen Wan,25,17.4,8.7,2,19.5,8.7,2,2,10,10
5821,Fanling,74,Sheung Wan,26,22.2,11.6,2,25.5,11.6,2,2,13.5,13.5
5822,Fanling,74,Wan Chai,27,22.2,11.6,2,25.5,11.6,2,2,13.5,13.5
5823,Fanling,74,Causeway Bay,28,22.2,11.6,2,25.5,11.6,2,2,13.5,13.5
5824,Fanling,74,Tin Hau,29,24.5,12.4,2,27.5,12.4,2,2,14,14
5825,Fanling,74,Fortress Hill,30,24.5,12.4,2,27.5,12.4,2,2,14,14
5826,Fanling,74,North Point,31,24.5,12.4,2,27.5,12.4,2,2,14,14
5827,Fanling,74,Quarry Bay,32,24.5,12.4,2,27.5,12.4,2,2,14,14
5828,Fanling,74,Tai Koo,33,24.5,12.4,2,27.5,12.4,2,2,14,14
5829,Fanling,74,Sai Wan Ho,34,24.5,12.4,2,27.5,12.4,2,2,14,14
5830,Fanling,74,Shau Kei Wan,35,24.5,12.4,2,27.5,12.4,2,2,14,14
5831,Fanling,74,Heng Fa Chuen,36,24.5,12.4,2,27.5,12.4,2,2,14,14
5832,Fanling,74,Chai Wan,37,24.5,12.4,2,27.5,12.4,2,2,14,14
5833,Fanling,74,Lam Tin,38,17.4,8.7,2,19.5,8.7,2,2,10,10
5834,Fanling,74,Hong Kong,39,22.2,11.6,2,25.5,11.6,2,2,13.5,13.5
5835,Fanling,74,Kowloon,40,15,7.6,2,16,7.6,2,2,8,8
5836,Fanling,74,Olympic,41,13.6,7.1,2,15.5,7.1,2,2,7.5,7.5
5837,Fanling,74,Tsing Yi,42,17.4,8.7,2,19.5,8.7,2,2,10,10
5838,Fanling,74,Tung Chung,43,28.3,14.8,2,31,14.8,2,2,16,16
5839,Fanling,74,Yau Tong,48,17.4,8.7,2,19.5,8.7,2,2,10,10
5840,Fanling,74,Tiu Keng Leng,49,17.4,8.7,2,19.5,8.7,2,2,10,10
5841,Fanling,74,Tseung Kwan O,50,19.3,9.2,2,21.5,9.2,2,2,10,10
5842,Fanling,74,Hang Hau,51,19.3,9.2,2,21.5,9.2,2,2,10,10
5843,Fanling,74,Po Lam,52,19.3,9.2,2,21.5,9.2,2,2,10,10
5844,Fanling,74,Nam Cheong,53,12.7,7.2,2,15,7.2,2,2,7.5,7.5
5845,Fanling,74,Sunny Bay,54,25.4,13.3,2,28,13.3,2,2,15,15
5846,Fanling,74,Disneyland Resort,55,31.6,16.6,2,34.5,16.6,2,2,17.5,17.5
5847,Fanling,74,LOHAS Park,57,19.3,9.2,2,21.5,9.2,2,2,10,10
5848,Fanling,74,Hung Hom,64,11.2,5.5,2,13,5.5,2,2,5.5,5.5
5849,Fanling,74,Mong Kok East,65,11.2,5.5,2,13,5.5,2,2,5.5,5.5
5850,Fanling,74,Tai Wai,67,7.7,3.8,2,8,3.8,2,2,4,4
5851,Fanling,74,Sha Tin,68,7.7,3.8,2,8,3.8,2,2,4,4
5852,Fanling,74,Fo Tan,69,7.7,3.8,2,8,3.8,2,2,4,4
5853,Fanling,74,Racecourse,70,12.3,5.9,12.3,14,5.9,2,2,6,6
5854,Fanling,74,University,71,6.5,3.2,2,6.5,3.2,2,2,3.5,3.5
5855,Fanling,74,Tai Po Market,72,4.6,2.2,2,5,2.2,2,2,2.5,2.5
5856,Fanling,74,Tai Wo,73,4.6,2.2,2,5,2.2,2,2,2.5,2.5
5857,Fanling,74,Fanling,74,0,0,0,0,0,0,0,0,0
5858,Fanling,74,Sheung Shui,75,4,1.4,2,4,1.4,1.4,1.4,1.5,1.5
5859,Fanling,74,Lo Wu,76,26.5,26.5,26.5,28,13.3,13.3,13.3,15.5,15.5
5860,Fanling,74,Lok Ma Chau,78,26.5,26.5,26.5,28,13.3,13.3,13.3,15.5,15.5
5861,Fanling,74,East Tsim Sha Tsui,80,14.9,7.3,2,16,7.3,2,2,7.5,7.5
5862,Fanling,74,Che Kung Temple,96,7.7,3.8,2,8,3.8,2,2,4,4
5863,Fanling,74,Sha Tin Wai,97,7.7,3.8,2,8,3.8,2,2,4,4
5864,Fanling,74,City One,98,7.7,3.8,2,8,3.8,2,2,4,4
5865,Fanling,74,Shek Mun,99,7.7,3.8,2,8,3.8,2,2,4,4
5866,Fanling,74,Tai Shui Hang,100,7.7,3.8,2,8,3.8,2,2,4,4
5867,Fanling,74,Heng On,101,7.7,3.8,2,8,3.8,2,2,4,4
5868,Fanling,74,Ma On Shan,102,7.7,3.8,2,8,3.8,2,2,4,4
5869,Fanling,74,Wu Kai Sha,103,7.7,3.8,2,8,3.8,2,2,4,4
5870,Fanling,74,Austin,111,15.2,7.7,2,16,7.7,2,2,8,8
5871,Fanling,74,Tsuen Wan West,114,15.2,8.1,2,16.5,8.1,2,2,9.5,9.5
5872,Fanling,74,Kam Sheung Road,115,24,13.1,2,26.5,13.1,2,2,15,15
5873,Fanling,74,Yuen Long,116,25,13.6,2,27.5,13.6,2,2,15.5,15.5
5874,Fanling,74,Long Ping,117,25,13.6,2,27.5,13.6,2,2,15.5,15.5
5875,Fanling,74,Tin Shui Wai,118,25,13.6,2,27.5,13.6,2,2,15.5,15.5
5876,Fanling,74,Siu Hong,119,25,13.6,2,27.5,13.6,2,2,15.5,15.5
5877,Fanling,74,Tuen Mun,120,25,13.6,2,27.5,13.6,2,2,15.5,15.5
5878,Fanling,74,Sai Ying Pun,81,22.2,11.6,2,25.5,11.6,2,2,13.5,13.5
5879,Fanling,74,HKU,82,24.5,12.4,2,27.5,12.4,2,2,14,14
5880,Fanling,74,Kennedy Town,83,24.5,12.4,2,27.5,12.4,2,2,14,14
5881,Fanling,74,Ho Man Tin,84,14.9,7.3,2,16,7.3,2,2,7.5,7.5
5882,Fanling,74,Whampoa,85,14.9,7.3,2,16,7.3,2,2,7.5,7.5
5883,Fanling,74,Ocean Park,86,24.5,12.4,2,27.5,12.4,2,2,14,14
5884,Fanling,74,Wong Chuk Hang,87,24.5,12.4,2,27.5,12.4,2,2,14,14
5885,Fanling,74,Lei Tung,88,24.5,12.4,2,27.5,12.4,2,2,14,14
5886,Fanling,74,South Horizons,89,24.5,12.4,2,27.5,12.4,2,2,14,14
5887,Fanling,74,Hin Keng,90,7.7,3.8,2,8,3.8,2,2,4,4
5888,Fanling,74,Kai Tak,91,13.6,7.1,2,15.5,7.1,2,2,7.5,7.5
5889,Fanling,74,Sung Wong Toi,92,14.9,7.3,2,16,7.3,2,2,7.5,7.5
5890,Fanling,74,To Kwa Wan,93,14.9,7.3,2,16,7.3,2,2,7.5,7.5
5891,Sheung Shui,75,Central,1,22.2,11.6,2,25.5,11.6,2,2,13.5,13.5
5892,Sheung Shui,75,Admiralty,2,22.2,11.6,2,25.5,11.6,2,2,13.5,13.5
5893,Sheung Shui,75,Tsim Sha Tsui,3,14.9,7.3,2,16,7.3,2,2,7.5,7.5
5894,Sheung Shui,75,Jordan,4,14.9,7.3,2,16,7.3,2,2,7.5,7.5
5895,Sheung Shui,75,Yau Ma Tei,5,13.6,7.1,2,15.5,7.1,2,2,7.5,7.5
5896,Sheung Shui,75,Mong Kok,6,13.6,7.1,2,15.5,7.1,2,2,7.5,7.5
5897,Sheung Shui,75,Shek Kip Mei,7,12.6,7.1,2,15,7.1,2,2,7.5,7.5
5898,Sheung Shui,75,Kowloon Tong,8,11.1,5.5,2,13,5.5,2,2,5.5,5.5
5899,Sheung Shui,75,Lok Fu,9,12.6,7.1,2,15,7.1,2,2,7.5,7.5
5900,Sheung Shui,75,Wong Tai Sin,10,12.6,7.1,2,15,7.1,2,2,7.5,7.5
5901,Sheung Shui,75,Diamond Hill,11,13.6,7.1,2,15.5,7.1,2,2,7.5,7.5
5902,Sheung Shui,75,Choi Hung,12,13.6,7.1,2,15.5,7.1,2,2,7.5,7.5
5903,Sheung Shui,75,Kowloon Bay,13,15,7.6,2,16.5,7.6,2,2,8,8
5904,Sheung Shui,75,Ngau Tau Kok,14,15,7.6,2,16.5,7.6,2,2,8,8
5905,Sheung Shui,75,Kwun Tong,15,15,7.6,2,16.5,7.6,2,2,8,8
5906,Sheung Shui,75,Prince Edward,16,12.6,7.1,2,15,7.1,2,2,7.5,7.5
5907,Sheung Shui,75,Sham Shui Po,17,12.6,7.1,2,15,7.1,2,2,7.5,7.5
5908,Sheung Shui,75,Cheung Sha Wan,18,13.6,7.1,2,15.5,7.1,2,2,7.5,7.5
5909,Sheung Shui,75,Lai Chi Kok,19,13.6,7.1,2,15.5,7.1,2,2,7.5,7.5
5910,Sheung Shui,75,Mei Foo,20,15,7.6,2,16.5,7.6,2,2,8,8
5911,Sheung Shui,75,Lai King,21,15,7.6,2,16.5,7.6,2,2,8,8
5912,Sheung Shui,75,Kwai Fong,22,17.4,8.7,2,19.5,8.7,2,2,10,10
5913,Sheung Shui,75,Kwai Hing,23,17.4,8.7,2,19.5,8.7,2,2,10,10
5914,Sheung Shui,75,Tai Wo Hau,24,17.4,8.7,2,19.5,8.7,2,2,10,10
5915,Sheung Shui,75,Tsuen Wan,25,17.4,8.7,2,19.5,8.7,2,2,10,10
5916,Sheung Shui,75,Sheung Wan,26,22.2,11.6,2,25.5,11.6,2,2,13.5,13.5
5917,Sheung Shui,75,Wan Chai,27,22.2,11.6,2,25.5,11.6,2,2,13.5,13.5
5918,Sheung Shui,75,Causeway Bay,28,22.2,11.6,2,25.5,11.6,2,2,13.5,13.5
5919,Sheung Shui,75,Tin Hau,29,24.5,12.4,2,27.5,12.4,2,2,14,14
5920,Sheung Shui,75,Fortress Hill,30,24.5,12.4,2,27.5,12.4,2,2,14,14
5921,Sheung Shui,75,North Point,31,24.5,12.4,2,27.5,12.4,2,2,14,14
5922,Sheung Shui,75,Quarry Bay,32,24.5,12.4,2,27.5,12.4,2,2,14,14
5923,Sheung Shui,75,Tai Koo,33,24.5,12.4,2,27.5,12.4,2,2,14,14
5924,Sheung Shui,75,Sai Wan Ho,34,24.5,12.4,2,27.5,12.4,2,2,14,14
5925,Sheung Shui,75,Shau Kei Wan,35,24.5,12.4,2,27.5,12.4,2,2,14,14
5926,Sheung Shui,75,Heng Fa Chuen,36,24.5,12.4,2,27.5,12.4,2,2,14,14
5927,Sheung Shui,75,Chai Wan,37,24.5,12.4,2,27.5,12.4,2,2,14,14
5928,Sheung Shui,75,Lam Tin,38,17.4,8.7,2,19.5,8.7,2,2,10,10
5929,Sheung Shui,75,Hong Kong,39,22.2,11.6,2,25.5,11.6,2,2,13.5,13.5
5930,Sheung Shui,75,Kowloon,40,15,7.6,2,16,7.6,2,2,8,8
5931,Sheung Shui,75,Olympic,41,13.6,7.1,2,15.5,7.1,2,2,7.5,7.5
5932,Sheung Shui,75,Tsing Yi,42,17.4,8.7,2,19.5,8.7,2,2,10,10
5933,Sheung Shui,75,Tung Chung,43,28.3,14.8,2,31,14.8,2,2,16,16
5934,Sheung Shui,75,Yau Tong,48,17.4,8.7,2,19.5,8.7,2,2,10,10
5935,Sheung Shui,75,Tiu Keng Leng,49,17.4,8.7,2,19.5,8.7,2,2,10,10
5936,Sheung Shui,75,Tseung Kwan O,50,19.3,9.2,2,21.5,9.2,2,2,10,10
5937,Sheung Shui,75,Hang Hau,51,19.3,9.2,2,21.5,9.2,2,2,10,10
5938,Sheung Shui,75,Po Lam,52,19.3,9.2,2,21.5,9.2,2,2,10,10
5939,Sheung Shui,75,Nam Cheong,53,12.7,7.2,2,15,7.2,2,2,7.5,7.5
5940,Sheung Shui,75,Sunny Bay,54,25.4,13.3,2,28,13.3,2,2,15,15
5941,Sheung Shui,75,Disneyland Resort,55,31.6,16.6,2,34.5,16.6,2,2,17.5,17.5
5942,Sheung Shui,75,LOHAS Park,57,19.3,9.2,2,21.5,9.2,2,2,10,10
5943,Sheung Shui,75,Hung Hom,64,11.2,5.5,2,13,5.5,2,2,5.5,5.5
5944,Sheung Shui,75,Mong Kok East,65,11.2,5.5,2,13,5.5,2,2,5.5,5.5
5945,Sheung Shui,75,Tai Wai,67,7.7,3.8,2,8,3.8,2,2,4,4
5946,Sheung Shui,75,Sha Tin,68,7.7,3.8,2,8,3.8,2,2,4,4
5947,Sheung Shui,75,Fo Tan,69,7.7,3.8,2,8,3.8,2,2,4,4
5948,Sheung Shui,75,Racecourse,70,12.3,5.9,12.3,14,5.9,2,2,6,6
5949,Sheung Shui,75,University,71,6.5,3.2,2,6.5,3.2,2,2,3.5,3.5
5950,Sheung Shui,75,Tai Po Market,72,4.6,2.2,2,5,2.2,2,2,2.5,2.5
5951,Sheung Shui,75,Tai Wo,73,4.6,2.2,2,5,2.2,2,2,2.5,2.5
5952,Sheung Shui,75,Fanling,74,4,1.4,2,4,1.4,1.4,1.4,1.5,1.5
5953,Sheung Shui,75,Sheung Shui,75,0,0,0,0,0,0,0,0,0
5954,Sheung Shui,75,Lo Wu,76,26.5,26.5,26.5,28,13.3,13.3,13.3,15.5,15.5
5955,Sheung Shui,75,Lok Ma Chau,78,26.5,26.5,26.5,28,13.3,13.3,13.3,15.5,15.5
5956,Sheung Shui,75,East Tsim Sha Tsui,80,14.9,7.3,2,16,7.3,2,2,7.5,7.5
5957,Sheung Shui,75,Che Kung Temple,96,7.7,3.8,2,8,3.8,2,2,4,4
5958,Sheung Shui,75,Sha Tin Wai,97,7.7,3.8,2,8,3.8,2,2,4,4
5959,Sheung Shui,75,City One,98,7.7,3.8,2,8,3.8,2,2,4,4
5960,Sheung Shui,75,Shek Mun,99,7.7,3.8,2,8,3.8,2,2,4,4
5961,Sheung Shui,75,Tai Shui Hang,100,7.7,3.8,2,8,3.8,2,2,4,4
5962,Sheung Shui,75,Heng On,101,7.7,3.8,2,8,3.8,2,2,4,4
5963,Sheung Shui,75,Ma On Shan,102,7.7,3.8,2,8,3.8,2,2,4,4
5964,Sheung Shui,75,Wu Kai Sha,103,7.7,3.8,2,8,3.8,2,2,4,4
5965,Sheung Shui,75,Austin,111,15.2,7.7,2,16,7.7,2,2,8,8
5966,Sheung Shui,75,Tsuen Wan West,114,15.2,8.1,2,16.5,8.1,2,2,9.5,9.5
5967,Sheung Shui,75,Kam Sheung Road,115,24,13.1,2,26.5,13.1,2,2,15,15
5968,Sheung Shui,75,Yuen Long,116,25,13.6,2,27.5,13.6,2,2,15.5,15.5
5969,Sheung Shui,75,Long Ping,117,25,13.6,2,27.5,13.6,2,2,15.5,15.5
5970,Sheung Shui,75,Tin Shui Wai,118,25,13.6,2,27.5,13.6,2,2,15.5,15.5
5971,Sheung Shui,75,Siu Hong,119,25,13.6,2,27.5,13.6,2,2,15.5,15.5
5972,Sheung Shui,75,Tuen Mun,120,25,13.6,2,27.5,13.6,2,2,15.5,15.5
5973,Sheung Shui,75,Sai Ying Pun,81,22.2,11.6,2,25.5,11.6,2,2,13.5,13.5
5974,Sheung Shui,75,HKU,82,24.5,12.4,2,27.5,12.4,2,2,14,14
5975,Sheung Shui,75,Kennedy Town,83,24.5,12.4,2,27.5,12.4,2,2,14,14
5976,Sheung Shui,75,Ho Man Tin,84,14.9,7.3,2,16,7.3,2,2,7.5,7.5
5977,Sheung Shui,75,Whampoa,85,14.9,7.3,2,16,7.3,2,2,7.5,7.5
5978,Sheung Shui,75,Ocean Park,86,24.5,12.4,2,27.5,12.4,2,2,14,14
5979,Sheung Shui,75,Wong Chuk Hang,87,24.5,12.4,2,27.5,12.4,2,2,14,14
5980,Sheung Shui,75,Lei Tung,88,24.5,12.4,2,27.5,12.4,2,2,14,14
5981,Sheung Shui,75,South Horizons,89,24.5,12.4,2,27.5,12.4,2,2,14,14
5982,Sheung Shui,75,Hin Keng,90,7.7,3.8,2,8,3.8,2,2,4,4
5983,Sheung Shui,75,Kai Tak,91,13.6,7.1,2,15.5,7.1,2,2,7.5,7.5
5984,Sheung Shui,75,Sung Wong Toi,92,14.9,7.3,2,16,7.3,2,2,7.5,7.5
5985,Sheung Shui,75,To Kwa Wan,93,14.9,7.3,2,16,7.3,2,2,7.5,7.5
5986,Lo Wu,76,Central,1,52.2,46,52.2,55.5,26.2,26.2,26.2,27.5,27.5
5987,Lo Wu,76,Admiralty,2,52.2,46,52.2,55.5,26.2,26.2,26.2,27.5,27.5
5988,Lo Wu,76,Tsim Sha Tsui,3,44.3,43.8,44.3,46.5,22.3,22.3,22.3,22.5,22.5
5989,Lo Wu,76,Jordan,4,46.6,43.7,46.6,49.5,23.7,23.7,23.7,24.5,24.5
5990,Lo Wu,76,Yau Ma Tei,5,45.4,43.1,45.4,48,23.1,23.1,23.1,24.5,24.5
5991,Lo Wu,76,Mong Kok,6,45.4,43.1,45.4,48,23.1,23.1,23.1,24.5,24.5
5992,Lo Wu,76,Shek Kip Mei,7,44.4,43.1,44.4,47,23.1,23.1,23.1,24.5,24.5
5993,Lo Wu,76,Kowloon Tong,8,41.5,41.5,41.5,45,21.3,21.3,21.3,22,22
5994,Lo Wu,76,Lok Fu,9,44.4,43.1,44.4,47,23.1,23.1,23.1,24.5,24.5
5995,Lo Wu,76,Wong Tai Sin,10,44.4,43.1,44.4,47,23.1,23.1,23.1,24.5,24.5
5996,Lo Wu,76,Diamond Hill,11,45.4,43.1,45.4,48,23.1,23.1,23.1,24.5,24.5
5997,Lo Wu,76,Choi Hung,12,45.4,43.1,45.4,48,23.1,23.1,23.1,24.5,24.5
5998,Lo Wu,76,Kowloon Bay,13,46.6,43.7,46.6,49.5,23.7,23.7,23.7,24.5,24.5
5999,Lo Wu,76,Ngau Tau Kok,14,46.6,43.7,46.6,49.5,23.7,23.7,23.7,24.5,24.5
6000,Lo Wu,76,Kwun Tong,15,46.6,43.7,46.6,49.5,23.7,23.7,23.7,24.5,24.5
6001,Lo Wu,76,Prince Edward,16,44.4,43.1,44.4,47,23.1,23.1,23.1,24.5,24.5
6002,Lo Wu,76,Sham Shui Po,17,44.4,43.1,44.4,47,23.1,23.1,23.1,24.5,24.5
6003,Lo Wu,76,Cheung Sha Wan,18,45.4,43.1,45.4,48,23.1,23.1,23.1,24.5,24.5
6004,Lo Wu,76,Lai Chi Kok,19,45.4,43.1,45.4,48,23.1,23.1,23.1,24.5,24.5
6005,Lo Wu,76,Mei Foo,20,46.6,43.7,46.6,49.5,23.7,23.7,23.7,24.5,24.5
6006,Lo Wu,76,Lai King,21,46.6,43.7,46.6,49.5,23.7,23.7,23.7,24.5,24.5
6007,Lo Wu,76,Kwai Fong,22,48.2,44.3,48.2,52,24.4,24.4,24.4,26.5,26.5
6008,Lo Wu,76,Kwai Hing,23,48.2,44.3,48.2,52,24.4,24.4,24.4,26.5,26.5
6009,Lo Wu,76,Tai Wo Hau,24,48.2,44.3,48.2,52,24.4,24.4,24.4,26.5,26.5
6010,Lo Wu,76,Tsuen Wan,25,48.2,44.3,48.2,52,24.4,24.4,24.4,26.5,26.5
6011,Lo Wu,76,Sheung Wan,26,52.2,46,52.2,55.5,26.2,26.2,26.2,27.5,27.5
6012,Lo Wu,76,Wan Chai,27,52.2,46,52.2,55.5,26.2,26.2,26.2,27.5,27.5
6013,Lo Wu,76,Causeway Bay,28,52.2,46,52.2,55.5,26.2,26.2,26.2,27.5,27.5
6014,Lo Wu,76,Tin Hau,29,54.4,46.7,54.4,57,27.2,27.2,27.2,28,28
6015,Lo Wu,76,Fortress Hill,30,54.4,46.7,54.4,57,27.2,27.2,27.2,28,28
6016,Lo Wu,76,North Point,31,54.4,46.7,54.4,57,27.2,27.2,27.2,28,28
6017,Lo Wu,76,Quarry Bay,32,54.4,46.7,54.4,57,27.2,27.2,27.2,28,28
6018,Lo Wu,76,Tai Koo,33,54.4,46.7,54.4,57,27.2,27.2,27.2,28,28
6019,Lo Wu,76,Sai Wan Ho,34,54.4,46.7,54.4,57,27.2,27.2,27.2,28,28
6020,Lo Wu,76,Shau Kei Wan,35,54.4,46.7,54.4,57,27.2,27.2,27.2,28,28
6021,Lo Wu,76,Heng Fa Chuen,36,54.4,46.7,54.4,57,27.2,27.2,27.2,28,28
6022,Lo Wu,76,Chai Wan,37,54.4,46.7,54.4,57,27.2,27.2,27.2,28,28
6023,Lo Wu,76,Lam Tin,38,48.2,44.3,48.2,52,24.4,24.4,24.4,26.5,26.5
6024,Lo Wu,76,Hong Kong,39,52.2,46,52.2,55.5,26.2,26.2,26.2,27.5,27.5
6025,Lo Wu,76,Kowloon,40,46.6,43.7,46.6,49.5,23.7,23.7,23.7,24.5,24.5
6026,Lo Wu,76,Olympic,41,45.4,43.1,45.4,48,23.1,23.1,23.1,24.5,24.5
6027,Lo Wu,76,Tsing Yi,42,48.2,44.3,48.2,52,24.4,24.4,24.4,26.5,26.5
6028,Lo Wu,76,Tung Chung,43,57.5,48.7,57.5,62.5,28.8,28.8,28.8,30.5,30.5
6029,Lo Wu,76,Yau Tong,48,48.2,44.3,48.2,52,24.4,24.4,24.4,26.5,26.5
6030,Lo Wu,76,Tiu Keng Leng,49,48.2,44.3,48.2,52,24.4,24.4,24.4,26.5,26.5
6031,Lo Wu,76,Tseung Kwan O,50,50.1,44.6,50.1,53,24.8,24.8,24.8,26.5,26.5
6032,Lo Wu,76,Hang Hau,51,50.1,44.6,50.1,53,24.8,24.8,24.8,26.5,26.5
6033,Lo Wu,76,Po Lam,52,50.1,44.6,50.1,53,24.8,24.8,24.8,26.5,26.5
6034,Lo Wu,76,Nam Cheong,53,44.4,43.1,44.4,47,23.1,23.1,23.1,24.5,24.5
6035,Lo Wu,76,Sunny Bay,54,54.5,47.2,54.5,58.5,27.5,27.5,27.5,29,29
6036,Lo Wu,76,Disneyland Resort,55,60.8,50.3,60.8,66,30.2,30.2,30.2,32.5,32.5
6037,Lo Wu,76,LOHAS Park,57,50.1,44.6,50.1,53,24.8,24.8,24.8,26.5,26.5
6038,Lo Wu,76,Hung Hom,64,41.6,41.6,41.6,45,21.4,21.4,21.4,22,22
6039,Lo Wu,76,Mong Kok East,65,41.6,41.6,41.6,45,21.4,21.4,21.4,22,22
6040,Lo Wu,76,Tai Wai,67,33,33,33,35.5,16.9,16.9,16.9,17.5,17.5
6041,Lo Wu,76,Sha Tin,68,33,33,33,35.5,16.9,16.9,16.9,17.5,17.5
6042,Lo Wu,76,Fo Tan,69,30.3,30.3,30.3,32,15.4,15.4,15.4,16.5,16.5
6043,Lo Wu,76,Racecourse,70,28.2,28.2,28.2,30,14,14,14,15.5,15.5
6044,Lo Wu,76,University,71,30.2,30.2,30.2,31,15.2,15.2,15.2,16.5,16.5
6045,Lo Wu,76,Tai Po Market,72,28.8,28.8,28.8,30,14.3,14.3,14.3,15.5,15.5
6046,Lo Wu,76,Tai Wo,73,28.8,28.8,28.8,30,14.3,14.3,14.3,15.5,15.5
6047,Lo Wu,76,Fanling,74,26.5,26.5,26.5,28,13.3,13.3,13.3,15.5,15.5
6048,Lo Wu,76,Sheung Shui,75,26.5,26.5,26.5,28,13.3,13.3,13.3,15.5,15.5
6049,Lo Wu,76,Lo Wu,76,0,0,0,0,0,0,0,0,0
6050,Lo Wu,76,Lok Ma Chau,78,26.5,26.5,26.5,28,13.3,13.3,13.3,15.5,15.5
6051,Lo Wu,76,East Tsim Sha Tsui,80,44.3,43.8,44.3,46.5,22.3,22.3,22.3,22.5,22.5
6052,Lo Wu,76,Che Kung Temple,96,33,33,33,35.5,16.9,16.9,16.9,17.5,17.5
6053,Lo Wu,76,Sha Tin Wai,97,33,33,33,35.5,16.9,16.9,16.9,17.5,17.5
6054,Lo Wu,76,City One,98,33,33,33,35.5,16.9,16.9,16.9,17.5,17.5
6055,Lo Wu,76,Shek Mun,99,33,33,33,35.5,16.9,16.9,16.9,17.5,17.5
6056,Lo Wu,76,Tai Shui Hang,100,33,33,33,35.5,16.9,16.9,16.9,17.5,17.5
6057,Lo Wu,76,Heng On,101,33,33,33,35.5,16.9,16.9,16.9,17.5,17.5
6058,Lo Wu,76,Ma On Shan,102,33,33,33,35.5,16.9,16.9,16.9,17.5,17.5
6059,Lo Wu,76,Wu Kai Sha,103,33,33,33,35.5,16.9,16.9,16.9,17.5,17.5
6060,Lo Wu,76,Austin,111,46.7,43.8,46.7,49.5,23.8,23.8,23.8,24.5,24.5
6061,Lo Wu,76,Tsuen Wan West,114,48.7,46.7,48.7,52,25,25,25,26.5,26.5
6062,Lo Wu,76,Kam Sheung Road,115,57.6,55.7,57.6,61.5,29.5,29.5,29.5,30.5,30.5
6063,Lo Wu,76,Yuen Long,116,59.2,57.6,59.2,63,30.2,30.2,30.2,32,32
6064,Lo Wu,76,Long Ping,117,59.2,57.6,59.2,63,30.2,30.2,30.2,32,32
6065,Lo Wu,76,Tin Shui Wai,118,59.2,57.6,59.2,63,30.2,30.2,30.2,32,32
6066,Lo Wu,76,Siu Hong,119,59.2,57.6,59.2,63,30.2,30.2,30.2,32,32
6067,Lo Wu,76,Tuen Mun,120,59.2,57.6,59.2,63,30.2,30.2,30.2,32,32
6068,Lo Wu,76,Sai Ying Pun,81,52.2,46,52.2,55.5,26.2,26.2,26.2,27.5,27.5
6069,Lo Wu,76,HKU,82,54.4,46.7,54.4,57,27.2,27.2,27.2,28,28
6070,Lo Wu,76,Kennedy Town,83,54.4,46.7,54.4,57,27.2,27.2,27.2,28,28
6071,Lo Wu,76,Ho Man Tin,84,46.6,43.7,46.6,49.5,23.7,23.7,23.7,24.5,24.5
6072,Lo Wu,76,Whampoa,85,46.6,43.7,46.6,49.5,23.7,23.7,23.7,24.5,24.5
6073,Lo Wu,76,Ocean Park,86,54.4,46.7,54.4,57,27.2,27.2,27.2,28,28
6074,Lo Wu,76,Wong Chuk Hang,87,54.4,46.7,54.4,57,27.2,27.2,27.2,28,28
6075,Lo Wu,76,Lei Tung,88,54.4,46.7,54.4,57,27.2,27.2,27.2,28,28
6076,Lo Wu,76,South Horizons,89,54.4,46.7,54.4,57,27.2,27.2,27.2,28,28
6077,Lo Wu,76,Hin Keng,90,33,33,33,35.5,16.9,16.9,16.9,17.5,17.5
6078,Lo Wu,76,Kai Tak,91,45.4,43.1,45.4,48,23.1,23.1,23.1,24.5,24.5
6079,Lo Wu,76,Sung Wong Toi,92,46.6,43.7,46.6,49.5,23.7,23.7,23.7,24.5,24.5
6080,Lo Wu,76,To Kwa Wan,93,46.6,43.7,46.6,49.5,23.7,23.7,23.7,24.5,24.5
6081,Lok Ma Chau,78,Central,1,52.2,46,52.2,55.5,26.2,26.2,26.2,27.5,27.5
6082,Lok Ma Chau,78,Admiralty,2,52.2,46,52.2,55.5,26.2,26.2,26.2,27.5,27.5
6083,Lok Ma Chau,78,Tsim Sha Tsui,3,44.3,43.8,44.3,46.5,22.3,22.3,22.3,22.5,22.5
6084,Lok Ma Chau,78,Jordan,4,46.6,43.7,46.6,49.5,23.7,23.7,23.7,24.5,24.5
6085,Lok Ma Chau,78,Yau Ma Tei,5,45.4,43.1,45.4,48,23.1,23.1,23.1,24.5,24.5
6086,Lok Ma Chau,78,Mong Kok,6,45.4,43.1,45.4,48,23.1,23.1,23.1,24.5,24.5
6087,Lok Ma Chau,78,Shek Kip Mei,7,44.4,43.1,44.4,47,23.1,23.1,23.1,24.5,24.5
6088,Lok Ma Chau,78,Kowloon Tong,8,41.5,41.5,41.5,45,21.3,21.3,21.3,22,22
6089,Lok Ma Chau,78,Lok Fu,9,44.4,43.1,44.4,47,23.1,23.1,23.1,24.5,24.5
6090,Lok Ma Chau,78,Wong Tai Sin,10,44.4,43.1,44.4,47,23.1,23.1,23.1,24.5,24.5
6091,Lok Ma Chau,78,Diamond Hill,11,45.4,43.1,45.4,48,23.1,23.1,23.1,24.5,24.5
6092,Lok Ma Chau,78,Choi Hung,12,45.4,43.1,45.4,48,23.1,23.1,23.1,24.5,24.5
6093,Lok Ma Chau,78,Kowloon Bay,13,46.6,43.7,46.6,49.5,23.7,23.7,23.7,24.5,24.5
6094,Lok Ma Chau,78,Ngau Tau Kok,14,46.6,43.7,46.6,49.5,23.7,23.7,23.7,24.5,24.5
6095,Lok Ma Chau,78,Kwun Tong,15,46.6,43.7,46.6,49.5,23.7,23.7,23.7,24.5,24.5
6096,Lok Ma Chau,78,Prince Edward,16,44.4,43.1,44.4,47,23.1,23.1,23.1,24.5,24.5
6097,Lok Ma Chau,78,Sham Shui Po,17,44.4,43.1,44.4,47,23.1,23.1,23.1,24.5,24.5
6098,Lok Ma Chau,78,Cheung Sha Wan,18,45.4,43.1,45.4,48,23.1,23.1,23.1,24.5,24.5
6099,Lok Ma Chau,78,Lai Chi Kok,19,45.4,43.1,45.4,48,23.1,23.1,23.1,24.5,24.5
6100,Lok Ma Chau,78,Mei Foo,20,46.6,43.7,46.6,49.5,23.7,23.7,23.7,24.5,24.5
6101,Lok Ma Chau,78,Lai King,21,46.6,43.7,46.6,49.5,23.7,23.7,23.7,24.5,24.5
6102,Lok Ma Chau,78,Kwai Fong,22,48.2,44.3,48.2,52,24.4,24.4,24.4,26.5,26.5
6103,Lok Ma Chau,78,Kwai Hing,23,48.2,44.3,48.2,52,24.4,24.4,24.4,26.5,26.5
6104,Lok Ma Chau,78,Tai Wo Hau,24,48.2,44.3,48.2,52,24.4,24.4,24.4,26.5,26.5
6105,Lok Ma Chau,78,Tsuen Wan,25,48.2,44.3,48.2,52,24.4,24.4,24.4,26.5,26.5
6106,Lok Ma Chau,78,Sheung Wan,26,52.2,46,52.2,55.5,26.2,26.2,26.2,27.5,27.5
6107,Lok Ma Chau,78,Wan Chai,27,52.2,46,52.2,55.5,26.2,26.2,26.2,27.5,27.5
6108,Lok Ma Chau,78,Causeway Bay,28,52.2,46,52.2,55.5,26.2,26.2,26.2,27.5,27.5
6109,Lok Ma Chau,78,Tin Hau,29,54.4,46.7,54.4,57,27.2,27.2,27.2,28,28
6110,Lok Ma Chau,78,Fortress Hill,30,54.4,46.7,54.4,57,27.2,27.2,27.2,28,28
6111,Lok Ma Chau,78,North Point,31,54.4,46.7,54.4,57,27.2,27.2,27.2,28,28
6112,Lok Ma Chau,78,Quarry Bay,32,54.4,46.7,54.4,57,27.2,27.2,27.2,28,28
6113,Lok Ma Chau,78,Tai Koo,33,54.4,46.7,54.4,57,27.2,27.2,27.2,28,28
6114,Lok Ma Chau,78,Sai Wan Ho,34,54.4,46.7,54.4,57,27.2,27.2,27.2,28,28
6115,Lok Ma Chau,78,Shau Kei Wan,35,54.4,46.7,54.4,57,27.2,27.2,27.2,28,28
6116,Lok Ma Chau,78,Heng Fa Chuen,36,54.4,46.7,54.4,57,27.2,27.2,27.2,28,28
6117,Lok Ma Chau,78,Chai Wan,37,54.4,46.7,54.4,57,27.2,27.2,27.2,28,28
6118,Lok Ma Chau,78,Lam Tin,38,48.2,44.3,48.2,52,24.4,24.4,24.4,26.5,26.5
6119,Lok Ma Chau,78,Hong Kong,39,52.2,46,52.2,55.5,26.2,26.2,26.2,27.5,27.5
6120,Lok Ma Chau,78,Kowloon,40,46.6,43.7,46.6,49.5,23.7,23.7,23.7,24.5,24.5
6121,Lok Ma Chau,78,Olympic,41,45.4,43.1,45.4,48,23.1,23.1,23.1,24.5,24.5
6122,Lok Ma Chau,78,Tsing Yi,42,48.2,44.3,48.2,52,24.4,24.4,24.4,26.5,26.5
6123,Lok Ma Chau,78,Tung Chung,43,57.5,48.7,57.5,62.5,28.8,28.8,28.8,30.5,30.5
6124,Lok Ma Chau,78,Yau Tong,48,48.2,44.3,48.2,52,24.4,24.4,24.4,26.5,26.5
6125,Lok Ma Chau,78,Tiu Keng Leng,49,48.2,44.3,48.2,52,24.4,24.4,24.4,26.5,26.5
6126,Lok Ma Chau,78,Tseung Kwan O,50,50.1,44.6,50.1,53,24.8,24.8,24.8,26.5,26.5
6127,Lok Ma Chau,78,Hang Hau,51,50.1,44.6,50.1,53,24.8,24.8,24.8,26.5,26.5
6128,Lok Ma Chau,78,Po Lam,52,50.1,44.6,50.1,53,24.8,24.8,24.8,26.5,26.5
6129,Lok Ma Chau,78,Nam Cheong,53,44.4,43.1,44.4,47,23.1,23.1,23.1,24.5,24.5
6130,Lok Ma Chau,78,Sunny Bay,54,54.5,47.2,54.5,58.5,27.5,27.5,27.5,29,29
6131,Lok Ma Chau,78,Disneyland Resort,55,60.8,50.3,60.8,66,30.2,30.2,30.2,32.5,32.5
6132,Lok Ma Chau,78,LOHAS Park,57,50.1,44.6,50.1,53,24.8,24.8,24.8,26.5,26.5
6133,Lok Ma Chau,78,Hung Hom,64,41.6,41.6,41.6,45,21.4,21.4,21.4,22,22
6134,Lok Ma Chau,78,Mong Kok East,65,41.6,41.6,41.6,45,21.4,21.4,21.4,22,22
6135,Lok Ma Chau,78,Tai Wai,67,33,33,33,35.5,16.9,16.9,16.9,17.5,17.5
6136,Lok Ma Chau,78,Sha Tin,68,33,33,33,35.5,16.9,16.9,16.9,17.5,17.5
6137,Lok Ma Chau,78,Fo Tan,69,30.3,30.3,30.3,32,15.4,15.4,15.4,16.5,16.5
6138,Lok Ma Chau,78,Racecourse,70,28.2,28.2,28.2,30,14,14,14,15.5,15.5
6139,Lok Ma Chau,78,University,71,30.2,30.2,30.2,31,15.2,15.2,15.2,16.5,16.5
6140,Lok Ma Chau,78,Tai Po Market,72,28.8,28.8,28.8,30,14.3,14.3,14.3,15.5,15.5
6141,Lok Ma Chau,78,Tai Wo,73,28.8,28.8,28.8,30,14.3,14.3,14.3,15.5,15.5
6142,Lok Ma Chau,78,Fanling,74,26.5,26.5,26.5,28,13.3,13.3,13.3,15.5,15.5
6143,Lok Ma Chau,78,Sheung Shui,75,26.5,26.5,26.5,28,13.3,13.3,13.3,15.5,15.5
6144,Lok Ma Chau,78,Lo Wu,76,26.5,26.5,26.5,28,13.3,13.3,13.3,15.5,15.5
6145,Lok Ma Chau,78,Lok Ma Chau,78,0,0,0,0,0,0,0,0,0
6146,Lok Ma Chau,78,East Tsim Sha Tsui,80,44.3,43.8,44.3,46.5,22.3,22.3,22.3,22.5,22.5
6147,Lok Ma Chau,78,Che Kung Temple,96,33,33,33,35.5,16.9,16.9,16.9,17.5,17.5
6148,Lok Ma Chau,78,Sha Tin Wai,97,33,33,33,35.5,16.9,16.9,16.9,17.5,17.5
6149,Lok Ma Chau,78,City One,98,33,33,33,35.5,16.9,16.9,16.9,17.5,17.5
6150,Lok Ma Chau,78,Shek Mun,99,33,33,33,35.5,16.9,16.9,16.9,17.5,17.5
6151,Lok Ma Chau,78,Tai Shui Hang,100,33,33,33,35.5,16.9,16.9,16.9,17.5,17.5
6152,Lok Ma Chau,78,Heng On,101,33,33,33,35.5,16.9,16.9,16.9,17.5,17.5
6153,Lok Ma Chau,78,Ma On Shan,102,33,33,33,35.5,16.9,16.9,16.9,17.5,17.5
6154,Lok Ma Chau,78,Wu Kai Sha,103,33,33,33,35.5,16.9,16.9,16.9,17.5,17.5
6155,Lok Ma Chau,78,Austin,111,46.7,43.8,46.7,49.5,23.8,23.8,23.8,24.5,24.5
6156,Lok Ma Chau,78,Tsuen Wan West,114,48.7,46.7,48.7,52,25,25,25,26.5,26.5
6157,Lok Ma Chau,78,Kam Sheung Road,115,57.6,55.7,57.6,61.5,29.5,29.5,29.5,30.5,30.5
6158,Lok Ma Chau,78,Yuen Long,116,59.2,57.6,59.2,63,30.2,30.2,30.2,32,32
6159,Lok Ma Chau,78,Long Ping,117,59.2,57.6,59.2,63,30.2,30.2,30.2,32,32
6160,Lok Ma Chau,78,Tin Shui Wai,118,59.2,57.6,59.2,63,30.2,30.2,30.2,32,32
6161,Lok Ma Chau,78,Siu Hong,119,59.2,57.6,59.2,63,30.2,30.2,30.2,32,32
6162,Lok Ma Chau,78,Tuen Mun,120,59.2,57.6,59.2,63,30.2,30.2,30.2,32,32
6163,Lok Ma Chau,78,Sai Ying Pun,81,52.2,46,52.2,55.5,26.2,26.2,26.2,27.5,27.5
6164,Lok Ma Chau,78,HKU,82,54.4,46.7,54.4,57,27.2,27.2,27.2,28,28
6165,Lok Ma Chau,78,Kennedy Town,83,54.4,46.7,54.4,57,27.2,27.2,27.2,28,28
6166,Lok Ma Chau,78,Ho Man Tin,84,46.6,43.7,46.6,49.5,23.7,23.7,23.7,24.5,24.5
6167,Lok Ma Chau,78,Whampoa,85,46.6,43.7,46.6,49.5,23.7,23.7,23.7,24.5,24.5
6168,Lok Ma Chau,78,Ocean Park,86,54.4,46.7,54.4,57,27.2,27.2,27.2,28,28
6169,Lok Ma Chau,78,Wong Chuk Hang,87,54.4,46.7,54.4,57,27.2,27.2,27.2,28,28
6170,Lok Ma Chau,78,Lei Tung,88,54.4,46.7,54.4,57,27.2,27.2,27.2,28,28
6171,Lok Ma Chau,78,South Horizons,89,54.4,46.7,54.4,57,27.2,27.2,27.2,28,28
6172,Lok Ma Chau,78,Hin Keng,90,33,33,33,35.5,16.9,16.9,16.9,17.5,17.5
6173,Lok Ma Chau,78,Kai Tak,91,45.4,43.1,45.4,48,23.1,23.1,23.1,24.5,24.5
6174,Lok Ma Chau,78,Sung Wong Toi,92,46.6,43.7,46.6,49.5,23.7,23.7,23.7,24.5,24.5
6175,Lok Ma Chau,78,To Kwa Wan,93,46.6,43.7,46.6,49.5,23.7,23.7,23.7,24.5,24.5
6176,East Tsim Sha Tsui,80,Central,1,10.6,5.4,2,12.5,5.4,2,2,5.5,5.5
6177,East Tsim Sha Tsui,80,Admiralty,2,10.6,5.4,2,12.5,5.4,2,2,5.5,5.5
6178,East Tsim Sha Tsui,80,Tsim Sha Tsui,3,0,0,0,0,0,0,0,0,0
6179,East Tsim Sha Tsui,80,Jordan,4,4.9,3.2,2,5,3.2,2,2,3.5,3.5
6180,East Tsim Sha Tsui,80,Yau Ma Tei,5,4.9,3.2,2,5,3.2,2,2,3.5,3.5
6181,East Tsim Sha Tsui,80,Mong Kok,6,5.9,3.2,2,6,3.2,2,2,3.5,3.5
6182,East Tsim Sha Tsui,80,Shek Kip Mei,7,7.4,3.7,2,7.5,3.7,2,2,4,4
6183,East Tsim Sha Tsui,80,Kowloon Tong,8,7.4,3.7,2,7.5,3.7,2,2,4,4
6184,East Tsim Sha Tsui,80,Lok Fu,9,9.2,4.4,2,10.5,4.4,2,2,4.5,4.5
6185,East Tsim Sha Tsui,80,Wong Tai Sin,10,9.2,4.4,2,10.5,4.4,2,2,4.5,4.5
6186,East Tsim Sha Tsui,80,Diamond Hill,11,9.2,4.4,2,10.5,4.4,2,2,4.5,4.5
6187,East Tsim Sha Tsui,80,Choi Hung,12,9.2,4.4,2,10.5,4.4,2,2,4.5,4.5
6188,East Tsim Sha Tsui,80,Kowloon Bay,13,9.2,4.4,2,10.5,4.4,2,2,4.5,4.5
6189,East Tsim Sha Tsui,80,Ngau Tau Kok,14,9.2,4.4,2,10.5,4.4,2,2,4.5,4.5
6190,East Tsim Sha Tsui,80,Kwun Tong,15,9.2,4.4,2,10.5,4.4,2,2,4.5,4.5
6191,East Tsim Sha Tsui,80,Prince Edward,16,5.9,3.2,2,6,3.2,2,2,3.5,3.5
6192,East Tsim Sha Tsui,80,Sham Shui Po,17,7.4,3.7,2,7.5,3.7,2,2,4,4
6193,East Tsim Sha Tsui,80,Cheung Sha Wan,18,7.4,3.7,2,7.5,3.7,2,2,4,4
6194,East Tsim Sha Tsui,80,Lai Chi Kok,19,9,3.9,2,10.5,3.9,2,2,4,4
6195,East Tsim Sha Tsui,80,Mei Foo,20,9,3.9,2,10.5,3.9,2,2,4,4
6196,East Tsim Sha Tsui,80,Lai King,21,11,4.9,2,13,4.9,2,2,5,5
6197,East Tsim Sha Tsui,80,Kwai Fong,22,11,4.9,2,13,4.9,2,2,5,5
6198,East Tsim Sha Tsui,80,Kwai Hing,23,11,4.9,2,13,4.9,2,2,5,5
6199,East Tsim Sha Tsui,80,Tai Wo Hau,24,11,4.9,2,13,4.9,2,2,5,5
6200,East Tsim Sha Tsui,80,Tsuen Wan,25,11,4.9,2,13,4.9,2,2,5,5
6201,East Tsim Sha Tsui,80,Sheung Wan,26,10.6,5.4,2,12.5,5.4,2,2,5.5,5.5
6202,East Tsim Sha Tsui,80,Wan Chai,27,10.6,5.4,2,12.5,5.4,2,2,5.5,5.5
6203,East Tsim Sha Tsui,80,Causeway Bay,28,13.2,6.5,2,15.5,6.5,2,2,6.5,6.5
6204,East Tsim Sha Tsui,80,Tin Hau,29,13.2,6.5,2,15.5,6.5,2,2,6.5,6.5
6205,East Tsim Sha Tsui,80,Fortress Hill,30,13.2,6.5,2,15.5,6.5,2,2,6.5,6.5
6206,East Tsim Sha Tsui,80,North Point,31,13.2,6.5,2,15.5,6.5,2,2,6.5,6.5
6207,East Tsim Sha Tsui,80,Quarry Bay,32,13.2,6.5,2,15.5,6.5,2,2,6.5,6.5
6208,East Tsim Sha Tsui,80,Tai Koo,33,15.8,7.4,2,16,7.4,2,2,7.5,7.5
6209,East Tsim Sha Tsui,80,Sai Wan Ho,34,15.8,7.4,2,16,7.4,2,2,7.5,7.5
6210,East Tsim Sha Tsui,80,Shau Kei Wan,35,15.8,7.4,2,16,7.4,2,2,7.5,7.5
6211,East Tsim Sha Tsui,80,Heng Fa Chuen,36,15.8,7.4,2,16,7.4,2,2,7.5,7.5
6212,East Tsim Sha Tsui,80,Chai Wan,37,15.8,7.4,2,16,7.4,2,2,7.5,7.5
6213,East Tsim Sha Tsui,80,Lam Tin,38,9.2,4.4,2,10.5,4.4,2,2,4.5,4.5
6214,East Tsim Sha Tsui,80,Hong Kong,39,10.6,5.4,2,12.5,5.4,2,2,5.5,5.5
6215,East Tsim Sha Tsui,80,Kowloon,40,4.9,3.2,2,5,3.2,2,2,3.5,3.5
6216,East Tsim Sha Tsui,80,Olympic,41,5.9,3.2,2,6,3.2,2,2,3.5,3.5
6217,East Tsim Sha Tsui,80,Tsing Yi,42,11,4.9,2,13,4.9,2,2,5,5
6218,East Tsim Sha Tsui,80,Tung Chung,43,18.7,9.4,2,21,9.4,2,2,10.5,10.5
6219,East Tsim Sha Tsui,80,Yau Tong,48,9.2,4.4,2,10.5,4.4,2,2,4.5,4.5
6220,East Tsim Sha Tsui,80,Tiu Keng Leng,49,11,4.9,2,13,4.9,2,2,5,5
6221,East Tsim Sha Tsui,80,Tseung Kwan O,50,11,4.9,2,13,4.9,2,2,5,5
6222,East Tsim Sha Tsui,80,Hang Hau,51,11,4.9,2,13,4.9,2,2,5,5
6223,East Tsim Sha Tsui,80,Po Lam,52,11,4.9,2,13,4.9,2,2,5,5
6224,East Tsim Sha Tsui,80,Nam Cheong,53,6.2,3.4,2,6.5,3.4,2,2,3.5,3.5
6225,East Tsim Sha Tsui,80,Sunny Bay,54,15.9,7.7,2,17,7.7,2,2,8,8
6226,East Tsim Sha Tsui,80,Disneyland Resort,55,22.2,11.1,2,25.5,11.1,2,2,13.5,13.5
6227,East Tsim Sha Tsui,80,LOHAS Park,57,11,4.9,2,13,4.9,2,2,5,5
6228,East Tsim Sha Tsui,80,Hung Hom,64,4.7,2.2,2,5,2.2,2,2,2.5,2.5
6229,East Tsim Sha Tsui,80,Mong Kok East,65,5.9,2.8,2,6,2.8,2,2,3,3
6230,East Tsim Sha Tsui,80,Tai Wai,67,10.1,5.1,2,12,5.1,2,2,5.5,5.5
6231,East Tsim Sha Tsui,80,Sha Tin,68,10.1,5.1,2,12,5.1,2,2,5.5,5.5
6232,East Tsim Sha Tsui,80,Fo Tan,69,11,5.4,2,13,5.4,2,2,5.5,5.5
6233,East Tsim Sha Tsui,80,Racecourse,70,17.5,8.6,17.5,18.5,8.6,2,2,9.5,9.5
6234,East Tsim Sha Tsui,80,University,71,11,5.4,2,13,5.4,2,2,5.5,5.5
6235,East Tsim Sha Tsui,80,Tai Po Market,72,13.4,6.5,2,15.5,6.5,2,2,6.5,6.5
6236,East Tsim Sha Tsui,80,Tai Wo,73,13.4,6.5,2,15.5,6.5,2,2,6.5,6.5
6237,East Tsim Sha Tsui,80,Fanling,74,14.9,7.3,2,16,7.3,2,2,7.5,7.5
6238,East Tsim Sha Tsui,80,Sheung Shui,75,14.9,7.3,2,16,7.3,2,2,7.5,7.5
6239,East Tsim Sha Tsui,80,Lo Wu,76,44.3,43.8,44.3,46.5,22.3,22.3,22.3,22.5,22.5
6240,East Tsim Sha Tsui,80,Lok Ma Chau,78,44.3,43.8,44.3,46.5,22.3,22.3,22.3,22.5,22.5
6241,East Tsim Sha Tsui,80,East Tsim Sha Tsui,80,0,0,0,0,0,0,0,0,0
6242,East Tsim Sha Tsui,80,Che Kung Temple,96,11.1,5.5,2,13,5.5,2,2,5.5,5.5
6243,East Tsim Sha Tsui,80,Sha Tin Wai,97,11.1,5.5,2,13,5.5,2,2,5.5,5.5
6244,East Tsim Sha Tsui,80,City One,98,11.1,5.5,2,13,5.5,2,2,5.5,5.5
6245,East Tsim Sha Tsui,80,Shek Mun,99,11.1,5.5,2,13,5.5,2,2,5.5,5.5
6246,East Tsim Sha Tsui,80,Tai Shui Hang,100,14.2,7.2,2,15.5,7.2,2,2,7.5,7.5
6247,East Tsim Sha Tsui,80,Heng On,101,14.2,7.2,2,15.5,7.2,2,2,7.5,7.5
6248,East Tsim Sha Tsui,80,Ma On Shan,102,14.2,7.2,2,15.5,7.2,2,2,7.5,7.5
6249,East Tsim Sha Tsui,80,Wu Kai Sha,103,14.2,7.2,2,15.5,7.2,2,2,7.5,7.5
6250,East Tsim Sha Tsui,80,Austin,111,4.9,3.2,2,5,3.2,2,2,3.5,3.5
6251,East Tsim Sha Tsui,80,Tsuen Wan West,114,10.9,5.7,2,13,5.7,2,2,6,6
6252,East Tsim Sha Tsui,80,Kam Sheung Road,115,21,11,2,21.5,11,2,2,12.5,12.5
6253,East Tsim Sha Tsui,80,Yuen Long,116,22.1,11.5,2,24,11.5,2,2,13.5,13.5
6254,East Tsim Sha Tsui,80,Long Ping,117,22.1,11.5,2,24,11.5,2,2,13.5,13.5
6255,East Tsim Sha Tsui,80,Tin Shui Wai,118,22.1,11.5,2,24,11.5,2,2,13.5,13.5
6256,East Tsim Sha Tsui,80,Siu Hong,119,22.1,11.5,2,24,11.5,2,2,13.5,13.5
6257,East Tsim Sha Tsui,80,Tuen Mun,120,22.1,11.5,2,24,11.5,2,2,13.5,13.5
6258,East Tsim Sha Tsui,80,Sai Ying Pun,81,13.2,6.5,2,15.5,6.5,2,2,6.5,6.5
6259,East Tsim Sha Tsui,80,HKU,82,13.2,6.5,2,15.5,6.5,2,2,6.5,6.5
6260,East Tsim Sha Tsui,80,Kennedy Town,83,13.2,6.5,2,15.5,6.5,2,2,6.5,6.5
6261,East Tsim Sha Tsui,80,Ho Man Tin,84,5.9,3.2,2,6,3.2,2,2,3.5,3.5
6262,East Tsim Sha Tsui,80,Whampoa,85,5.9,3.2,2,6,3.2,2,2,3.5,3.5
6263,East Tsim Sha Tsui,80,Ocean Park,86,13.2,6.5,2,15.5,6.5,2,2,6.5,6.5
6264,East Tsim Sha Tsui,80,Wong Chuk Hang,87,13.2,6.5,2,15.5,6.5,2,2,6.5,6.5
6265,East Tsim Sha Tsui,80,Lei Tung,88,13.2,6.5,2,15.5,6.5,2,2,6.5,6.5
6266,East Tsim Sha Tsui,80,South Horizons,89,15.8,7.4,2,16,7.4,2,2,7.5,7.5
6267,East Tsim Sha Tsui,80,Hin Keng,90,10.1,5.1,2,12,5.1,2,2,5.5,5.5
6268,East Tsim Sha Tsui,80,Kai Tak,91,7.4,3.7,2,7.5,3.7,2,2,4,4
6269,East Tsim Sha Tsui,80,Sung Wong Toi,92,5.9,3.2,2,6,3.2,2,2,3.5,3.5
6270,East Tsim Sha Tsui,80,To Kwa Wan,93,5.9,3.2,2,6,3.2,2,2,3.5,3.5
6271,Che Kung Temple,96,Central,1,17.2,8.7,2,19,8.7,2,2,10,10
6272,Che Kung Temple,96,Admiralty,2,17.2,8.7,2,19,8.7,2,2,10,10
6273,Che Kung Temple,96,Tsim Sha Tsui,3,11.1,5.5,2,13,5.5,2,2,5.5,5.5
6274,Che Kung Temple,96,Jordan,4,11.1,5.5,2,13,5.5,2,2,5.5,5.5
6275,Che Kung Temple,96,Yau Ma Tei,5,9.8,4.9,2,12,4.9,2,2,5,5
6276,Che Kung Temple,96,Mong Kok,6,9.8,4.9,2,12,4.9,2,2,5,5
6277,Che Kung Temple,96,Shek Kip Mei,7,8.7,4.9,2,10,4.9,2,2,5,5
6278,Che Kung Temple,96,Kowloon Tong,8,8.1,4,2,9.5,4,2,2,4,4
6279,Che Kung Temple,96,Lok Fu,9,8.7,4.9,2,10,4.9,2,2,5,5
6280,Che Kung Temple,96,Wong Tai Sin,10,8.7,4.9,2,10,4.9,2,2,5,5
6281,Che Kung Temple,96,Diamond Hill,11,9.8,4.9,2,12,4.9,2,2,5,5
6282,Che Kung Temple,96,Choi Hung,12,9.8,4.9,2,12,4.9,2,2,5,5
6283,Che Kung Temple,96,Kowloon Bay,13,11.1,5.6,2,13,5.6,2,2,6,6
6284,Che Kung Temple,96,Ngau Tau Kok,14,11.1,5.6,2,13,5.6,2,2,6,6
6285,Che Kung Temple,96,Kwun Tong,15,11.1,5.6,2,13,5.6,2,2,6,6
6286,Che Kung Temple,96,Prince Edward,16,8.7,4.9,2,10,4.9,2,2,5,5
6287,Che Kung Temple,96,Sham Shui Po,17,8.7,4.9,2,10,4.9,2,2,5,5
6288,Che Kung Temple,96,Cheung Sha Wan,18,9.8,4.9,2,12,4.9,2,2,5,5
6289,Che Kung Temple,96,Lai Chi Kok,19,9.8,4.9,2,12,4.9,2,2,5,5
6290,Che Kung Temple,96,Mei Foo,20,11.1,5.6,2,13,5.6,2,2,6,6
6291,Che Kung Temple,96,Lai King,21,11.1,5.6,2,13,5.6,2,2,6,6
6292,Che Kung Temple,96,Kwai Fong,22,12.3,6,2,15,6,2,2,6,6
6293,Che Kung Temple,96,Kwai Hing,23,12.3,6,2,15,6,2,2,6,6
6294,Che Kung Temple,96,Tai Wo Hau,24,12.3,6,2,15,6,2,2,6,6
6295,Che Kung Temple,96,Tsuen Wan,25,12.3,6,2,15,6,2,2,6,6
6296,Che Kung Temple,96,Sheung Wan,26,17.2,8.7,2,19,8.7,2,2,10,10
6297,Che Kung Temple,96,Wan Chai,27,17.2,8.7,2,19,8.7,2,2,10,10
6298,Che Kung Temple,96,Causeway Bay,28,17.2,8.7,2,19,8.7,2,2,10,10
6299,Che Kung Temple,96,Tin Hau,29,20.4,9.9,2,22,9.9,2,2,12,12
6300,Che Kung Temple,96,Fortress Hill,30,20.4,9.9,2,22,9.9,2,2,12,12
6301,Che Kung Temple,96,North Point,31,20.4,9.9,2,22,9.9,2,2,12,12
6302,Che Kung Temple,96,Quarry Bay,32,20.4,9.9,2,22,9.9,2,2,12,12
6303,Che Kung Temple,96,Tai Koo,33,20.4,9.9,2,22,9.9,2,2,12,12
6304,Che Kung Temple,96,Sai Wan Ho,34,20.4,9.9,2,22,9.9,2,2,12,12
6305,Che Kung Temple,96,Shau Kei Wan,35,20.4,9.9,2,22,9.9,2,2,12,12
6306,Che Kung Temple,96,Heng Fa Chuen,36,20.4,9.9,2,22,9.9,2,2,12,12
6307,Che Kung Temple,96,Chai Wan,37,20.4,9.9,2,22,9.9,2,2,12,12
6308,Che Kung Temple,96,Lam Tin,38,12.3,6,2,15,6,2,2,6,6
6309,Che Kung Temple,96,Hong Kong,39,17.2,8.7,2,19,8.7,2,2,10,10
6310,Che Kung Temple,96,Kowloon,40,11.1,5.6,2,13,5.6,2,2,6,6
6311,Che Kung Temple,96,Olympic,41,9.8,4.9,2,12,4.9,2,2,5,5
6312,Che Kung Temple,96,Tsing Yi,42,12.3,6,2,15,6,2,2,6,6
6313,Che Kung Temple,96,Tung Chung,43,25,12.9,2,28.5,12.9,2,2,15.5,15.5
6314,Che Kung Temple,96,Yau Tong,48,12.3,6,2,15,6,2,2,6,6
6315,Che Kung Temple,96,Tiu Keng Leng,49,12.3,6,2,15,6,2,2,6,6
6316,Che Kung Temple,96,Tseung Kwan O,50,13.9,6.4,2,16,6.4,2,2,6.5,6.5
6317,Che Kung Temple,96,Hang Hau,51,13.9,6.4,2,16,6.4,2,2,6.5,6.5
6318,Che Kung Temple,96,Po Lam,52,13.9,6.4,2,16,6.4,2,2,6.5,6.5
6319,Che Kung Temple,96,Nam Cheong,53,9,5.1,2,10,5.1,2,2,5.5,5.5
6320,Che Kung Temple,96,Sunny Bay,54,21.4,10.8,2,24.5,10.8,2,2,13.5,13.5
6321,Che Kung Temple,96,Disneyland Resort,55,29.3,15,2,31.5,15,2,2,17,17
6322,Che Kung Temple,96,LOHAS Park,57,13.9,6.4,2,16,6.4,2,2,6.5,6.5
6323,Che Kung Temple,96,Hung Hom,64,8.6,4.1,2,9.5,4.1,2,2,4.5,4.5
6324,Che Kung Temple,96,Mong Kok East,65,8.6,4.1,2,9.5,4.1,2,2,4.5,4.5
6325,Che Kung Temple,96,Tai Wai,67,4,1.9,2,4,1.9,1.9,1.9,2,2
6326,Che Kung Temple,96,Sha Tin,68,5.9,2.8,2,6,2.8,2,2,3,3
6327,Che Kung Temple,96,Fo Tan,69,5.9,2.8,2,6,2.8,2,2,3,3
6328,Che Kung Temple,96,Racecourse,70,9.9,5.1,9.9,12,5.1,2,2,5.5,5.5
6329,Che Kung Temple,96,University,71,5.9,2.8,2,6,2.8,2,2,3,3
6330,Che Kung Temple,96,Tai Po Market,72,7.7,3.8,2,8,3.8,2,2,4,4
6331,Che Kung Temple,96,Tai Wo,73,7.7,3.8,2,8,3.8,2,2,4,4
6332,Che Kung Temple,96,Fanling,74,7.7,3.8,2,8,3.8,2,2,4,4
6333,Che Kung Temple,96,Sheung Shui,75,7.7,3.8,2,8,3.8,2,2,4,4
6334,Che Kung Temple,96,Lo Wu,76,33,33,33,35.5,16.9,16.9,16.9,17.5,17.5
6335,Che Kung Temple,96,Lok Ma Chau,78,33,33,33,35.5,16.9,16.9,16.9,17.5,17.5
6336,Che Kung Temple,96,East Tsim Sha Tsui,80,11.1,5.5,2,13,5.5,2,2,5.5,5.5
6337,Che Kung Temple,96,Che Kung Temple,96,0,0,0,0,0,0,0,0,0
6338,Che Kung Temple,96,Sha Tin Wai,97,4,1.9,2,4,1.9,1.9,1.9,2,2
6339,Che Kung Temple,96,City One,98,4.6,2.2,2,5,2.2,2,2,2.5,2.5
6340,Che Kung Temple,96,Shek Mun,99,4.6,2.2,2,5,2.2,2,2,2.5,2.5
6341,Che Kung Temple,96,Tai Shui Hang,100,5.9,2.8,2,6,2.8,2,2,3,3
6342,Che Kung Temple,96,Heng On,101,5.9,2.8,2,6,2.8,2,2,3,3
6343,Che Kung Temple,96,Ma On Shan,102,5.9,2.8,2,6,2.8,2,2,3,3
6344,Che Kung Temple,96,Wu Kai Sha,103,5.9,2.8,2,6,2.8,2,2,3,3
6345,Che Kung Temple,96,Austin,111,11.1,5.5,2,13,5.5,2,2,5.5,5.5
6346,Che Kung Temple,96,Tsuen Wan West,114,11.9,6.4,2,14,6.4,2,2,6.5,6.5
6347,Che Kung Temple,96,Kam Sheung Road,115,21.4,11.6,2,22,11.6,2,2,13.5,13.5
6348,Che Kung Temple,96,Yuen Long,116,22.5,12.1,2,24.5,12.1,2,2,14,14
6349,Che Kung Temple,96,Long Ping,117,22.5,12.1,2,24.5,12.1,2,2,14,14
6350,Che Kung Temple,96,Tin Shui Wai,118,22.5,12.1,2,24.5,12.1,2,2,14,14
6351,Che Kung Temple,96,Siu Hong,119,22.5,12.1,2,24.5,12.1,2,2,14,14
6352,Che Kung Temple,96,Tuen Mun,120,22.5,12.1,2,24.5,12.1,2,2,14,14
6353,Che Kung Temple,96,Sai Ying Pun,81,17.2,8.7,2,19,8.7,2,2,10,10
6354,Che Kung Temple,96,HKU,82,20.4,9.9,2,22,9.9,2,2,12,12
6355,Che Kung Temple,96,Kennedy Town,83,20.4,9.9,2,22,9.9,2,2,12,12
6356,Che Kung Temple,96,Ho Man Tin,84,11.1,5.5,2,13,5.5,2,2,5.5,5.5
6357,Che Kung Temple,96,Whampoa,85,11.1,5.5,2,13,5.5,2,2,5.5,5.5
6358,Che Kung Temple,96,Ocean Park,86,20.4,9.9,2,22,9.9,2,2,12,12
6359,Che Kung Temple,96,Wong Chuk Hang,87,20.4,9.9,2,22,9.9,2,2,12,12
6360,Che Kung Temple,96,Lei Tung,88,20.4,9.9,2,22,9.9,2,2,12,12
6361,Che Kung Temple,96,South Horizons,89,20.4,9.9,2,22,9.9,2,2,12,12
6362,Che Kung Temple,96,Hin Keng,90,5.9,2.8,2,6,2.8,2,2,3,3
6363,Che Kung Temple,96,Kai Tak,91,9.8,4.9,2,12,4.9,2,2,5,5
6364,Che Kung Temple,96,Sung Wong Toi,92,11.1,5.5,2,13,5.5,2,2,5.5,5.5
6365,Che Kung Temple,96,To Kwa Wan,93,11.1,5.5,2,13,5.5,2,2,5.5,5.5
6366,Sha Tin Wai,97,Central,1,17.2,8.7,2,19,8.7,2,2,10,10
6367,Sha Tin Wai,97,Admiralty,2,17.2,8.7,2,19,8.7,2,2,10,10
6368,Sha Tin Wai,97,Tsim Sha Tsui,3,11.1,5.5,2,13,5.5,2,2,5.5,5.5
6369,Sha Tin Wai,97,Jordan,4,11.1,5.5,2,13,5.5,2,2,5.5,5.5
6370,Sha Tin Wai,97,Yau Ma Tei,5,9.8,4.9,2,12,4.9,2,2,5,5
6371,Sha Tin Wai,97,Mong Kok,6,9.8,4.9,2,12,4.9,2,2,5,5
6372,Sha Tin Wai,97,Shek Kip Mei,7,8.7,4.9,2,10,4.9,2,2,5,5
6373,Sha Tin Wai,97,Kowloon Tong,8,8.1,4,2,9.5,4,2,2,4,4
6374,Sha Tin Wai,97,Lok Fu,9,8.7,4.9,2,10,4.9,2,2,5,5
6375,Sha Tin Wai,97,Wong Tai Sin,10,8.7,4.9,2,10,4.9,2,2,5,5
6376,Sha Tin Wai,97,Diamond Hill,11,9.8,4.9,2,12,4.9,2,2,5,5
6377,Sha Tin Wai,97,Choi Hung,12,9.8,4.9,2,12,4.9,2,2,5,5
6378,Sha Tin Wai,97,Kowloon Bay,13,11.1,5.6,2,13,5.6,2,2,6,6
6379,Sha Tin Wai,97,Ngau Tau Kok,14,11.1,5.6,2,13,5.6,2,2,6,6
6380,Sha Tin Wai,97,Kwun Tong,15,11.1,5.6,2,13,5.6,2,2,6,6
6381,Sha Tin Wai,97,Prince Edward,16,8.7,4.9,2,10,4.9,2,2,5,5
6382,Sha Tin Wai,97,Sham Shui Po,17,8.7,4.9,2,10,4.9,2,2,5,5
6383,Sha Tin Wai,97,Cheung Sha Wan,18,9.8,4.9,2,12,4.9,2,2,5,5
6384,Sha Tin Wai,97,Lai Chi Kok,19,9.8,4.9,2,12,4.9,2,2,5,5
6385,Sha Tin Wai,97,Mei Foo,20,11.1,5.6,2,13,5.6,2,2,6,6
6386,Sha Tin Wai,97,Lai King,21,11.1,5.6,2,13,5.6,2,2,6,6
6387,Sha Tin Wai,97,Kwai Fong,22,12.3,6,2,15,6,2,2,6,6
6388,Sha Tin Wai,97,Kwai Hing,23,12.3,6,2,15,6,2,2,6,6
6389,Sha Tin Wai,97,Tai Wo Hau,24,12.3,6,2,15,6,2,2,6,6
6390,Sha Tin Wai,97,Tsuen Wan,25,12.3,6,2,15,6,2,2,6,6
6391,Sha Tin Wai,97,Sheung Wan,26,17.2,8.7,2,19,8.7,2,2,10,10
6392,Sha Tin Wai,97,Wan Chai,27,17.2,8.7,2,19,8.7,2,2,10,10
6393,Sha Tin Wai,97,Causeway Bay,28,17.2,8.7,2,19,8.7,2,2,10,10
6394,Sha Tin Wai,97,Tin Hau,29,20.4,9.9,2,22,9.9,2,2,12,12
6395,Sha Tin Wai,97,Fortress Hill,30,20.4,9.9,2,22,9.9,2,2,12,12
6396,Sha Tin Wai,97,North Point,31,20.4,9.9,2,22,9.9,2,2,12,12
6397,Sha Tin Wai,97,Quarry Bay,32,20.4,9.9,2,22,9.9,2,2,12,12
6398,Sha Tin Wai,97,Tai Koo,33,20.4,9.9,2,22,9.9,2,2,12,12
6399,Sha Tin Wai,97,Sai Wan Ho,34,20.4,9.9,2,22,9.9,2,2,12,12
6400,Sha Tin Wai,97,Shau Kei Wan,35,20.4,9.9,2,22,9.9,2,2,12,12
6401,Sha Tin Wai,97,Heng Fa Chuen,36,20.4,9.9,2,22,9.9,2,2,12,12
6402,Sha Tin Wai,97,Chai Wan,37,20.4,9.9,2,22,9.9,2,2,12,12
6403,Sha Tin Wai,97,Lam Tin,38,12.3,6,2,15,6,2,2,6,6
6404,Sha Tin Wai,97,Hong Kong,39,17.2,8.7,2,19,8.7,2,2,10,10
6405,Sha Tin Wai,97,Kowloon,40,11.1,5.6,2,13,5.6,2,2,6,6
6406,Sha Tin Wai,97,Olympic,41,9.8,4.9,2,12,4.9,2,2,5,5
6407,Sha Tin Wai,97,Tsing Yi,42,12.3,6,2,15,6,2,2,6,6
6408,Sha Tin Wai,97,Tung Chung,43,25,12.9,2,28.5,12.9,2,2,15.5,15.5
6409,Sha Tin Wai,97,Yau Tong,48,12.3,6,2,15,6,2,2,6,6
6410,Sha Tin Wai,97,Tiu Keng Leng,49,12.3,6,2,15,6,2,2,6,6
6411,Sha Tin Wai,97,Tseung Kwan O,50,13.9,6.4,2,16,6.4,2,2,6.5,6.5
6412,Sha Tin Wai,97,Hang Hau,51,13.9,6.4,2,16,6.4,2,2,6.5,6.5
6413,Sha Tin Wai,97,Po Lam,52,13.9,6.4,2,16,6.4,2,2,6.5,6.5
6414,Sha Tin Wai,97,Nam Cheong,53,9,5.1,2,10,5.1,2,2,5.5,5.5
6415,Sha Tin Wai,97,Sunny Bay,54,21.4,10.8,2,24.5,10.8,2,2,13.5,13.5
6416,Sha Tin Wai,97,Disneyland Resort,55,29.3,15,2,31.5,15,2,2,17,17
6417,Sha Tin Wai,97,LOHAS Park,57,13.9,6.4,2,16,6.4,2,2,6.5,6.5
6418,Sha Tin Wai,97,Hung Hom,64,8.6,4.1,2,9.5,4.1,2,2,4.5,4.5
6419,Sha Tin Wai,97,Mong Kok East,65,8.6,4.1,2,9.5,4.1,2,2,4.5,4.5
6420,Sha Tin Wai,97,Tai Wai,67,5.9,2.8,2,6,2.8,2,2,3,3
6421,Sha Tin Wai,97,Sha Tin,68,5.9,2.8,2,6,2.8,2,2,3,3
6422,Sha Tin Wai,97,Fo Tan,69,5.9,2.8,2,6,2.8,2,2,3,3
6423,Sha Tin Wai,97,Racecourse,70,9.9,5.1,9.9,12,5.1,2,2,5.5,5.5
6424,Sha Tin Wai,97,University,71,5.9,2.8,2,6,2.8,2,2,3,3
6425,Sha Tin Wai,97,Tai Po Market,72,7.7,3.8,2,8,3.8,2,2,4,4
6426,Sha Tin Wai,97,Tai Wo,73,7.7,3.8,2,8,3.8,2,2,4,4
6427,Sha Tin Wai,97,Fanling,74,7.7,3.8,2,8,3.8,2,2,4,4
6428,Sha Tin Wai,97,Sheung Shui,75,7.7,3.8,2,8,3.8,2,2,4,4
6429,Sha Tin Wai,97,Lo Wu,76,33,33,33,35.5,16.9,16.9,16.9,17.5,17.5
6430,Sha Tin Wai,97,Lok Ma Chau,78,33,33,33,35.5,16.9,16.9,16.9,17.5,17.5
6431,Sha Tin Wai,97,East Tsim Sha Tsui,80,11.1,5.5,2,13,5.5,2,2,5.5,5.5
6432,Sha Tin Wai,97,Che Kung Temple,96,4,1.9,2,4,1.9,1.9,1.9,2,2
6433,Sha Tin Wai,97,Sha Tin Wai,97,0,0,0,0,0,0,0,0,0
6434,Sha Tin Wai,97,City One,98,4,1.9,2,4,1.9,1.9,1.9,2,2
6435,Sha Tin Wai,97,Shek Mun,99,4.6,2.2,2,5,2.2,2,2,2.5,2.5
6436,Sha Tin Wai,97,Tai Shui Hang,100,5.9,2.8,2,6,2.8,2,2,3,3
6437,Sha Tin Wai,97,Heng On,101,5.9,2.8,2,6,2.8,2,2,3,3
6438,Sha Tin Wai,97,Ma On Shan,102,5.9,2.8,2,6,2.8,2,2,3,3
6439,Sha Tin Wai,97,Wu Kai Sha,103,5.9,2.8,2,6,2.8,2,2,3,3
6440,Sha Tin Wai,97,Austin,111,11.1,5.5,2,13,5.5,2,2,5.5,5.5
6441,Sha Tin Wai,97,Tsuen Wan West,114,11.9,6.4,2,14,6.4,2,2,6.5,6.5
6442,Sha Tin Wai,97,Kam Sheung Road,115,21.4,11.6,2,22,11.6,2,2,13.5,13.5
6443,Sha Tin Wai,97,Yuen Long,116,22.5,12.1,2,24.5,12.1,2,2,14,14
6444,Sha Tin Wai,97,Long Ping,117,22.5,12.1,2,24.5,12.1,2,2,14,14
6445,Sha Tin Wai,97,Tin Shui Wai,118,22.5,12.1,2,24.5,12.1,2,2,14,14
6446,Sha Tin Wai,97,Siu Hong,119,22.5,12.1,2,24.5,12.1,2,2,14,14
6447,Sha Tin Wai,97,Tuen Mun,120,22.5,12.1,2,24.5,12.1,2,2,14,14
6448,Sha Tin Wai,97,Sai Ying Pun,81,17.2,8.7,2,19,8.7,2,2,10,10
6449,Sha Tin Wai,97,HKU,82,20.4,9.9,2,22,9.9,2,2,12,12
6450,Sha Tin Wai,97,Kennedy Town,83,20.4,9.9,2,22,9.9,2,2,12,12
6451,Sha Tin Wai,97,Ho Man Tin,84,11.1,5.5,2,13,5.5,2,2,5.5,5.5
6452,Sha Tin Wai,97,Whampoa,85,11.1,5.5,2,13,5.5,2,2,5.5,5.5
6453,Sha Tin Wai,97,Ocean Park,86,20.4,9.9,2,22,9.9,2,2,12,12
6454,Sha Tin Wai,97,Wong Chuk Hang,87,20.4,9.9,2,22,9.9,2,2,12,12
6455,Sha Tin Wai,97,Lei Tung,88,20.4,9.9,2,22,9.9,2,2,12,12
6456,Sha Tin Wai,97,South Horizons,89,20.4,9.9,2,22,9.9,2,2,12,12
6457,Sha Tin Wai,97,Hin Keng,90,5.9,2.8,2,6,2.8,2,2,3,3
6458,Sha Tin Wai,97,Kai Tak,91,9.8,4.9,2,12,4.9,2,2,5,5
6459,Sha Tin Wai,97,Sung Wong Toi,92,11.1,5.5,2,13,5.5,2,2,5.5,5.5
6460,Sha Tin Wai,97,To Kwa Wan,93,11.1,5.5,2,13,5.5,2,2,5.5,5.5
6461,City One,98,Central,1,17.2,8.7,2,19,8.7,2,2,10,10
6462,City One,98,Admiralty,2,17.2,8.7,2,19,8.7,2,2,10,10
6463,City One,98,Tsim Sha Tsui,3,11.1,5.5,2,13,5.5,2,2,5.5,5.5
6464,City One,98,Jordan,4,11.1,5.5,2,13,5.5,2,2,5.5,5.5
6465,City One,98,Yau Ma Tei,5,9.8,4.9,2,12,4.9,2,2,5,5
6466,City One,98,Mong Kok,6,9.8,4.9,2,12,4.9,2,2,5,5
6467,City One,98,Shek Kip Mei,7,8.7,4.9,2,10,4.9,2,2,5,5
6468,City One,98,Kowloon Tong,8,8.1,4,2,9.5,4,2,2,4,4
6469,City One,98,Lok Fu,9,8.7,4.9,2,10,4.9,2,2,5,5
6470,City One,98,Wong Tai Sin,10,8.7,4.9,2,10,4.9,2,2,5,5
6471,City One,98,Diamond Hill,11,9.8,4.9,2,12,4.9,2,2,5,5
6472,City One,98,Choi Hung,12,9.8,4.9,2,12,4.9,2,2,5,5
6473,City One,98,Kowloon Bay,13,11.1,5.6,2,13,5.6,2,2,6,6
6474,City One,98,Ngau Tau Kok,14,11.1,5.6,2,13,5.6,2,2,6,6
6475,City One,98,Kwun Tong,15,11.1,5.6,2,13,5.6,2,2,6,6
6476,City One,98,Prince Edward,16,8.7,4.9,2,10,4.9,2,2,5,5
6477,City One,98,Sham Shui Po,17,8.7,4.9,2,10,4.9,2,2,5,5
6478,City One,98,Cheung Sha Wan,18,9.8,4.9,2,12,4.9,2,2,5,5
6479,City One,98,Lai Chi Kok,19,9.8,4.9,2,12,4.9,2,2,5,5
6480,City One,98,Mei Foo,20,11.1,5.6,2,13,5.6,2,2,6,6
6481,City One,98,Lai King,21,11.1,5.6,2,13,5.6,2,2,6,6
6482,City One,98,Kwai Fong,22,12.3,6,2,15,6,2,2,6,6
6483,City One,98,Kwai Hing,23,12.3,6,2,15,6,2,2,6,6
6484,City One,98,Tai Wo Hau,24,12.3,6,2,15,6,2,2,6,6
6485,City One,98,Tsuen Wan,25,12.3,6,2,15,6,2,2,6,6
6486,City One,98,Sheung Wan,26,17.2,8.7,2,19,8.7,2,2,10,10
6487,City One,98,Wan Chai,27,17.2,8.7,2,19,8.7,2,2,10,10
6488,City One,98,Causeway Bay,28,17.2,8.7,2,19,8.7,2,2,10,10
6489,City One,98,Tin Hau,29,20.4,9.9,2,22,9.9,2,2,12,12
6490,City One,98,Fortress Hill,30,20.4,9.9,2,22,9.9,2,2,12,12
6491,City One,98,North Point,31,20.4,9.9,2,22,9.9,2,2,12,12
6492,City One,98,Quarry Bay,32,20.4,9.9,2,22,9.9,2,2,12,12
6493,City One,98,Tai Koo,33,20.4,9.9,2,22,9.9,2,2,12,12
6494,City One,98,Sai Wan Ho,34,20.4,9.9,2,22,9.9,2,2,12,12
6495,City One,98,Shau Kei Wan,35,20.4,9.9,2,22,9.9,2,2,12,12
6496,City One,98,Heng Fa Chuen,36,20.4,9.9,2,22,9.9,2,2,12,12
6497,City One,98,Chai Wan,37,20.4,9.9,2,22,9.9,2,2,12,12
6498,City One,98,Lam Tin,38,12.3,6,2,15,6,2,2,6,6
6499,City One,98,Hong Kong,39,17.2,8.7,2,19,8.7,2,2,10,10
6500,City One,98,Kowloon,40,11.1,5.6,2,13,5.6,2,2,6,6
6501,City One,98,Olympic,41,9.8,4.9,2,12,4.9,2,2,5,5
6502,City One,98,Tsing Yi,42,12.3,6,2,15,6,2,2,6,6
6503,City One,98,Tung Chung,43,25,12.9,2,28.5,12.9,2,2,15.5,15.5
6504,City One,98,Yau Tong,48,12.3,6,2,15,6,2,2,6,6
6505,City One,98,Tiu Keng Leng,49,12.3,6,2,15,6,2,2,6,6
6506,City One,98,Tseung Kwan O,50,13.9,6.4,2,16,6.4,2,2,6.5,6.5
6507,City One,98,Hang Hau,51,13.9,6.4,2,16,6.4,2,2,6.5,6.5
6508,City One,98,Po Lam,52,13.9,6.4,2,16,6.4,2,2,6.5,6.5
6509,City One,98,Nam Cheong,53,9,5.1,2,10,5.1,2,2,5.5,5.5
6510,City One,98,Sunny Bay,54,21.4,10.8,2,24.5,10.8,2,2,13.5,13.5
6511,City One,98,Disneyland Resort,55,29.3,15,2,31.5,15,2,2,17,17
6512,City One,98,LOHAS Park,57,13.9,6.4,2,16,6.4,2,2,6.5,6.5
6513,City One,98,Hung Hom,64,8.6,4.1,2,9.5,4.1,2,2,4.5,4.5
6514,City One,98,Mong Kok East,65,8.6,4.1,2,9.5,4.1,2,2,4.5,4.5
6515,City One,98,Tai Wai,67,5.9,2.8,2,6,2.8,2,2,3,3
6516,City One,98,Sha Tin,68,5.9,2.8,2,6,2.8,2,2,3,3
6517,City One,98,Fo Tan,69,5.9,2.8,2,6,2.8,2,2,3,3
6518,City One,98,Racecourse,70,9.9,5.1,9.9,12,5.1,2,2,5.5,5.5
6519,City One,98,University,71,5.9,2.8,2,6,2.8,2,2,3,3
6520,City One,98,Tai Po Market,72,7.7,3.8,2,8,3.8,2,2,4,4
6521,City One,98,Tai Wo,73,7.7,3.8,2,8,3.8,2,2,4,4
6522,City One,98,Fanling,74,7.7,3.8,2,8,3.8,2,2,4,4
6523,City One,98,Sheung Shui,75,7.7,3.8,2,8,3.8,2,2,4,4
6524,City One,98,Lo Wu,76,33,33,33,35.5,16.9,16.9,16.9,17.5,17.5
6525,City One,98,Lok Ma Chau,78,33,33,33,35.5,16.9,16.9,16.9,17.5,17.5
6526,City One,98,East Tsim Sha Tsui,80,11.1,5.5,2,13,5.5,2,2,5.5,5.5
6527,City One,98,Che Kung Temple,96,4.6,2.2,2,5,2.2,2,2,2.5,2.5
6528,City One,98,Sha Tin Wai,97,4,1.9,2,4,1.9,1.9,1.9,2,2
6529,City One,98,City One,98,0,0,0,0,0,0,0,0,0
6530,City One,98,Shek Mun,99,4,1.9,2,4,1.9,1.9,1.9,2,2
6531,City One,98,Tai Shui Hang,100,5.9,2.8,2,6,2.8,2,2,3,3
6532,City One,98,Heng On,101,5.9,2.8,2,6,2.8,2,2,3,3
6533,City One,98,Ma On Shan,102,5.9,2.8,2,6,2.8,2,2,3,3
6534,City One,98,Wu Kai Sha,103,5.9,2.8,2,6,2.8,2,2,3,3
6535,City One,98,Austin,111,11.1,5.5,2,13,5.5,2,2,5.5,5.5
6536,City One,98,Tsuen Wan West,114,11.9,6.4,2,14,6.4,2,2,6.5,6.5
6537,City One,98,Kam Sheung Road,115,21.4,11.6,2,22,11.6,2,2,13.5,13.5
6538,City One,98,Yuen Long,116,22.5,12.1,2,24.5,12.1,2,2,14,14
6539,City One,98,Long Ping,117,22.5,12.1,2,24.5,12.1,2,2,14,14
6540,City One,98,Tin Shui Wai,118,22.5,12.1,2,24.5,12.1,2,2,14,14
6541,City One,98,Siu Hong,119,22.5,12.1,2,24.5,12.1,2,2,14,14
6542,City One,98,Tuen Mun,120,22.5,12.1,2,24.5,12.1,2,2,14,14
6543,City One,98,Sai Ying Pun,81,17.2,8.7,2,19,8.7,2,2,10,10
6544,City One,98,HKU,82,20.4,9.9,2,22,9.9,2,2,12,12
6545,City One,98,Kennedy Town,83,20.4,9.9,2,22,9.9,2,2,12,12
6546,City One,98,Ho Man Tin,84,11.1,5.5,2,13,5.5,2,2,5.5,5.5
6547,City One,98,Whampoa,85,11.1,5.5,2,13,5.5,2,2,5.5,5.5
6548,City One,98,Ocean Park,86,20.4,9.9,2,22,9.9,2,2,12,12
6549,City One,98,Wong Chuk Hang,87,20.4,9.9,2,22,9.9,2,2,12,12
6550,City One,98,Lei Tung,88,20.4,9.9,2,22,9.9,2,2,12,12
6551,City One,98,South Horizons,89,20.4,9.9,2,22,9.9,2,2,12,12
6552,City One,98,Hin Keng,90,5.9,2.8,2,6,2.8,2,2,3,3
6553,City One,98,Kai Tak,91,9.8,4.9,2,12,4.9,2,2,5,5
6554,City One,98,Sung Wong Toi,92,11.1,5.5,2,13,5.5,2,2,5.5,5.5
6555,City One,98,To Kwa Wan,93,11.1,5.5,2,13,5.5,2,2,5.5,5.5
6556,Shek Mun,99,Central,1,17.2,8.7,2,19,8.7,2,2,10,10
6557,Shek Mun,99,Admiralty,2,17.2,8.7,2,19,8.7,2,2,10,10
6558,Shek Mun,99,Tsim Sha Tsui,3,11.1,5.5,2,13,5.5,2,2,5.5,5.5
6559,Shek Mun,99,Jordan,4,11.1,5.5,2,13,5.5,2,2,5.5,5.5
6560,Shek Mun,99,Yau Ma Tei,5,9.8,4.9,2,12,4.9,2,2,5,5
6561,Shek Mun,99,Mong Kok,6,9.8,4.9,2,12,4.9,2,2,5,5
6562,Shek Mun,99,Shek Kip Mei,7,8.7,4.9,2,10,4.9,2,2,5,5
6563,Shek Mun,99,Kowloon Tong,8,8.1,4,2,9.5,4,2,2,4,4
6564,Shek Mun,99,Lok Fu,9,8.7,4.9,2,10,4.9,2,2,5,5
6565,Shek Mun,99,Wong Tai Sin,10,8.7,4.9,2,10,4.9,2,2,5,5
6566,Shek Mun,99,Diamond Hill,11,9.8,4.9,2,12,4.9,2,2,5,5
6567,Shek Mun,99,Choi Hung,12,9.8,4.9,2,12,4.9,2,2,5,5
6568,Shek Mun,99,Kowloon Bay,13,11.1,5.6,2,13,5.6,2,2,6,6
6569,Shek Mun,99,Ngau Tau Kok,14,11.1,5.6,2,13,5.6,2,2,6,6
6570,Shek Mun,99,Kwun Tong,15,11.1,5.6,2,13,5.6,2,2,6,6
6571,Shek Mun,99,Prince Edward,16,8.7,4.9,2,10,4.9,2,2,5,5
6572,Shek Mun,99,Sham Shui Po,17,8.7,4.9,2,10,4.9,2,2,5,5
6573,Shek Mun,99,Cheung Sha Wan,18,9.8,4.9,2,12,4.9,2,2,5,5
6574,Shek Mun,99,Lai Chi Kok,19,9.8,4.9,2,12,4.9,2,2,5,5
6575,Shek Mun,99,Mei Foo,20,11.1,5.6,2,13,5.6,2,2,6,6
6576,Shek Mun,99,Lai King,21,11.1,5.6,2,13,5.6,2,2,6,6
6577,Shek Mun,99,Kwai Fong,22,12.3,6,2,15,6,2,2,6,6
6578,Shek Mun,99,Kwai Hing,23,12.3,6,2,15,6,2,2,6,6
6579,Shek Mun,99,Tai Wo Hau,24,12.3,6,2,15,6,2,2,6,6
6580,Shek Mun,99,Tsuen Wan,25,12.3,6,2,15,6,2,2,6,6
6581,Shek Mun,99,Sheung Wan,26,17.2,8.7,2,19,8.7,2,2,10,10
6582,Shek Mun,99,Wan Chai,27,17.2,8.7,2,19,8.7,2,2,10,10
6583,Shek Mun,99,Causeway Bay,28,17.2,8.7,2,19,8.7,2,2,10,10
6584,Shek Mun,99,Tin Hau,29,20.4,9.9,2,22,9.9,2,2,12,12
6585,Shek Mun,99,Fortress Hill,30,20.4,9.9,2,22,9.9,2,2,12,12
6586,Shek Mun,99,North Point,31,20.4,9.9,2,22,9.9,2,2,12,12
6587,Shek Mun,99,Quarry Bay,32,20.4,9.9,2,22,9.9,2,2,12,12
6588,Shek Mun,99,Tai Koo,33,20.4,9.9,2,22,9.9,2,2,12,12
6589,Shek Mun,99,Sai Wan Ho,34,20.4,9.9,2,22,9.9,2,2,12,12
6590,Shek Mun,99,Shau Kei Wan,35,20.4,9.9,2,22,9.9,2,2,12,12
6591,Shek Mun,99,Heng Fa Chuen,36,20.4,9.9,2,22,9.9,2,2,12,12
6592,Shek Mun,99,Chai Wan,37,20.4,9.9,2,22,9.9,2,2,12,12
6593,Shek Mun,99,Lam Tin,38,12.3,6,2,15,6,2,2,6,6
6594,Shek Mun,99,Hong Kong,39,17.2,8.7,2,19,8.7,2,2,10,10
6595,Shek Mun,99,Kowloon,40,11.1,5.6,2,13,5.6,2,2,6,6
6596,Shek Mun,99,Olympic,41,9.8,4.9,2,12,4.9,2,2,5,5
6597,Shek Mun,99,Tsing Yi,42,12.3,6,2,15,6,2,2,6,6
6598,Shek Mun,99,Tung Chung,43,25,12.9,2,28.5,12.9,2,2,15.5,15.5
6599,Shek Mun,99,Yau Tong,48,12.3,6,2,15,6,2,2,6,6
6600,Shek Mun,99,Tiu Keng Leng,49,12.3,6,2,15,6,2,2,6,6
6601,Shek Mun,99,Tseung Kwan O,50,13.9,6.4,2,16,6.4,2,2,6.5,6.5
6602,Shek Mun,99,Hang Hau,51,13.9,6.4,2,16,6.4,2,2,6.5,6.5
6603,Shek Mun,99,Po Lam,52,13.9,6.4,2,16,6.4,2,2,6.5,6.5
6604,Shek Mun,99,Nam Cheong,53,9,5.1,2,10,5.1,2,2,5.5,5.5
6605,Shek Mun,99,Sunny Bay,54,21.4,10.8,2,24.5,10.8,2,2,13.5,13.5
6606,Shek Mun,99,Disneyland Resort,55,29.3,15,2,31.5,15,2,2,17,17
6607,Shek Mun,99,LOHAS Park,57,13.9,6.4,2,16,6.4,2,2,6.5,6.5
6608,Shek Mun,99,Hung Hom,64,8.6,4.1,2,9.5,4.1,2,2,4.5,4.5
6609,Shek Mun,99,Mong Kok East,65,8.6,4.1,2,9.5,4.1,2,2,4.5,4.5
6610,Shek Mun,99,Tai Wai,67,5.9,2.8,2,6,2.8,2,2,3,3
6611,Shek Mun,99,Sha Tin,68,5.9,2.8,2,6,2.8,2,2,3,3
6612,Shek Mun,99,Fo Tan,69,5.9,2.8,2,6,2.8,2,2,3,3
6613,Shek Mun,99,Racecourse,70,9.9,5.1,9.9,12,5.1,2,2,5.5,5.5
6614,Shek Mun,99,University,71,5.9,2.8,2,6,2.8,2,2,3,3
6615,Shek Mun,99,Tai Po Market,72,7.7,3.8,2,8,3.8,2,2,4,4
6616,Shek Mun,99,Tai Wo,73,7.7,3.8,2,8,3.8,2,2,4,4
6617,Shek Mun,99,Fanling,74,7.7,3.8,2,8,3.8,2,2,4,4
6618,Shek Mun,99,Sheung Shui,75,7.7,3.8,2,8,3.8,2,2,4,4
6619,Shek Mun,99,Lo Wu,76,33,33,33,35.5,16.9,16.9,16.9,17.5,17.5
6620,Shek Mun,99,Lok Ma Chau,78,33,33,33,35.5,16.9,16.9,16.9,17.5,17.5
6621,Shek Mun,99,East Tsim Sha Tsui,80,11.1,5.5,2,13,5.5,2,2,5.5,5.5
6622,Shek Mun,99,Che Kung Temple,96,4.6,2.2,2,5,2.2,2,2,2.5,2.5
6623,Shek Mun,99,Sha Tin Wai,97,4.6,2.2,2,5,2.2,2,2,2.5,2.5
6624,Shek Mun,99,City One,98,4,1.9,2,4,1.9,1.9,1.9,2,2
6625,Shek Mun,99,Shek Mun,99,0,0,0,0,0,0,0,0,0
6626,Shek Mun,99,Tai Shui Hang,100,4,1.9,2,4,1.9,1.9,1.9,2,2
6627,Shek Mun,99,Heng On,101,5.9,2.8,2,6,2.8,2,2,3,3
6628,Shek Mun,99,Ma On Shan,102,5.9,2.8,2,6,2.8,2,2,3,3
6629,Shek Mun,99,Wu Kai Sha,103,5.9,2.8,2,6,2.8,2,2,3,3
6630,Shek Mun,99,Austin,111,11.1,5.5,2,13,5.5,2,2,5.5,5.5
6631,Shek Mun,99,Tsuen Wan West,114,11.9,6.4,2,14,6.4,2,2,6.5,6.5
6632,Shek Mun,99,Kam Sheung Road,115,21.4,11.6,2,22,11.6,2,2,13.5,13.5
6633,Shek Mun,99,Yuen Long,116,22.5,12.1,2,24.5,12.1,2,2,14,14
6634,Shek Mun,99,Long Ping,117,22.5,12.1,2,24.5,12.1,2,2,14,14
6635,Shek Mun,99,Tin Shui Wai,118,22.5,12.1,2,24.5,12.1,2,2,14,14
6636,Shek Mun,99,Siu Hong,119,22.5,12.1,2,24.5,12.1,2,2,14,14
6637,Shek Mun,99,Tuen Mun,120,22.5,12.1,2,24.5,12.1,2,2,14,14
6638,Shek Mun,99,Sai Ying Pun,81,17.2,8.7,2,19,8.7,2,2,10,10
6639,Shek Mun,99,HKU,82,20.4,9.9,2,22,9.9,2,2,12,12
6640,Shek Mun,99,Kennedy Town,83,20.4,9.9,2,22,9.9,2,2,12,12
6641,Shek Mun,99,Ho Man Tin,84,11.1,5.5,2,13,5.5,2,2,5.5,5.5
6642,Shek Mun,99,Whampoa,85,11.1,5.5,2,13,5.5,2,2,5.5,5.5
6643,Shek Mun,99,Ocean Park,86,20.4,9.9,2,22,9.9,2,2,12,12
6644,Shek Mun,99,Wong Chuk Hang,87,20.4,9.9,2,22,9.9,2,2,12,12
6645,Shek Mun,99,Lei Tung,88,20.4,9.9,2,22,9.9,2,2,12,12
6646,Shek Mun,99,South Horizons,89,20.4,9.9,2,22,9.9,2,2,12,12
6647,Shek Mun,99,Hin Keng,90,5.9,2.8,2,6,2.8,2,2,3,3
6648,Shek Mun,99,Kai Tak,91,9.8,4.9,2,12,4.9,2,2,5,5
6649,Shek Mun,99,Sung Wong Toi,92,11.1,5.5,2,13,5.5,2,2,5.5,5.5
6650,Shek Mun,99,To Kwa Wan,93,11.1,5.5,2,13,5.5,2,2,5.5,5.5
6651,Tai Shui Hang,100,Central,1,20.8,10.4,2,22,10.4,2,2,12.5,12.5
6652,Tai Shui Hang,100,Admiralty,2,20.8,10.4,2,22,10.4,2,2,12.5,12.5
6653,Tai Shui Hang,100,Tsim Sha Tsui,3,14.2,7.2,2,15.5,7.2,2,2,7.5,7.5
6654,Tai Shui Hang,100,Jordan,4,13.3,6.5,2,15.5,6.5,2,2,6.5,6.5
6655,Tai Shui Hang,100,Yau Ma Tei,5,12,6,2,14,6,2,2,6,6
6656,Tai Shui Hang,100,Mong Kok,6,12,6,2,14,6,2,2,6,6
6657,Tai Shui Hang,100,Shek Kip Mei,7,10.7,6,2,12.5,6,2,2,6,6
6658,Tai Shui Hang,100,Kowloon Tong,8,10.7,5.4,2,12.5,5.4,2,2,5.5,5.5
6659,Tai Shui Hang,100,Lok Fu,9,10.7,6,2,12.5,6,2,2,6,6
6660,Tai Shui Hang,100,Wong Tai Sin,10,10.7,6,2,12.5,6,2,2,6,6
6661,Tai Shui Hang,100,Diamond Hill,11,12,6,2,14,6,2,2,6,6
6662,Tai Shui Hang,100,Choi Hung,12,12,6,2,14,6,2,2,6,6
6663,Tai Shui Hang,100,Kowloon Bay,13,13.3,6.5,2,15.5,6.5,2,2,6.5,6.5
6664,Tai Shui Hang,100,Ngau Tau Kok,14,13.3,6.5,2,15.5,6.5,2,2,6.5,6.5
6665,Tai Shui Hang,100,Kwun Tong,15,13.3,6.5,2,15.5,6.5,2,2,6.5,6.5
6666,Tai Shui Hang,100,Prince Edward,16,10.7,6,2,12.5,6,2,2,6,6
6667,Tai Shui Hang,100,Sham Shui Po,17,10.7,6,2,12.5,6,2,2,6,6
6668,Tai Shui Hang,100,Cheung Sha Wan,18,12,6,2,14,6,2,2,6,6
6669,Tai Shui Hang,100,Lai Chi Kok,19,12,6,2,14,6,2,2,6,6
6670,Tai Shui Hang,100,Mei Foo,20,13.8,6.7,2,15.5,6.7,2,2,7,7
6671,Tai Shui Hang,100,Lai King,21,13.8,6.7,2,15.5,6.7,2,2,7,7
6672,Tai Shui Hang,100,Kwai Fong,22,15.9,7.6,2,17,7.6,2,2,8,8
6673,Tai Shui Hang,100,Kwai Hing,23,15.9,7.6,2,17,7.6,2,2,8,8
6674,Tai Shui Hang,100,Tai Wo Hau,24,15.9,7.6,2,17,7.6,2,2,8,8
6675,Tai Shui Hang,100,Tsuen Wan,25,15.9,7.6,2,17,7.6,2,2,8,8
6676,Tai Shui Hang,100,Sheung Wan,26,20.8,10.4,2,22,10.4,2,2,12.5,12.5
6677,Tai Shui Hang,100,Wan Chai,27,20.8,10.4,2,22,10.4,2,2,12.5,12.5
6678,Tai Shui Hang,100,Causeway Bay,28,20.8,10.4,2,22,10.4,2,2,12.5,12.5
6679,Tai Shui Hang,100,Tin Hau,29,22.9,11.4,2,26,11.4,2,2,13.5,13.5
6680,Tai Shui Hang,100,Fortress Hill,30,22.9,11.4,2,26,11.4,2,2,13.5,13.5
6681,Tai Shui Hang,100,North Point,31,22.9,11.4,2,26,11.4,2,2,13.5,13.5
6682,Tai Shui Hang,100,Quarry Bay,32,22.9,11.4,2,26,11.4,2,2,13.5,13.5
6683,Tai Shui Hang,100,Tai Koo,33,22.9,11.4,2,26,11.4,2,2,13.5,13.5
6684,Tai Shui Hang,100,Sai Wan Ho,34,22.9,11.4,2,26,11.4,2,2,13.5,13.5
6685,Tai Shui Hang,100,Shau Kei Wan,35,22.9,11.4,2,26,11.4,2,2,13.5,13.5
6686,Tai Shui Hang,100,Heng Fa Chuen,36,22.9,11.4,2,26,11.4,2,2,13.5,13.5
6687,Tai Shui Hang,100,Chai Wan,37,22.9,11.4,2,26,11.4,2,2,13.5,13.5
6688,Tai Shui Hang,100,Lam Tin,38,15.9,7.6,2,17,7.6,2,2,8,8
6689,Tai Shui Hang,100,Hong Kong,39,20.8,10.4,2,22,10.4,2,2,12.5,12.5
6690,Tai Shui Hang,100,Kowloon,40,13.8,6.7,2,15.5,6.7,2,2,7,7
6691,Tai Shui Hang,100,Olympic,41,12,6,2,14,6,2,2,6,6
6692,Tai Shui Hang,100,Tsing Yi,42,15.9,7.6,2,17,7.6,2,2,8,8
6693,Tai Shui Hang,100,Tung Chung,43,27.8,14,2,30.5,14,2,2,16.5,16.5
6694,Tai Shui Hang,100,Yau Tong,48,15.9,7.6,2,17,7.6,2,2,8,8
6695,Tai Shui Hang,100,Tiu Keng Leng,49,15.9,7.6,2,17,7.6,2,2,8,8
6696,Tai Shui Hang,100,Tseung Kwan O,50,17.5,8,2,19,8,2,2,9.5,9.5
6697,Tai Shui Hang,100,Hang Hau,51,17.5,8,2,19,8,2,2,9.5,9.5
6698,Tai Shui Hang,100,Po Lam,52,17.5,8,2,19,8,2,2,9.5,9.5
6699,Tai Shui Hang,100,Nam Cheong,53,11.2,6.2,2,13,6.2,2,2,6.5,6.5
6700,Tai Shui Hang,100,Sunny Bay,54,23.9,12.4,2,27,12.4,2,2,15,15
6701,Tai Shui Hang,100,Disneyland Resort,55,31.3,16.5,2,33,16.5,2,2,18.5,18.5
6702,Tai Shui Hang,100,LOHAS Park,57,17.5,8,2,19,8,2,2,9.5,9.5
6703,Tai Shui Hang,100,Hung Hom,64,11.5,5.6,2,13.5,5.6,2,2,6,6
6704,Tai Shui Hang,100,Mong Kok East,65,11.5,5.6,2,13.5,5.6,2,2,6,6
6705,Tai Shui Hang,100,Tai Wai,67,7.7,3.8,2,8,3.8,2,2,4,4
6706,Tai Shui Hang,100,Sha Tin,68,7.7,3.8,2,8,3.8,2,2,4,4
6707,Tai Shui Hang,100,Fo Tan,69,7.7,3.8,2,8,3.8,2,2,4,4
6708,Tai Shui Hang,100,Racecourse,70,11.1,5.4,11.1,13,5.4,2,2,5.5,5.5
6709,Tai Shui Hang,100,University,71,7.7,3.8,2,8,3.8,2,2,4,4
6710,Tai Shui Hang,100,Tai Po Market,72,7.7,3.8,2,8,3.8,2,2,4,4
6711,Tai Shui Hang,100,Tai Wo,73,7.7,3.8,2,8,3.8,2,2,4,4
6712,Tai Shui Hang,100,Fanling,74,7.7,3.8,2,8,3.8,2,2,4,4
6713,Tai Shui Hang,100,Sheung Shui,75,7.7,3.8,2,8,3.8,2,2,4,4
6714,Tai Shui Hang,100,Lo Wu,76,33,33,33,35.5,16.9,16.9,16.9,17.5,17.5
6715,Tai Shui Hang,100,Lok Ma Chau,78,33,33,33,35.5,16.9,16.9,16.9,17.5,17.5
6716,Tai Shui Hang,100,East Tsim Sha Tsui,80,14.2,7.2,2,15.5,7.2,2,2,7.5,7.5
6717,Tai Shui Hang,100,Che Kung Temple,96,5.9,2.8,2,6,2.8,2,2,3,3
6718,Tai Shui Hang,100,Sha Tin Wai,97,5.9,2.8,2,6,2.8,2,2,3,3
6719,Tai Shui Hang,100,City One,98,5.9,2.8,2,6,2.8,2,2,3,3
6720,Tai Shui Hang,100,Shek Mun,99,4,1.9,2,4,1.9,1.9,1.9,2,2
6721,Tai Shui Hang,100,Tai Shui Hang,100,0,0,0,0,0,0,0,0,0
6722,Tai Shui Hang,100,Heng On,101,4,1.9,2,4,1.9,1.9,1.9,2,2
6723,Tai Shui Hang,100,Ma On Shan,102,4.6,2.2,2,5,2.2,2,2,2.5,2.5
6724,Tai Shui Hang,100,Wu Kai Sha,103,4.6,2.2,2,5,2.2,2,2,2.5,2.5
6725,Tai Shui Hang,100,Austin,111,13.8,6.7,2,15.5,6.7,2,2,7,7
6726,Tai Shui Hang,100,Tsuen Wan West,114,14.3,7.7,2,16,7.7,2,2,8,8
6727,Tai Shui Hang,100,Kam Sheung Road,115,23.7,12.9,2,26,12.9,2,2,15,15
6728,Tai Shui Hang,100,Yuen Long,116,24.7,13.4,2,27,13.4,2,2,15.5,15.5
6729,Tai Shui Hang,100,Long Ping,117,24.7,13.4,2,27,13.4,2,2,15.5,15.5
6730,Tai Shui Hang,100,Tin Shui Wai,118,24.7,13.4,2,27,13.4,2,2,15.5,15.5
6731,Tai Shui Hang,100,Siu Hong,119,24.7,13.4,2,27,13.4,2,2,15.5,15.5
6732,Tai Shui Hang,100,Tuen Mun,120,24.7,13.4,2,27,13.4,2,2,15.5,15.5
6733,Tai Shui Hang,100,Sai Ying Pun,81,20.8,10.4,2,22,10.4,2,2,12.5,12.5
6734,Tai Shui Hang,100,HKU,82,22.9,11.4,2,26,11.4,2,2,13.5,13.5
6735,Tai Shui Hang,100,Kennedy Town,83,22.9,11.4,2,26,11.4,2,2,13.5,13.5
6736,Tai Shui Hang,100,Ho Man Tin,84,13.3,6.5,2,15.5,6.5,2,2,6.5,6.5
6737,Tai Shui Hang,100,Whampoa,85,14.2,7.2,2,15.5,7.2,2,2,7.5,7.5
6738,Tai Shui Hang,100,Ocean Park,86,22.9,11.4,2,26,11.4,2,2,13.5,13.5
6739,Tai Shui Hang,100,Wong Chuk Hang,87,22.9,11.4,2,26,11.4,2,2,13.5,13.5
6740,Tai Shui Hang,100,Lei Tung,88,22.9,11.4,2,26,11.4,2,2,13.5,13.5
6741,Tai Shui Hang,100,South Horizons,89,22.9,11.4,2,26,11.4,2,2,13.5,13.5
6742,Tai Shui Hang,100,Hin Keng,90,7.7,3.8,2,8,3.8,2,2,4,4
6743,Tai Shui Hang,100,Kai Tak,91,12,6,2,14,6,2,2,6,6
6744,Tai Shui Hang,100,Sung Wong Toi,92,13.3,6.5,2,15.5,6.5,2,2,6.5,6.5
6745,Tai Shui Hang,100,To Kwa Wan,93,13.3,6.5,2,15.5,6.5,2,2,6.5,6.5
6746,Heng On,101,Central,1,20.8,10.4,2,22,10.4,2,2,12.5,12.5
6747,Heng On,101,Admiralty,2,20.8,10.4,2,22,10.4,2,2,12.5,12.5
6748,Heng On,101,Tsim Sha Tsui,3,14.2,7.2,2,15.5,7.2,2,2,7.5,7.5
6749,Heng On,101,Jordan,4,13.3,6.5,2,15.5,6.5,2,2,6.5,6.5
6750,Heng On,101,Yau Ma Tei,5,12,6,2,14,6,2,2,6,6
6751,Heng On,101,Mong Kok,6,12,6,2,14,6,2,2,6,6
6752,Heng On,101,Shek Kip Mei,7,10.7,6,2,12.5,6,2,2,6,6
6753,Heng On,101,Kowloon Tong,8,10.7,5.4,2,12.5,5.4,2,2,5.5,5.5
6754,Heng On,101,Lok Fu,9,10.7,6,2,12.5,6,2,2,6,6
6755,Heng On,101,Wong Tai Sin,10,10.7,6,2,12.5,6,2,2,6,6
6756,Heng On,101,Diamond Hill,11,12,6,2,14,6,2,2,6,6
6757,Heng On,101,Choi Hung,12,12,6,2,14,6,2,2,6,6
6758,Heng On,101,Kowloon Bay,13,13.3,6.5,2,15.5,6.5,2,2,6.5,6.5
6759,Heng On,101,Ngau Tau Kok,14,13.3,6.5,2,15.5,6.5,2,2,6.5,6.5
6760,Heng On,101,Kwun Tong,15,13.3,6.5,2,15.5,6.5,2,2,6.5,6.5
6761,Heng On,101,Prince Edward,16,10.7,6,2,12.5,6,2,2,6,6
6762,Heng On,101,Sham Shui Po,17,10.7,6,2,12.5,6,2,2,6,6
6763,Heng On,101,Cheung Sha Wan,18,12,6,2,14,6,2,2,6,6
6764,Heng On,101,Lai Chi Kok,19,12,6,2,14,6,2,2,6,6
6765,Heng On,101,Mei Foo,20,13.8,6.7,2,15.5,6.7,2,2,7,7
6766,Heng On,101,Lai King,21,13.8,6.7,2,15.5,6.7,2,2,7,7
6767,Heng On,101,Kwai Fong,22,15.9,7.6,2,17,7.6,2,2,8,8
6768,Heng On,101,Kwai Hing,23,15.9,7.6,2,17,7.6,2,2,8,8
6769,Heng On,101,Tai Wo Hau,24,15.9,7.6,2,17,7.6,2,2,8,8
6770,Heng On,101,Tsuen Wan,25,15.9,7.6,2,17,7.6,2,2,8,8
6771,Heng On,101,Sheung Wan,26,20.8,10.4,2,22,10.4,2,2,12.5,12.5
6772,Heng On,101,Wan Chai,27,20.8,10.4,2,22,10.4,2,2,12.5,12.5
6773,Heng On,101,Causeway Bay,28,20.8,10.4,2,22,10.4,2,2,12.5,12.5
6774,Heng On,101,Tin Hau,29,22.9,11.4,2,26,11.4,2,2,13.5,13.5
6775,Heng On,101,Fortress Hill,30,22.9,11.4,2,26,11.4,2,2,13.5,13.5
6776,Heng On,101,North Point,31,22.9,11.4,2,26,11.4,2,2,13.5,13.5
6777,Heng On,101,Quarry Bay,32,22.9,11.4,2,26,11.4,2,2,13.5,13.5
6778,Heng On,101,Tai Koo,33,22.9,11.4,2,26,11.4,2,2,13.5,13.5
6779,Heng On,101,Sai Wan Ho,34,22.9,11.4,2,26,11.4,2,2,13.5,13.5
6780,Heng On,101,Shau Kei Wan,35,22.9,11.4,2,26,11.4,2,2,13.5,13.5
6781,Heng On,101,Heng Fa Chuen,36,22.9,11.4,2,26,11.4,2,2,13.5,13.5
6782,Heng On,101,Chai Wan,37,22.9,11.4,2,26,11.4,2,2,13.5,13.5
6783,Heng On,101,Lam Tin,38,15.9,7.6,2,17,7.6,2,2,8,8
6784,Heng On,101,Hong Kong,39,20.8,10.4,2,22,10.4,2,2,12.5,12.5
6785,Heng On,101,Kowloon,40,13.8,6.7,2,15.5,6.7,2,2,7,7
6786,Heng On,101,Olympic,41,12,6,2,14,6,2,2,6,6
6787,Heng On,101,Tsing Yi,42,15.9,7.6,2,17,7.6,2,2,8,8
6788,Heng On,101,Tung Chung,43,27.8,14,2,30.5,14,2,2,16.5,16.5
6789,Heng On,101,Yau Tong,48,15.9,7.6,2,17,7.6,2,2,8,8
6790,Heng On,101,Tiu Keng Leng,49,15.9,7.6,2,17,7.6,2,2,8,8
6791,Heng On,101,Tseung Kwan O,50,17.5,8,2,19,8,2,2,9.5,9.5
6792,Heng On,101,Hang Hau,51,17.5,8,2,19,8,2,2,9.5,9.5
6793,Heng On,101,Po Lam,52,17.5,8,2,19,8,2,2,9.5,9.5
6794,Heng On,101,Nam Cheong,53,11.2,6.2,2,13,6.2,2,2,6.5,6.5
6795,Heng On,101,Sunny Bay,54,23.9,12.4,2,27,12.4,2,2,15,15
6796,Heng On,101,Disneyland Resort,55,31.3,16.5,2,33,16.5,2,2,18.5,18.5
6797,Heng On,101,LOHAS Park,57,17.5,8,2,19,8,2,2,9.5,9.5
6798,Heng On,101,Hung Hom,64,11.5,5.6,2,13.5,5.6,2,2,6,6
6799,Heng On,101,Mong Kok East,65,11.5,5.6,2,13.5,5.6,2,2,6,6
6800,Heng On,101,Tai Wai,67,7.7,3.8,2,8,3.8,2,2,4,4
6801,Heng On,101,Sha Tin,68,7.7,3.8,2,8,3.8,2,2,4,4
6802,Heng On,101,Fo Tan,69,7.7,3.8,2,8,3.8,2,2,4,4
6803,Heng On,101,Racecourse,70,11.1,5.4,11.1,13,5.4,2,2,5.5,5.5
6804,Heng On,101,University,71,7.7,3.8,2,8,3.8,2,2,4,4
6805,Heng On,101,Tai Po Market,72,7.7,3.8,2,8,3.8,2,2,4,4
6806,Heng On,101,Tai Wo,73,7.7,3.8,2,8,3.8,2,2,4,4
6807,Heng On,101,Fanling,74,7.7,3.8,2,8,3.8,2,2,4,4
6808,Heng On,101,Sheung Shui,75,7.7,3.8,2,8,3.8,2,2,4,4
6809,Heng On,101,Lo Wu,76,33,33,33,35.5,16.9,16.9,16.9,17.5,17.5
6810,Heng On,101,Lok Ma Chau,78,33,33,33,35.5,16.9,16.9,16.9,17.5,17.5
6811,Heng On,101,East Tsim Sha Tsui,80,14.2,7.2,2,15.5,7.2,2,2,7.5,7.5
6812,Heng On,101,Che Kung Temple,96,5.9,2.8,2,6,2.8,2,2,3,3
6813,Heng On,101,Sha Tin Wai,97,5.9,2.8,2,6,2.8,2,2,3,3
6814,Heng On,101,City One,98,5.9,2.8,2,6,2.8,2,2,3,3
6815,Heng On,101,Shek Mun,99,5.9,2.8,2,6,2.8,2,2,3,3
6816,Heng On,101,Tai Shui Hang,100,4,1.9,2,4,1.9,1.9,1.9,2,2
6817,Heng On,101,Heng On,101,0,0,0,0,0,0,0,0,0
6818,Heng On,101,Ma On Shan,102,4,1.9,2,4,1.9,1.9,1.9,2,2
6819,Heng On,101,Wu Kai Sha,103,4.6,2.2,2,5,2.2,2,2,2.5,2.5
6820,Heng On,101,Austin,111,13.8,6.7,2,15.5,6.7,2,2,7,7
6821,Heng On,101,Tsuen Wan West,114,14.3,7.7,2,16,7.7,2,2,8,8
6822,Heng On,101,Kam Sheung Road,115,23.7,12.9,2,26,12.9,2,2,15,15
6823,Heng On,101,Yuen Long,116,24.7,13.4,2,27,13.4,2,2,15.5,15.5
6824,Heng On,101,Long Ping,117,24.7,13.4,2,27,13.4,2,2,15.5,15.5
6825,Heng On,101,Tin Shui Wai,118,24.7,13.4,2,27,13.4,2,2,15.5,15.5
6826,Heng On,101,Siu Hong,119,24.7,13.4,2,27,13.4,2,2,15.5,15.5
6827,Heng On,101,Tuen Mun,120,24.7,13.4,2,27,13.4,2,2,15.5,15.5
6828,Heng On,101,Sai Ying Pun,81,20.8,10.4,2,22,10.4,2,2,12.5,12.5
6829,Heng On,101,HKU,82,22.9,11.4,2,26,11.4,2,2,13.5,13.5
6830,Heng On,101,Kennedy Town,83,22.9,11.4,2,26,11.4,2,2,13.5,13.5
6831,Heng On,101,Ho Man Tin,84,13.3,6.5,2,15.5,6.5,2,2,6.5,6.5
6832,Heng On,101,Whampoa,85,14.2,7.2,2,15.5,7.2,2,2,7.5,7.5
6833,Heng On,101,Ocean Park,86,22.9,11.4,2,26,11.4,2,2,13.5,13.5
6834,Heng On,101,Wong Chuk Hang,87,22.9,11.4,2,26,11.4,2,2,13.5,13.5
6835,Heng On,101,Lei Tung,88,22.9,11.4,2,26,11.4,2,2,13.5,13.5
6836,Heng On,101,South Horizons,89,22.9,11.4,2,26,11.4,2,2,13.5,13.5
6837,Heng On,101,Hin Keng,90,7.7,3.8,2,8,3.8,2,2,4,4
6838,Heng On,101,Kai Tak,91,12,6,2,14,6,2,2,6,6
6839,Heng On,101,Sung Wong Toi,92,13.3,6.5,2,15.5,6.5,2,2,6.5,6.5
6840,Heng On,101,To Kwa Wan,93,13.3,6.5,2,15.5,6.5,2,2,6.5,6.5
6841,Ma On Shan,102,Central,1,20.8,10.4,2,22,10.4,2,2,12.5,12.5
6842,Ma On Shan,102,Admiralty,2,20.8,10.4,2,22,10.4,2,2,12.5,12.5
6843,Ma On Shan,102,Tsim Sha Tsui,3,14.2,7.2,2,15.5,7.2,2,2,7.5,7.5
6844,Ma On Shan,102,Jordan,4,13.3,6.5,2,15.5,6.5,2,2,6.5,6.5
6845,Ma On Shan,102,Yau Ma Tei,5,12,6,2,14,6,2,2,6,6
6846,Ma On Shan,102,Mong Kok,6,12,6,2,14,6,2,2,6,6
6847,Ma On Shan,102,Shek Kip Mei,7,10.7,6,2,12.5,6,2,2,6,6
6848,Ma On Shan,102,Kowloon Tong,8,10.7,5.4,2,12.5,5.4,2,2,5.5,5.5
6849,Ma On Shan,102,Lok Fu,9,10.7,6,2,12.5,6,2,2,6,6
6850,Ma On Shan,102,Wong Tai Sin,10,10.7,6,2,12.5,6,2,2,6,6
6851,Ma On Shan,102,Diamond Hill,11,12,6,2,14,6,2,2,6,6
6852,Ma On Shan,102,Choi Hung,12,12,6,2,14,6,2,2,6,6
6853,Ma On Shan,102,Kowloon Bay,13,13.3,6.5,2,15.5,6.5,2,2,6.5,6.5
6854,Ma On Shan,102,Ngau Tau Kok,14,13.3,6.5,2,15.5,6.5,2,2,6.5,6.5
6855,Ma On Shan,102,Kwun Tong,15,13.3,6.5,2,15.5,6.5,2,2,6.5,6.5
6856,Ma On Shan,102,Prince Edward,16,10.7,6,2,12.5,6,2,2,6,6
6857,Ma On Shan,102,Sham Shui Po,17,10.7,6,2,12.5,6,2,2,6,6
6858,Ma On Shan,102,Cheung Sha Wan,18,12,6,2,14,6,2,2,6,6
6859,Ma On Shan,102,Lai Chi Kok,19,12,6,2,14,6,2,2,6,6
6860,Ma On Shan,102,Mei Foo,20,13.8,6.7,2,15.5,6.7,2,2,7,7
6861,Ma On Shan,102,Lai King,21,13.8,6.7,2,15.5,6.7,2,2,7,7
6862,Ma On Shan,102,Kwai Fong,22,15.9,7.6,2,17,7.6,2,2,8,8
6863,Ma On Shan,102,Kwai Hing,23,15.9,7.6,2,17,7.6,2,2,8,8
6864,Ma On Shan,102,Tai Wo Hau,24,15.9,7.6,2,17,7.6,2,2,8,8
6865,Ma On Shan,102,Tsuen Wan,25,15.9,7.6,2,17,7.6,2,2,8,8
6866,Ma On Shan,102,Sheung Wan,26,20.8,10.4,2,22,10.4,2,2,12.5,12.5
6867,Ma On Shan,102,Wan Chai,27,20.8,10.4,2,22,10.4,2,2,12.5,12.5
6868,Ma On Shan,102,Causeway Bay,28,20.8,10.4,2,22,10.4,2,2,12.5,12.5
6869,Ma On Shan,102,Tin Hau,29,22.9,11.4,2,26,11.4,2,2,13.5,13.5
6870,Ma On Shan,102,Fortress Hill,30,22.9,11.4,2,26,11.4,2,2,13.5,13.5
6871,Ma On Shan,102,North Point,31,22.9,11.4,2,26,11.4,2,2,13.5,13.5
6872,Ma On Shan,102,Quarry Bay,32,22.9,11.4,2,26,11.4,2,2,13.5,13.5
6873,Ma On Shan,102,Tai Koo,33,22.9,11.4,2,26,11.4,2,2,13.5,13.5
6874,Ma On Shan,102,Sai Wan Ho,34,22.9,11.4,2,26,11.4,2,2,13.5,13.5
6875,Ma On Shan,102,Shau Kei Wan,35,22.9,11.4,2,26,11.4,2,2,13.5,13.5
6876,Ma On Shan,102,Heng Fa Chuen,36,22.9,11.4,2,26,11.4,2,2,13.5,13.5
6877,Ma On Shan,102,Chai Wan,37,22.9,11.4,2,26,11.4,2,2,13.5,13.5
6878,Ma On Shan,102,Lam Tin,38,15.9,7.6,2,17,7.6,2,2,8,8
6879,Ma On Shan,102,Hong Kong,39,20.8,10.4,2,22,10.4,2,2,12.5,12.5
6880,Ma On Shan,102,Kowloon,40,13.8,6.7,2,15.5,6.7,2,2,7,7
6881,Ma On Shan,102,Olympic,41,12,6,2,14,6,2,2,6,6
6882,Ma On Shan,102,Tsing Yi,42,15.9,7.6,2,17,7.6,2,2,8,8
6883,Ma On Shan,102,Tung Chung,43,27.8,14,2,30.5,14,2,2,16.5,16.5
6884,Ma On Shan,102,Yau Tong,48,15.9,7.6,2,17,7.6,2,2,8,8
6885,Ma On Shan,102,Tiu Keng Leng,49,15.9,7.6,2,17,7.6,2,2,8,8
6886,Ma On Shan,102,Tseung Kwan O,50,17.5,8,2,19,8,2,2,9.5,9.5
6887,Ma On Shan,102,Hang Hau,51,17.5,8,2,19,8,2,2,9.5,9.5
6888,Ma On Shan,102,Po Lam,52,17.5,8,2,19,8,2,2,9.5,9.5
6889,Ma On Shan,102,Nam Cheong,53,11.2,6.2,2,13,6.2,2,2,6.5,6.5
6890,Ma On Shan,102,Sunny Bay,54,23.9,12.4,2,27,12.4,2,2,15,15
6891,Ma On Shan,102,Disneyland Resort,55,31.3,16.5,2,33,16.5,2,2,18.5,18.5
6892,Ma On Shan,102,LOHAS Park,57,17.5,8,2,19,8,2,2,9.5,9.5
6893,Ma On Shan,102,Hung Hom,64,11.5,5.6,2,13.5,5.6,2,2,6,6
6894,Ma On Shan,102,Mong Kok East,65,11.5,5.6,2,13.5,5.6,2,2,6,6
6895,Ma On Shan,102,Tai Wai,67,7.7,3.8,2,8,3.8,2,2,4,4
6896,Ma On Shan,102,Sha Tin,68,7.7,3.8,2,8,3.8,2,2,4,4
6897,Ma On Shan,102,Fo Tan,69,7.7,3.8,2,8,3.8,2,2,4,4
6898,Ma On Shan,102,Racecourse,70,11.1,5.4,11.1,13,5.4,2,2,5.5,5.5
6899,Ma On Shan,102,University,71,7.7,3.8,2,8,3.8,2,2,4,4
6900,Ma On Shan,102,Tai Po Market,72,7.7,3.8,2,8,3.8,2,2,4,4
6901,Ma On Shan,102,Tai Wo,73,7.7,3.8,2,8,3.8,2,2,4,4
6902,Ma On Shan,102,Fanling,74,7.7,3.8,2,8,3.8,2,2,4,4
6903,Ma On Shan,102,Sheung Shui,75,7.7,3.8,2,8,3.8,2,2,4,4
6904,Ma On Shan,102,Lo Wu,76,33,33,33,35.5,16.9,16.9,16.9,17.5,17.5
6905,Ma On Shan,102,Lok Ma Chau,78,33,33,33,35.5,16.9,16.9,16.9,17.5,17.5
6906,Ma On Shan,102,East Tsim Sha Tsui,80,14.2,7.2,2,15.5,7.2,2,2,7.5,7.5
6907,Ma On Shan,102,Che Kung Temple,96,5.9,2.8,2,6,2.8,2,2,3,3
6908,Ma On Shan,102,Sha Tin Wai,97,5.9,2.8,2,6,2.8,2,2,3,3
6909,Ma On Shan,102,City One,98,5.9,2.8,2,6,2.8,2,2,3,3
6910,Ma On Shan,102,Shek Mun,99,5.9,2.8,2,6,2.8,2,2,3,3
6911,Ma On Shan,102,Tai Shui Hang,100,4.6,2.2,2,5,2.2,2,2,2.5,2.5
6912,Ma On Shan,102,Heng On,101,4,1.9,2,4,1.9,1.9,1.9,2,2
6913,Ma On Shan,102,Ma On Shan,102,0,0,0,0,0,0,0,0,0
6914,Ma On Shan,102,Wu Kai Sha,103,4,1.9,2,4,1.9,1.9,1.9,2,2
6915,Ma On Shan,102,Austin,111,13.8,6.7,2,15.5,6.7,2,2,7,7
6916,Ma On Shan,102,Tsuen Wan West,114,14.3,7.7,2,16,7.7,2,2,8,8
6917,Ma On Shan,102,Kam Sheung Road,115,23.7,12.9,2,26,12.9,2,2,15,15
6918,Ma On Shan,102,Yuen Long,116,24.7,13.4,2,27,13.4,2,2,15.5,15.5
6919,Ma On Shan,102,Long Ping,117,24.7,13.4,2,27,13.4,2,2,15.5,15.5
6920,Ma On Shan,102,Tin Shui Wai,118,24.7,13.4,2,27,13.4,2,2,15.5,15.5
6921,Ma On Shan,102,Siu Hong,119,24.7,13.4,2,27,13.4,2,2,15.5,15.5
6922,Ma On Shan,102,Tuen Mun,120,24.7,13.4,2,27,13.4,2,2,15.5,15.5
6923,Ma On Shan,102,Sai Ying Pun,81,20.8,10.4,2,22,10.4,2,2,12.5,12.5
6924,Ma On Shan,102,HKU,82,22.9,11.4,2,26,11.4,2,2,13.5,13.5
6925,Ma On Shan,102,Kennedy Town,83,22.9,11.4,2,26,11.4,2,2,13.5,13.5
6926,Ma On Shan,102,Ho Man Tin,84,13.3,6.5,2,15.5,6.5,2,2,6.5,6.5
6927,Ma On Shan,102,Whampoa,85,14.2,7.2,2,15.5,7.2,2,2,7.5,7.5
6928,Ma On Shan,102,Ocean Park,86,22.9,11.4,2,26,11.4,2,2,13.5,13.5
6929,Ma On Shan,102,Wong Chuk Hang,87,22.9,11.4,2,26,11.4,2,2,13.5,13.5
6930,Ma On Shan,102,Lei Tung,88,22.9,11.4,2,26,11.4,2,2,13.5,13.5
6931,Ma On Shan,102,South Horizons,89,22.9,11.4,2,26,11.4,2,2,13.5,13.5
6932,Ma On Shan,102,Hin Keng,90,7.7,3.8,2,8,3.8,2,2,4,4
6933,Ma On Shan,102,Kai Tak,91,12,6,2,14,6,2,2,6,6
6934,Ma On Shan,102,Sung Wong Toi,92,13.3,6.5,2,15.5,6.5,2,2,6.5,6.5
6935,Ma On Shan,102,To Kwa Wan,93,13.3,6.5,2,15.5,6.5,2,2,6.5,6.5
6936,Wu Kai Sha,103,Central,1,20.8,10.4,2,22,10.4,2,2,12.5,12.5
6937,Wu Kai Sha,103,Admiralty,2,20.8,10.4,2,22,10.4,2,2,12.5,12.5
6938,Wu Kai Sha,103,Tsim Sha Tsui,3,14.2,7.2,2,15.5,7.2,2,2,7.5,7.5
6939,Wu Kai Sha,103,Jordan,4,13.3,6.5,2,15.5,6.5,2,2,6.5,6.5
6940,Wu Kai Sha,103,Yau Ma Tei,5,12,6,2,14,6,2,2,6,6
6941,Wu Kai Sha,103,Mong Kok,6,12,6,2,14,6,2,2,6,6
6942,Wu Kai Sha,103,Shek Kip Mei,7,10.7,6,2,12.5,6,2,2,6,6
6943,Wu Kai Sha,103,Kowloon Tong,8,10.7,5.4,2,12.5,5.4,2,2,5.5,5.5
6944,Wu Kai Sha,103,Lok Fu,9,10.7,6,2,12.5,6,2,2,6,6
6945,Wu Kai Sha,103,Wong Tai Sin,10,10.7,6,2,12.5,6,2,2,6,6
6946,Wu Kai Sha,103,Diamond Hill,11,12,6,2,14,6,2,2,6,6
6947,Wu Kai Sha,103,Choi Hung,12,12,6,2,14,6,2,2,6,6
6948,Wu Kai Sha,103,Kowloon Bay,13,13.3,6.5,2,15.5,6.5,2,2,6.5,6.5
6949,Wu Kai Sha,103,Ngau Tau Kok,14,13.3,6.5,2,15.5,6.5,2,2,6.5,6.5
6950,Wu Kai Sha,103,Kwun Tong,15,13.3,6.5,2,15.5,6.5,2,2,6.5,6.5
6951,Wu Kai Sha,103,Prince Edward,16,10.7,6,2,12.5,6,2,2,6,6
6952,Wu Kai Sha,103,Sham Shui Po,17,10.7,6,2,12.5,6,2,2,6,6
6953,Wu Kai Sha,103,Cheung Sha Wan,18,12,6,2,14,6,2,2,6,6
6954,Wu Kai Sha,103,Lai Chi Kok,19,12,6,2,14,6,2,2,6,6
6955,Wu Kai Sha,103,Mei Foo,20,13.8,6.7,2,15.5,6.7,2,2,7,7
6956,Wu Kai Sha,103,Lai King,21,13.8,6.7,2,15.5,6.7,2,2,7,7
6957,Wu Kai Sha,103,Kwai Fong,22,15.9,7.6,2,17,7.6,2,2,8,8
6958,Wu Kai Sha,103,Kwai Hing,23,15.9,7.6,2,17,7.6,2,2,8,8
6959,Wu Kai Sha,103,Tai Wo Hau,24,15.9,7.6,2,17,7.6,2,2,8,8
6960,Wu Kai Sha,103,Tsuen Wan,25,15.9,7.6,2,17,7.6,2,2,8,8
6961,Wu Kai Sha,103,Sheung Wan,26,20.8,10.4,2,22,10.4,2,2,12.5,12.5
6962,Wu Kai Sha,103,Wan Chai,27,20.8,10.4,2,22,10.4,2,2,12.5,12.5
6963,Wu Kai Sha,103,Causeway Bay,28,20.8,10.4,2,22,10.4,2,2,12.5,12.5
6964,Wu Kai Sha,103,Tin Hau,29,22.9,11.4,2,26,11.4,2,2,13.5,13.5
6965,Wu Kai Sha,103,Fortress Hill,30,22.9,11.4,2,26,11.4,2,2,13.5,13.5
6966,Wu Kai Sha,103,North Point,31,22.9,11.4,2,26,11.4,2,2,13.5,13.5
6967,Wu Kai Sha,103,Quarry Bay,32,22.9,11.4,2,26,11.4,2,2,13.5,13.5
6968,Wu Kai Sha,103,Tai Koo,33,22.9,11.4,2,26,11.4,2,2,13.5,13.5
6969,Wu Kai Sha,103,Sai Wan Ho,34,22.9,11.4,2,26,11.4,2,2,13.5,13.5
6970,Wu Kai Sha,103,Shau Kei Wan,35,22.9,11.4,2,26,11.4,2,2,13.5,13.5
6971,Wu Kai Sha,103,Heng Fa Chuen,36,22.9,11.4,2,26,11.4,2,2,13.5,13.5
6972,Wu Kai Sha,103,Chai Wan,37,22.9,11.4,2,26,11.4,2,2,13.5,13.5
6973,Wu Kai Sha,103,Lam Tin,38,15.9,7.6,2,17,7.6,2,2,8,8
6974,Wu Kai Sha,103,Hong Kong,39,20.8,10.4,2,22,10.4,2,2,12.5,12.5
6975,Wu Kai Sha,103,Kowloon,40,13.8,6.7,2,15.5,6.7,2,2,7,7
6976,Wu Kai Sha,103,Olympic,41,12,6,2,14,6,2,2,6,6
6977,Wu Kai Sha,103,Tsing Yi,42,15.9,7.6,2,17,7.6,2,2,8,8
6978,Wu Kai Sha,103,Tung Chung,43,27.8,14,2,30.5,14,2,2,16.5,16.5
6979,Wu Kai Sha,103,Yau Tong,48,15.9,7.6,2,17,7.6,2,2,8,8
6980,Wu Kai Sha,103,Tiu Keng Leng,49,15.9,7.6,2,17,7.6,2,2,8,8
6981,Wu Kai Sha,103,Tseung Kwan O,50,17.5,8,2,19,8,2,2,9.5,9.5
6982,Wu Kai Sha,103,Hang Hau,51,17.5,8,2,19,8,2,2,9.5,9.5
6983,Wu Kai Sha,103,Po Lam,52,17.5,8,2,19,8,2,2,9.5,9.5
6984,Wu Kai Sha,103,Nam Cheong,53,11.2,6.2,2,13,6.2,2,2,6.5,6.5
6985,Wu Kai Sha,103,Sunny Bay,54,23.9,12.4,2,27,12.4,2,2,15,15
6986,Wu Kai Sha,103,Disneyland Resort,55,31.3,16.5,2,33,16.5,2,2,18.5,18.5
6987,Wu Kai Sha,103,LOHAS Park,57,17.5,8,2,19,8,2,2,9.5,9.5
6988,Wu Kai Sha,103,Hung Hom,64,11.5,5.6,2,13.5,5.6,2,2,6,6
6989,Wu Kai Sha,103,Mong Kok East,65,11.5,5.6,2,13.5,5.6,2,2,6,6
6990,Wu Kai Sha,103,Tai Wai,67,7.7,3.8,2,8,3.8,2,2,4,4
6991,Wu Kai Sha,103,Sha Tin,68,7.7,3.8,2,8,3.8,2,2,4,4
6992,Wu Kai Sha,103,Fo Tan,69,7.7,3.8,2,8,3.8,2,2,4,4
6993,Wu Kai Sha,103,Racecourse,70,11.1,5.4,11.1,13,5.4,2,2,5.5,5.5
6994,Wu Kai Sha,103,University,71,7.7,3.8,2,8,3.8,2,2,4,4
6995,Wu Kai Sha,103,Tai Po Market,72,7.7,3.8,2,8,3.8,2,2,4,4
6996,Wu Kai Sha,103,Tai Wo,73,7.7,3.8,2,8,3.8,2,2,4,4
6997,Wu Kai Sha,103,Fanling,74,7.7,3.8,2,8,3.8,2,2,4,4
6998,Wu Kai Sha,103,Sheung Shui,75,7.7,3.8,2,8,3.8,2,2,4,4
6999,Wu Kai Sha,103,Lo Wu,76,33,33,33,35.5,16.9,16.9,16.9,17.5,17.5
7000,Wu Kai Sha,103,Lok Ma Chau,78,33,33,33,35.5,16.9,16.9,16.9,17.5,17.5
7001,Wu Kai Sha,103,East Tsim Sha Tsui,80,14.2,7.2,2,15.5,7.2,2,2,7.5,7.5
7002,Wu Kai Sha,103,Che Kung Temple,96,5.9,2.8,2,6,2.8,2,2,3,3
7003,Wu Kai Sha,103,Sha Tin Wai,97,5.9,2.8,2,6,2.8,2,2,3,3
7004,Wu Kai Sha,103,City One,98,5.9,2.8,2,6,2.8,2,2,3,3
7005,Wu Kai Sha,103,Shek Mun,99,5.9,2.8,2,6,2.8,2,2,3,3
7006,Wu Kai Sha,103,Tai Shui Hang,100,4.6,2.2,2,5,2.2,2,2,2.5,2.5
7007,Wu Kai Sha,103,Heng On,101,4.6,2.2,2,5,2.2,2,2,2.5,2.5
7008,Wu Kai Sha,103,Ma On Shan,102,4,1.9,2,4,1.9,1.9,1.9,2,2
7009,Wu Kai Sha,103,Wu Kai Sha,103,0,0,0,0,0,0,0,0,0
7010,Wu Kai Sha,103,Austin,111,13.8,6.7,2,15.5,6.7,2,2,7,7
7011,Wu Kai Sha,103,Tsuen Wan West,114,14.3,7.7,2,16,7.7,2,2,8,8
7012,Wu Kai Sha,103,Kam Sheung Road,115,23.7,12.9,2,26,12.9,2,2,15,15
7013,Wu Kai Sha,103,Yuen Long,116,24.7,13.4,2,27,13.4,2,2,15.5,15.5
7014,Wu Kai Sha,103,Long Ping,117,24.7,13.4,2,27,13.4,2,2,15.5,15.5
7015,Wu Kai Sha,103,Tin Shui Wai,118,24.7,13.4,2,27,13.4,2,2,15.5,15.5
7016,Wu Kai Sha,103,Siu Hong,119,24.7,13.4,2,27,13.4,2,2,15.5,15.5
7017,Wu Kai Sha,103,Tuen Mun,120,24.7,13.4,2,27,13.4,2,2,15.5,15.5
7018,Wu Kai Sha,103,Sai Ying Pun,81,20.8,10.4,2,22,10.4,2,2,12.5,12.5
7019,Wu Kai Sha,103,HKU,82,22.9,11.4,2,26,11.4,2,2,13.5,13.5
7020,Wu Kai Sha,103,Kennedy Town,83,22.9,11.4,2,26,11.4,2,2,13.5,13.5
7021,Wu Kai Sha,103,Ho Man Tin,84,13.3,6.5,2,15.5,6.5,2,2,6.5,6.5
7022,Wu Kai Sha,103,Whampoa,85,14.2,7.2,2,15.5,7.2,2,2,7.5,7.5
7023,Wu Kai Sha,103,Ocean Park,86,22.9,11.4,2,26,11.4,2,2,13.5,13.5
7024,Wu Kai Sha,103,Wong Chuk Hang,87,22.9,11.4,2,26,11.4,2,2,13.5,13.5
7025,Wu Kai Sha,103,Lei Tung,88,22.9,11.4,2,26,11.4,2,2,13.5,13.5
7026,Wu Kai Sha,103,South Horizons,89,22.9,11.4,2,26,11.4,2,2,13.5,13.5
7027,Wu Kai Sha,103,Hin Keng,90,7.7,3.8,2,8,3.8,2,2,4,4
7028,Wu Kai Sha,103,Kai Tak,91,12,6,2,14,6,2,2,6,6
7029,Wu Kai Sha,103,Sung Wong Toi,92,13.3,6.5,2,15.5,6.5,2,2,6.5,6.5
7030,Wu Kai Sha,103,To Kwa Wan,93,13.3,6.5,2,15.5,6.5,2,2,6.5,6.5
7031,Austin,111,Central,1,10.6,5.4,2,12.5,5.4,2,2,5.5,5.5
7032,Austin,111,Admiralty,2,10.6,5.4,2,12.5,5.4,2,2,5.5,5.5
7033,Austin,111,Tsim Sha Tsui,3,4.9,3.2,2,5,3.2,2,2,3.5,3.5
7034,Austin,111,Jordan,4,4.9,3.2,2,5,3.2,2,2,3.5,3.5
7035,Austin,111,Yau Ma Tei,5,4.9,3.2,2,5,3.2,2,2,3.5,3.5
7036,Austin,111,Mong Kok,6,4.9,3.2,2,5,3.2,2,2,3.5,3.5
7037,Austin,111,Shek Kip Mei,7,5.9,3.2,2,6,3.2,2,2,3.5,3.5
7038,Austin,111,Kowloon Tong,8,7.4,3.7,2,7.5,3.7,2,2,4,4
7039,Austin,111,Lok Fu,9,7.4,3.7,2,7.5,3.7,2,2,4,4
7040,Austin,111,Wong Tai Sin,10,9.2,4.4,2,10.5,4.4,2,2,4.5,4.5
7041,Austin,111,Diamond Hill,11,9.2,4.4,2,10.5,4.4,2,2,4.5,4.5
7042,Austin,111,Choi Hung,12,9.2,4.4,2,10.5,4.4,2,2,4.5,4.5
7043,Austin,111,Kowloon Bay,13,9.2,4.4,2,10.5,4.4,2,2,4.5,4.5
7044,Austin,111,Ngau Tau Kok,14,9.2,4.4,2,10.5,4.4,2,2,4.5,4.5
7045,Austin,111,Kwun Tong,15,9.2,4.4,2,10.5,4.4,2,2,4.5,4.5
7046,Austin,111,Prince Edward,16,5.9,3.2,2,6,3.2,2,2,3.5,3.5
7047,Austin,111,Sham Shui Po,17,5.9,3.2,2,6,3.2,2,2,3.5,3.5
7048,Austin,111,Cheung Sha Wan,18,7.4,3.7,2,7.5,3.7,2,2,4,4
7049,Austin,111,Lai Chi Kok,19,7.4,3.7,2,7.5,3.7,2,2,4,4
7050,Austin,111,Mei Foo,20,9,3.9,2,10.5,3.9,2,2,4,4
7051,Austin,111,Lai King,21,9.2,4.4,2,10.5,4.4,2,2,4.5,4.5
7052,Austin,111,Kwai Fong,22,11,4.9,2,13,4.9,2,2,5,5
7053,Austin,111,Kwai Hing,23,11,4.9,2,13,4.9,2,2,5,5
7054,Austin,111,Tai Wo Hau,24,11,4.9,2,13,4.9,2,2,5,5
7055,Austin,111,Tsuen Wan,25,11,4.9,2,13,4.9,2,2,5,5
7056,Austin,111,Sheung Wan,26,10.6,5.4,2,12.5,5.4,2,2,5.5,5.5
7057,Austin,111,Wan Chai,27,10.6,5.4,2,12.5,5.4,2,2,5.5,5.5
7058,Austin,111,Causeway Bay,28,13.2,6.5,2,15.5,6.5,2,2,6.5,6.5
7059,Austin,111,Tin Hau,29,13.2,6.5,2,15.5,6.5,2,2,6.5,6.5
7060,Austin,111,Fortress Hill,30,13.2,6.5,2,15.5,6.5,2,2,6.5,6.5
7061,Austin,111,North Point,31,13.2,6.5,2,15.5,6.5,2,2,6.5,6.5
7062,Austin,111,Quarry Bay,32,13.2,6.5,2,15.5,6.5,2,2,6.5,6.5
7063,Austin,111,Tai Koo,33,15.8,7.4,2,16,7.4,2,2,7.5,7.5
7064,Austin,111,Sai Wan Ho,34,15.8,7.4,2,16,7.4,2,2,7.5,7.5
7065,Austin,111,Shau Kei Wan,35,15.8,7.4,2,16,7.4,2,2,7.5,7.5
7066,Austin,111,Heng Fa Chuen,36,15.8,7.4,2,16,7.4,2,2,7.5,7.5
7067,Austin,111,Chai Wan,37,15.8,7.4,2,16,7.4,2,2,7.5,7.5
7068,Austin,111,Lam Tin,38,9.2,4.4,2,10.5,4.4,2,2,4.5,4.5
7069,Austin,111,Hong Kong,39,10.6,5.4,2,12.5,5.4,2,2,5.5,5.5
7070,Austin,111,Kowloon,40,4.9,3.2,2,5,3.2,2,2,3.5,3.5
7071,Austin,111,Olympic,41,4.9,3.2,2,5,3.2,2,2,3.5,3.5
7072,Austin,111,Tsing Yi,42,11,4.9,2,13,4.9,2,2,5,5
7073,Austin,111,Tung Chung,43,18.7,9.4,2,21,9.4,2,2,10.5,10.5
7074,Austin,111,Yau Tong,48,9.2,4.4,2,10.5,4.4,2,2,4.5,4.5
7075,Austin,111,Tiu Keng Leng,49,11,4.9,2,13,4.9,2,2,5,5
7076,Austin,111,Tseung Kwan O,50,11,4.9,2,13,4.9,2,2,5,5
7077,Austin,111,Hang Hau,51,11,4.9,2,13,4.9,2,2,5,5
7078,Austin,111,Po Lam,52,11,4.9,2,13,4.9,2,2,5,5
7079,Austin,111,Nam Cheong,53,5.9,3.2,2,6,3.2,2,2,3.5,3.5
7080,Austin,111,Sunny Bay,54,15.9,7.7,2,17,7.7,2,2,8,8
7081,Austin,111,Disneyland Resort,55,22.2,11.1,2,25.5,11.1,2,2,13.5,13.5
7082,Austin,111,LOHAS Park,57,11,4.9,2,13,4.9,2,2,5,5
7083,Austin,111,Hung Hom,64,6.2,3.6,2,6.5,3.6,2,2,4,4
7084,Austin,111,Mong Kok East,65,7.8,4,2,8,4,2,2,4,4
7085,Austin,111,Tai Wai,67,11,5.4,2,13,5.4,2,2,5.5,5.5
7086,Austin,111,Sha Tin,68,11,5.4,2,13,5.4,2,2,5.5,5.5
7087,Austin,111,Fo Tan,69,11.9,5.9,2,13.5,5.9,2,2,6,6
7088,Austin,111,Racecourse,70,19.6,10,19.6,21.5,10,2,2,12,12
7089,Austin,111,University,71,12.5,6.2,2,14,6.2,2,2,6.5,6.5
7090,Austin,111,Tai Po Market,72,13.5,7.1,2,15.5,7.1,2,2,7.5,7.5
7091,Austin,111,Tai Wo,73,13.5,7.1,2,15.5,7.1,2,2,7.5,7.5
7092,Austin,111,Fanling,74,15.2,7.7,2,16,7.7,2,2,8,8
7093,Austin,111,Sheung Shui,75,15.2,7.7,2,16,7.7,2,2,8,8
7094,Austin,111,Lo Wu,76,46.7,43.8,46.7,49.5,23.8,23.8,23.8,24.5,24.5
7095,Austin,111,Lok Ma Chau,78,46.7,43.8,46.7,49.5,23.8,23.8,23.8,24.5,24.5
7096,Austin,111,East Tsim Sha Tsui,80,4.9,3.2,2,5,3.2,2,2,3.5,3.5
7097,Austin,111,Che Kung Temple,96,11.1,5.5,2,13,5.5,2,2,5.5,5.5
7098,Austin,111,Sha Tin Wai,97,11.1,5.5,2,13,5.5,2,2,5.5,5.5
7099,Austin,111,City One,98,11.1,5.5,2,13,5.5,2,2,5.5,5.5
7100,Austin,111,Shek Mun,99,11.1,5.5,2,13,5.5,2,2,5.5,5.5
7101,Austin,111,Tai Shui Hang,100,13.8,6.7,2,15.5,6.7,2,2,7,7
7102,Austin,111,Heng On,101,13.8,6.7,2,15.5,6.7,2,2,7,7
7103,Austin,111,Ma On Shan,102,13.8,6.7,2,15.5,6.7,2,2,7,7
7104,Austin,111,Wu Kai Sha,103,13.8,6.7,2,15.5,6.7,2,2,7,7
7105,Austin,111,Austin,111,0,0,0,0,0,0,0,0,0
7106,Austin,111,Tsuen Wan West,114,10.4,5.3,2,12.5,5.3,2,2,5.5,5.5
7107,Austin,111,Kam Sheung Road,115,21,11,2,21.5,11,2,2,12.5,12.5
7108,Austin,111,Yuen Long,116,22.1,11.5,2,23,11.5,2,2,13.5,13.5
7109,Austin,111,Long Ping,117,22.1,11.5,2,23,11.5,2,2,13.5,13.5
7110,Austin,111,Tin Shui Wai,118,22.1,11.5,2,23,11.5,2,2,13.5,13.5
7111,Austin,111,Siu Hong,119,22.1,11.5,2,23,11.5,2,2,13.5,13.5
7112,Austin,111,Tuen Mun,120,22.1,11.5,2,23,11.5,2,2,13.5,13.5
7113,Austin,111,Sai Ying Pun,81,13.2,6.5,2,15.5,6.5,2,2,6.5,6.5
7114,Austin,111,HKU,82,13.2,6.5,2,15.5,6.5,2,2,6.5,6.5
7115,Austin,111,Kennedy Town,83,13.2,6.5,2,15.5,6.5,2,2,6.5,6.5
7116,Austin,111,Ho Man Tin,84,6.2,3.6,2,6.5,3.6,2,2,4,4
7117,Austin,111,Whampoa,85,6.2,3.6,2,6.5,3.6,2,2,4,4
7118,Austin,111,Ocean Park,86,13.2,6.5,2,15.5,6.5,2,2,6.5,6.5
7119,Austin,111,Wong Chuk Hang,87,13.2,6.5,2,15.5,6.5,2,2,6.5,6.5
7120,Austin,111,Lei Tung,88,13.2,6.5,2,15.5,6.5,2,2,6.5,6.5
7121,Austin,111,South Horizons,89,15.8,7.4,2,16,7.4,2,2,7.5,7.5
7122,Austin,111,Hin Keng,90,11,5.4,2,13,5.4,2,2,5.5,5.5
7123,Austin,111,Kai Tak,91,7.4,3.7,2,7.5,3.7,2,2,4,4
7124,Austin,111,Sung Wong Toi,92,6.2,3.6,2,6.5,3.6,2,2,4,4
7125,Austin,111,To Kwa Wan,93,6.2,3.6,2,6.5,3.6,2,2,4,4
7126,Tsuen Wan West,114,Central,1,17.8,9.1,2,19.5,9.1,2,2,10,10
7127,Tsuen Wan West,114,Admiralty,2,17.8,9.1,2,19.5,9.1,2,2,10,10
7128,Tsuen Wan West,114,Tsim Sha Tsui,3,10.9,5.7,2,13,5.7,2,2,6,6
7129,Tsuen Wan West,114,Jordan,4,10.9,5.7,2,13,5.7,2,2,6,6
7130,Tsuen Wan West,114,Yau Ma Tei,5,10.4,5.3,2,12.5,5.3,2,2,5.5,5.5
7131,Tsuen Wan West,114,Mong Kok,6,9.2,5.1,2,10.5,5.1,2,2,5.5,5.5
7132,Tsuen Wan West,114,Shek Kip Mei,7,8.7,4.3,2,10.5,4.3,2,2,4.5,4.5
7133,Tsuen Wan West,114,Kowloon Tong,8,9.2,5.1,2,10.5,5.1,2,2,5.5,5.5
7134,Tsuen Wan West,114,Lok Fu,9,10,5.1,2,12,5.1,2,2,5.5,5.5
7135,Tsuen Wan West,114,Wong Tai Sin,10,10.2,5.3,2,12,5.3,2,2,5.5,5.5
7136,Tsuen Wan West,114,Diamond Hill,11,10.9,5.7,2,13,5.7,2,2,6,6
7137,Tsuen Wan West,114,Choi Hung,12,10.9,5.7,2,13,5.7,2,2,6,6
7138,Tsuen Wan West,114,Kowloon Bay,13,12.8,5.9,2,15.5,5.9,2,2,6,6
7139,Tsuen Wan West,114,Ngau Tau Kok,14,12.8,5.9,2,15.5,5.9,2,2,6,6
7140,Tsuen Wan West,114,Kwun Tong,15,12.8,5.9,2,15.5,5.9,2,2,6,6
7141,Tsuen Wan West,114,Prince Edward,16,8.7,4.3,2,10.5,4.3,2,2,4.5,4.5
7142,Tsuen Wan West,114,Sham Shui Po,17,8.7,4.3,2,10.5,4.3,2,2,4.5,4.5
7143,Tsuen Wan West,114,Cheung Sha Wan,18,7.5,4.3,2,7.5,4.3,2,2,4.5,4.5
7144,Tsuen Wan West,114,Lai Chi Kok,19,7.5,4.3,2,7.5,4.3,2,2,4.5,4.5
7145,Tsuen Wan West,114,Mei Foo,20,7.2,3.5,2,7.5,3.5,2,2,3.5,3.5
7146,Tsuen Wan West,114,Lai King,21,5.9,3.7,2,6,3.7,2,2,4,4
7147,Tsuen Wan West,114,Kwai Fong,22,5.9,3.7,2,6,3.7,2,2,4,4
7148,Tsuen Wan West,114,Kwai Hing,23,5.9,3.2,2,6,3.2,2,2,3.5,3.5
7149,Tsuen Wan West,114,Tai Wo Hau,24,4.9,2.6,2,5,2.6,2,2,3,3
7150,Tsuen Wan West,114,Tsuen Wan,25,4.9,2.2,2,5,2.2,2,2,2.5,2.5
7151,Tsuen Wan West,114,Sheung Wan,26,17.8,9.1,2,19.5,9.1,2,2,10,10
7152,Tsuen Wan West,114,Wan Chai,27,17.8,9.1,2,19.5,9.1,2,2,10,10
7153,Tsuen Wan West,114,Causeway Bay,28,17.8,9.1,2,19.5,9.1,2,2,10,10
7154,Tsuen Wan West,114,Tin Hau,29,17.8,9.1,2,19.5,9.1,2,2,10,10
7155,Tsuen Wan West,114,Fortress Hill,30,18.7,9.1,2,21,9.1,2,2,10,10
7156,Tsuen Wan West,114,North Point,31,18.7,9.1,2,21,9.1,2,2,10,10
7157,Tsuen Wan West,114,Quarry Bay,32,18.7,9.1,2,21,9.1,2,2,10,10
7158,Tsuen Wan West,114,Tai Koo,33,18.7,9.1,2,21,9.1,2,2,10,10
7159,Tsuen Wan West,114,Sai Wan Ho,34,18.7,9.1,2,21,9.1,2,2,10,10
7160,Tsuen Wan West,114,Shau Kei Wan,35,18.7,9.1,2,21,9.1,2,2,10,10
7161,Tsuen Wan West,114,Heng Fa Chuen,36,18.7,9.1,2,21,9.1,2,2,10,10
7162,Tsuen Wan West,114,Chai Wan,37,18.7,9.1,2,21,9.1,2,2,10,10
7163,Tsuen Wan West,114,Lam Tin,38,12.8,5.9,2,15.5,5.9,2,2,6,6
7164,Tsuen Wan West,114,Hong Kong,39,17.8,9.1,2,19.5,9.1,2,2,10,10
7165,Tsuen Wan West,114,Kowloon,40,10.4,5.3,2,12.5,5.3,2,2,5.5,5.5
7166,Tsuen Wan West,114,Olympic,41,9.2,5.1,2,10.5,5.1,2,2,5.5,5.5
7167,Tsuen Wan West,114,Tsing Yi,42,5.9,3.2,2,6,3.2,2,2,3.5,3.5
7168,Tsuen Wan West,114,Tung Chung,43,20.4,10.2,2,22.5,10.2,2,2,12.5,12.5
7169,Tsuen Wan West,114,Yau Tong,48,13,5.9,2,15.5,5.9,2,2,6,6
7170,Tsuen Wan West,114,Tiu Keng Leng,49,13,5.9,2,15.5,5.9,2,2,6,6
7171,Tsuen Wan West,114,Tseung Kwan O,50,13,5.9,2,15.5,5.9,2,2,6,6
7172,Tsuen Wan West,114,Hang Hau,51,13,5.9,2,15.5,5.9,2,2,6,6
7173,Tsuen Wan West,114,Po Lam,52,13,5.9,2,15.5,5.9,2,2,6,6
7174,Tsuen Wan West,114,Nam Cheong,53,8.9,4.2,2,10,4.2,2,2,4.5,4.5
7175,Tsuen Wan West,114,Sunny Bay,54,16.4,8,2,18.5,8,2,2,9.5,9.5
7176,Tsuen Wan West,114,Disneyland Resort,55,23.6,12.1,2,27.5,12.1,2,2,15,15
7177,Tsuen Wan West,114,LOHAS Park,57,13,5.9,2,15.5,5.9,2,2,6,6
7178,Tsuen Wan West,114,Hung Hom,64,10.9,5.7,2,13,5.7,2,2,6,6
7179,Tsuen Wan West,114,Mong Kok East,65,9.3,5.1,2,10.5,5.1,2,2,5.5,5.5
7180,Tsuen Wan West,114,Tai Wai,67,11.5,6.1,2,13.5,6.1,2,2,6.5,6.5
7181,Tsuen Wan West,114,Sha Tin,68,11.5,6.1,2,13.5,6.1,2,2,6.5,6.5
7182,Tsuen Wan West,114,Fo Tan,69,11.9,6.4,2,13.5,6.4,2,2,6.5,6.5
7183,Tsuen Wan West,114,Racecourse,70,19.6,10.4,19.6,21.5,10.4,2,2,12,12
7184,Tsuen Wan West,114,University,71,12.5,6.5,2,14,6.5,2,2,6.5,6.5
7185,Tsuen Wan West,114,Tai Po Market,72,13.5,7.2,2,15.5,7.2,2,2,7.5,7.5
7186,Tsuen Wan West,114,Tai Wo,73,13.5,7.2,2,15.5,7.2,2,2,7.5,7.5
7187,Tsuen Wan West,114,Fanling,74,15.2,8.1,2,16.5,8.1,2,2,9.5,9.5
7188,Tsuen Wan West,114,Sheung Shui,75,15.2,8.1,2,16.5,8.1,2,2,9.5,9.5
7189,Tsuen Wan West,114,Lo Wu,76,48.7,46.7,48.7,52,25,25,25,26.5,26.5
7190,Tsuen Wan West,114,Lok Ma Chau,78,48.7,46.7,48.7,52,25,25,25,26.5,26.5
7191,Tsuen Wan West,114,East Tsim Sha Tsui,80,10.9,5.7,2,13,5.7,2,2,6,6
7192,Tsuen Wan West,114,Che Kung Temple,96,11.9,6.4,2,14,6.4,2,2,6.5,6.5
7193,Tsuen Wan West,114,Sha Tin Wai,97,11.9,6.4,2,14,6.4,2,2,6.5,6.5
7194,Tsuen Wan West,114,City One,98,11.9,6.4,2,14,6.4,2,2,6.5,6.5
7195,Tsuen Wan West,114,Shek Mun,99,11.9,6.4,2,14,6.4,2,2,6.5,6.5
7196,Tsuen Wan West,114,Tai Shui Hang,100,14.3,7.7,2,16,7.7,2,2,8,8
7197,Tsuen Wan West,114,Heng On,101,14.3,7.7,2,16,7.7,2,2,8,8
7198,Tsuen Wan West,114,Ma On Shan,102,14.3,7.7,2,16,7.7,2,2,8,8
7199,Tsuen Wan West,114,Wu Kai Sha,103,14.3,7.7,2,16,7.7,2,2,8,8
7200,Tsuen Wan West,114,Austin,111,10.4,5.3,2,12.5,5.3,2,2,5.5,5.5
7201,Tsuen Wan West,114,Tsuen Wan West,114,0,0,0,0,0,0,0,0,0
7202,Tsuen Wan West,114,Kam Sheung Road,115,13.6,6.5,2,15.5,6.5,2,2,6.5,6.5
7203,Tsuen Wan West,114,Yuen Long,116,14.9,7.5,2,15.5,7.5,2,2,7.5,7.5
7204,Tsuen Wan West,114,Long Ping,117,14.9,7.5,2,15.5,7.5,2,2,7.5,7.5
7205,Tsuen Wan West,114,Tin Shui Wai,118,14.9,7.5,2,15.5,7.5,2,2,7.5,7.5
7206,Tsuen Wan West,114,Siu Hong,119,14.9,7.5,2,15.5,7.5,2,2,7.5,7.5
7207,Tsuen Wan West,114,Tuen Mun,120,14.9,7.5,2,15.5,7.5,2,2,7.5,7.5
7208,Tsuen Wan West,114,Sai Ying Pun,81,17.8,9.1,2,19.5,9.1,2,2,10,10
7209,Tsuen Wan West,114,HKU,82,17.8,9.1,2,19.5,9.1,2,2,10,10
7210,Tsuen Wan West,114,Kennedy Town,83,18.7,9.1,2,21,9.1,2,2,10,10
7211,Tsuen Wan West,114,Ho Man Tin,84,10.9,5.7,2,13,5.7,2,2,6,6
7212,Tsuen Wan West,114,Whampoa,85,10.9,5.7,2,13,5.7,2,2,6,6
7213,Tsuen Wan West,114,Ocean Park,86,18.7,9.1,2,21,9.1,2,2,10,10
7214,Tsuen Wan West,114,Wong Chuk Hang,87,18.7,9.1,2,21,9.1,2,2,10,10
7215,Tsuen Wan West,114,Lei Tung,88,18.7,9.1,2,21,9.1,2,2,10,10
7216,Tsuen Wan West,114,South Horizons,89,18.7,9.1,2,21,9.1,2,2,10,10
7217,Tsuen Wan West,114,Hin Keng,90,11.5,6.1,2,13.5,6.1,2,2,6.5,6.5
7218,Tsuen Wan West,114,Kai Tak,91,10.9,5.7,2,13,5.7,2,2,6,6
7219,Tsuen Wan West,114,Sung Wong Toi,92,10.9,5.7,2,13,5.7,2,2,6,6
7220,Tsuen Wan West,114,To Kwa Wan,93,10.9,5.7,2,13,5.7,2,2,6,6
7221,Kam Sheung Road,115,Central,1,28,14.3,2,30,14.3,2,2,15.5,15.5
7222,Kam Sheung Road,115,Admiralty,2,28,14.3,2,30,14.3,2,2,15.5,15.5
7223,Kam Sheung Road,115,Tsim Sha Tsui,3,21,11,2,21.5,11,2,2,12.5,12.5
7224,Kam Sheung Road,115,Jordan,4,21,11,2,21.5,11,2,2,12.5,12.5
7225,Kam Sheung Road,115,Yau Ma Tei,5,21,11,2,21.5,11,2,2,12.5,12.5
7226,Kam Sheung Road,115,Mong Kok,6,18.9,10,2,19.5,10,2,2,12,12
7227,Kam Sheung Road,115,Shek Kip Mei,7,18.7,9.4,2,19.5,9.4,2,2,10.5,10.5
7228,Kam Sheung Road,115,Kowloon Tong,8,18.9,10,2,19.5,10,2,2,12,12
7229,Kam Sheung Road,115,Lok Fu,9,20.7,10.4,2,21.5,10.4,2,2,12.5,12.5
7230,Kam Sheung Road,115,Wong Tai Sin,10,20.7,10.4,2,21.5,10.4,2,2,12.5,12.5
7231,Kam Sheung Road,115,Diamond Hill,11,21.2,11.2,2,22,11.2,2,2,13,13
7232,Kam Sheung Road,115,Choi Hung,12,21.2,11.3,2,22,11.3,2,2,13,13
7233,Kam Sheung Road,115,Kowloon Bay,13,23.4,11.7,2,26,11.7,2,2,13.5,13.5
7234,Kam Sheung Road,115,Ngau Tau Kok,14,23.4,11.7,2,26,11.7,2,2,13.5,13.5
7235,Kam Sheung Road,115,Kwun Tong,15,23.4,11.7,2,26,11.7,2,2,13.5,13.5
7236,Kam Sheung Road,115,Prince Edward,16,18.7,9.4,2,19.5,9.4,2,2,10.5,10.5
7237,Kam Sheung Road,115,Sham Shui Po,17,18.7,9.4,2,19.5,9.4,2,2,10.5,10.5
7238,Kam Sheung Road,115,Cheung Sha Wan,18,17.5,9.4,2,18.5,9.4,2,2,10.5,10.5
7239,Kam Sheung Road,115,Lai Chi Kok,19,17.5,9.4,2,18.5,9.4,2,2,10.5,10.5
7240,Kam Sheung Road,115,Mei Foo,20,15.8,7.6,2,16,7.6,2,2,8,8
7241,Kam Sheung Road,115,Lai King,21,17.5,9.4,2,18.5,9.4,2,2,10.5,10.5
7242,Kam Sheung Road,115,Kwai Fong,22,17.5,9.4,2,18.5,9.4,2,2,10.5,10.5
7243,Kam Sheung Road,115,Kwai Hing,23,18.7,9.4,2,19.5,9.4,2,2,10.5,10.5
7244,Kam Sheung Road,115,Tai Wo Hau,24,18.7,9.4,2,19.5,9.4,2,2,10.5,10.5
7245,Kam Sheung Road,115,Tsuen Wan,25,20.8,10.4,2,21.5,10.4,2,2,12.5,12.5
7246,Kam Sheung Road,115,Sheung Wan,26,28,14.3,2,30,14.3,2,2,15.5,15.5
7247,Kam Sheung Road,115,Wan Chai,27,28,14.3,2,30,14.3,2,2,15.5,15.5
7248,Kam Sheung Road,115,Causeway Bay,28,28,14.3,2,30,14.3,2,2,15.5,15.5
7249,Kam Sheung Road,115,Tin Hau,29,28,14.3,2,30,14.3,2,2,15.5,15.5
7250,Kam Sheung Road,115,Fortress Hill,30,29.3,14.8,2,31,14.8,2,2,15.5,15.5
7251,Kam Sheung Road,115,North Point,31,29.3,14.8,2,31,14.8,2,2,15.5,15.5
7252,Kam Sheung Road,115,Quarry Bay,32,29.3,14.8,2,31,14.8,2,2,15.5,15.5
7253,Kam Sheung Road,115,Tai Koo,33,29.3,14.8,2,31,14.8,2,2,15.5,15.5
7254,Kam Sheung Road,115,Sai Wan Ho,34,29.3,14.8,2,31,14.8,2,2,15.5,15.5
7255,Kam Sheung Road,115,Shau Kei Wan,35,29.3,14.8,2,31,14.8,2,2,15.5,15.5
7256,Kam Sheung Road,115,Heng Fa Chuen,36,29.3,14.8,2,31,14.8,2,2,15.5,15.5
7257,Kam Sheung Road,115,Chai Wan,37,29.3,14.8,2,31,14.8,2,2,15.5,15.5
7258,Kam Sheung Road,115,Lam Tin,38,23.4,11.7,2,26,11.7,2,2,13.5,13.5
7259,Kam Sheung Road,115,Hong Kong,39,28,14.3,2,30,14.3,2,2,15.5,15.5
7260,Kam Sheung Road,115,Kowloon,40,21,10.9,2,21.5,10.9,2,2,12.5,12.5
7261,Kam Sheung Road,115,Olympic,41,18.9,10,2,19.5,10,2,2,12,12
7262,Kam Sheung Road,115,Tsing Yi,42,18.7,9.4,2,19.5,9.4,2,2,10.5,10.5
7263,Kam Sheung Road,115,Tung Chung,43,30.1,16.1,2,32,16.1,2,2,17,17
7264,Kam Sheung Road,115,Yau Tong,48,23.9,11.7,2,26.5,11.7,2,2,13.5,13.5
7265,Kam Sheung Road,115,Tiu Keng Leng,49,23.9,11.7,2,26.5,11.7,2,2,13.5,13.5
7266,Kam Sheung Road,115,Tseung Kwan O,50,23.9,11.7,2,26.5,11.7,2,2,13.5,13.5
7267,Kam Sheung Road,115,Hang Hau,51,23.9,11.7,2,26.5,11.7,2,2,13.5,13.5
7268,Kam Sheung Road,115,Po Lam,52,23.9,11.7,2,26.5,11.7,2,2,13.5,13.5
7269,Kam Sheung Road,115,Nam Cheong,53,16.8,8.5,2,17,8.5,2,2,9.5,9.5
7270,Kam Sheung Road,115,Sunny Bay,54,27,13.7,2,29.5,13.7,2,2,15.5,15.5
7271,Kam Sheung Road,115,Disneyland Resort,55,32.8,17.2,2,35.5,17.2,2,2,19,19
7272,Kam Sheung Road,115,LOHAS Park,57,23.9,11.7,2,26.5,11.7,2,2,13.5,13.5
7273,Kam Sheung Road,115,Hung Hom,64,21,11,2,21.5,11,2,2,12.5,12.5
7274,Kam Sheung Road,115,Mong Kok East,65,19,10,2,19.5,10,2,2,12,12
7275,Kam Sheung Road,115,Tai Wai,67,20.8,11.4,2,22,11.4,2,2,13,13
7276,Kam Sheung Road,115,Sha Tin,68,20.8,11.4,2,22,11.4,2,2,13,13
7277,Kam Sheung Road,115,Fo Tan,69,20.8,11.4,2,22,11.4,2,2,13,13
7278,Kam Sheung Road,115,Racecourse,70,27.7,15,27.7,30,15,2,2,16.5,16.5
7279,Kam Sheung Road,115,University,71,21.4,11.6,2,22,11.6,2,2,13.5,13.5
7280,Kam Sheung Road,115,Tai Po Market,72,22.6,12.4,2,25.5,12.4,2,2,14,14
7281,Kam Sheung Road,115,Tai Wo,73,22.6,12.4,2,25.5,12.4,2,2,14,14
7282,Kam Sheung Road,115,Fanling,74,24,13.1,2,26.5,13.1,2,2,15,15
7283,Kam Sheung Road,115,Sheung Shui,75,24,13.1,2,26.5,13.1,2,2,15,15
7284,Kam Sheung Road,115,Lo Wu,76,57.6,55.7,57.6,61.5,29.5,29.5,29.5,30.5,30.5
7285,Kam Sheung Road,115,Lok Ma Chau,78,57.6,55.7,57.6,61.5,29.5,29.5,29.5,30.5,30.5
7286,Kam Sheung Road,115,East Tsim Sha Tsui,80,21,11,2,21.5,11,2,2,12.5,12.5
7287,Kam Sheung Road,115,Che Kung Temple,96,21.4,11.6,2,22,11.6,2,2,13.5,13.5
7288,Kam Sheung Road,115,Sha Tin Wai,97,21.4,11.6,2,22,11.6,2,2,13.5,13.5
7289,Kam Sheung Road,115,City One,98,21.4,11.6,2,22,11.6,2,2,13.5,13.5
7290,Kam Sheung Road,115,Shek Mun,99,21.4,11.6,2,22,11.6,2,2,13.5,13.5
7291,Kam Sheung Road,115,Tai Shui Hang,100,23.7,12.9,2,26,12.9,2,2,15,15
7292,Kam Sheung Road,115,Heng On,101,23.7,12.9,2,26,12.9,2,2,15,15
7293,Kam Sheung Road,115,Ma On Shan,102,23.7,12.9,2,26,12.9,2,2,15,15
7294,Kam Sheung Road,115,Wu Kai Sha,103,23.7,12.9,2,26,12.9,2,2,15,15
7295,Kam Sheung Road,115,Austin,111,21,11,2,21.5,11,2,2,12.5,12.5
7296,Kam Sheung Road,115,Tsuen Wan West,114,13.6,6.5,2,15.5,6.5,2,2,6.5,6.5
7297,Kam Sheung Road,115,Kam Sheung Road,115,0,0,0,0,0,0,0,0,0
7298,Kam Sheung Road,115,Yuen Long,116,5.3,2.6,2,5.5,2.6,2,2,3,3
7299,Kam Sheung Road,115,Long Ping,117,6.4,3.3,2,6.5,3.3,2,2,3.5,3.5
7300,Kam Sheung Road,115,Tin Shui Wai,118,6.5,3.5,2,6.5,3.5,2,2,3.5,3.5
7301,Kam Sheung Road,115,Siu Hong,119,7.2,3.6,2,7.5,3.6,2,2,4,4
7302,Kam Sheung Road,115,Tuen Mun,120,8.3,4,2,9.5,4,2,2,4,4
7303,Kam Sheung Road,115,Sai Ying Pun,81,28,14.3,2,30,14.3,2,2,15.5,15.5
7304,Kam Sheung Road,115,HKU,82,28,14.3,2,30,14.3,2,2,15.5,15.5
7305,Kam Sheung Road,115,Kennedy Town,83,29.3,14.8,2,31,14.8,2,2,15.5,15.5
7306,Kam Sheung Road,115,Ho Man Tin,84,21,11,2,21.5,11,2,2,12.5,12.5
7307,Kam Sheung Road,115,Whampoa,85,21,11,2,21.5,11,2,2,12.5,12.5
7308,Kam Sheung Road,115,Ocean Park,86,29.3,14.8,2,31,14.8,2,2,15.5,15.5
7309,Kam Sheung Road,115,Wong Chuk Hang,87,29.3,14.8,2,31,14.8,2,2,15.5,15.5
7310,Kam Sheung Road,115,Lei Tung,88,29.3,14.8,2,31,14.8,2,2,15.5,15.5
7311,Kam Sheung Road,115,South Horizons,89,29.3,14.8,2,31,14.8,2,2,15.5,15.5
7312,Kam Sheung Road,115,Hin Keng,90,20.8,11.4,2,22,11.4,2,2,13,13
7313,Kam Sheung Road,115,Kai Tak,91,21.2,11.2,2,22,11.2,2,2,13,13
7314,Kam Sheung Road,115,Sung Wong Toi,92,21.2,11.2,2,22,11.2,2,2,13,13
7315,Kam Sheung Road,115,To Kwa Wan,93,21.2,11.2,2,22,11.2,2,2,13,13
7316,Yuen Long,116,Central,1,29.3,15.2,2,31,15.2,2,2,16.5,16.5
7317,Yuen Long,116,Admiralty,2,29.3,15.2,2,31,15.2,2,2,16.5,16.5
7318,Yuen Long,116,Tsim Sha Tsui,3,22.1,11.5,2,24,11.5,2,2,13.5,13.5
7319,Yuen Long,116,Jordan,4,22.1,11.5,2,24,11.5,2,2,13.5,13.5
7320,Yuen Long,116,Yau Ma Tei,5,22.1,11.5,2,24,11.5,2,2,13.5,13.5
7321,Yuen Long,116,Mong Kok,6,20.8,11,2,21.5,11,2,2,13,13
7322,Yuen Long,116,Shek Kip Mei,7,20.7,10.4,2,21.5,10.4,2,2,12.5,12.5
7323,Yuen Long,116,Kowloon Tong,8,20.8,11,2,21.5,11,2,2,13,13
7324,Yuen Long,116,Lok Fu,9,21.7,11,2,22.5,11,2,2,13,13
7325,Yuen Long,116,Wong Tai Sin,10,21.7,11,2,22.5,11,2,2,13.5,13.5
7326,Yuen Long,116,Diamond Hill,11,22.3,11.7,2,24,11.7,2,2,13.5,13.5
7327,Yuen Long,116,Choi Hung,12,22.3,11.7,2,24,11.7,2,2,13.5,13.5
7328,Yuen Long,116,Kowloon Bay,13,24.9,12.6,2,27.5,12.6,2,2,14,14
7329,Yuen Long,116,Ngau Tau Kok,14,24.9,12.6,2,27.5,12.6,2,2,14,14
7330,Yuen Long,116,Kwun Tong,15,24.9,12.6,2,27.5,12.6,2,2,14,14
7331,Yuen Long,116,Prince Edward,16,20.7,10.4,2,21.5,10.4,2,2,12.5,12.5
7332,Yuen Long,116,Sham Shui Po,17,20.7,10.4,2,21.5,10.4,2,2,12.5,12.5
7333,Yuen Long,116,Cheung Sha Wan,18,18.9,10,2,19.5,10,2,2,12,12
7334,Yuen Long,116,Lai Chi Kok,19,18.9,10,2,19.5,10,2,2,12,12
7335,Yuen Long,116,Mei Foo,20,16.8,8.5,2,17,8.5,2,2,9.5,9.5
7336,Yuen Long,116,Lai King,21,18.9,10,2,19.5,10,2,2,12,12
7337,Yuen Long,116,Kwai Fong,22,18.9,10,2,19.5,10,2,2,12,12
7338,Yuen Long,116,Kwai Hing,23,20.7,10.4,2,21.5,10.4,2,2,12.5,12.5
7339,Yuen Long,116,Tai Wo Hau,24,20.7,10.4,2,21.5,10.4,2,2,12.5,12.5
7340,Yuen Long,116,Tsuen Wan,25,21.8,11.1,2,22.5,11.1,2,2,13,13
7341,Yuen Long,116,Sheung Wan,26,29.3,15.2,2,31,15.2,2,2,16.5,16.5
7342,Yuen Long,116,Wan Chai,27,29.3,15.2,2,31,15.2,2,2,16.5,16.5
7343,Yuen Long,116,Causeway Bay,28,29.3,15.2,2,31,15.2,2,2,16.5,16.5
7344,Yuen Long,116,Tin Hau,29,29.3,15.2,2,31,15.2,2,2,16.5,16.5
7345,Yuen Long,116,Fortress Hill,30,30.2,15.8,2,32,15.8,2,2,16.5,16.5
7346,Yuen Long,116,North Point,31,30.2,15.8,2,32,15.8,2,2,16.5,16.5
7347,Yuen Long,116,Quarry Bay,32,30.2,15.8,2,32,15.8,2,2,16.5,16.5
7348,Yuen Long,116,Tai Koo,33,30.2,15.8,2,32,15.8,2,2,16.5,16.5
7349,Yuen Long,116,Sai Wan Ho,34,30.2,15.8,2,32,15.8,2,2,16.5,16.5
7350,Yuen Long,116,Shau Kei Wan,35,30.2,15.8,2,32,15.8,2,2,16.5,16.5
7351,Yuen Long,116,Heng Fa Chuen,36,30.2,15.8,2,32,15.8,2,2,16.5,16.5
7352,Yuen Long,116,Chai Wan,37,30.2,15.8,2,32,15.8,2,2,16.5,16.5
7353,Yuen Long,116,Lam Tin,38,24.9,12.6,2,27.5,12.6,2,2,14,14
7354,Yuen Long,116,Hong Kong,39,29.3,15.2,2,31,15.2,2,2,16.5,16.5
7355,Yuen Long,116,Kowloon,40,22.1,11.5,2,23,11.5,2,2,13.5,13.5
7356,Yuen Long,116,Olympic,41,20.8,11,2,21.5,11,2,2,13,13
7357,Yuen Long,116,Tsing Yi,42,20.7,10.4,2,21.5,10.4,2,2,12.5,12.5
7358,Yuen Long,116,Tung Chung,43,31,16.5,2,32.5,16.5,2,2,17.5,17.5
7359,Yuen Long,116,Yau Tong,48,25.5,12.6,2,28,12.6,2,2,14,14
7360,Yuen Long,116,Tiu Keng Leng,49,25.5,12.6,2,28,12.6,2,2,14,14
7361,Yuen Long,116,Tseung Kwan O,50,25.5,12.6,2,28,12.6,2,2,14,14
7362,Yuen Long,116,Hang Hau,51,25.5,12.6,2,28,12.6,2,2,14,14
7363,Yuen Long,116,Po Lam,52,25.5,12.6,2,28,12.6,2,2,14,14
7364,Yuen Long,116,Nam Cheong,53,17.8,8.9,2,18.5,8.9,2,2,10,10
7365,Yuen Long,116,Sunny Bay,54,28,14.3,2,30,14.3,2,2,15.5,15.5
7366,Yuen Long,116,Disneyland Resort,55,33.8,17.8,2,36.5,17.8,2,2,19.5,19.5
7367,Yuen Long,116,LOHAS Park,57,25.5,12.6,2,28,12.6,2,2,14,14
7368,Yuen Long,116,Hung Hom,64,22.1,11.5,2,24,11.5,2,2,13.5,13.5
7369,Yuen Long,116,Mong Kok East,65,20.9,11,2,21.5,11,2,2,12.5,12.5
7370,Yuen Long,116,Tai Wai,67,22,11.8,2,23.5,11.8,2,2,13.5,13.5
7371,Yuen Long,116,Sha Tin,68,22,11.8,2,23.5,11.8,2,2,13.5,13.5
7372,Yuen Long,116,Fo Tan,69,22,11.8,2,23.5,11.8,2,2,13.5,13.5
7373,Yuen Long,116,Racecourse,70,28.7,15.9,28.7,31,15.9,2,2,17,17
7374,Yuen Long,116,University,71,22.5,12.1,2,24.5,12.1,2,2,14,14
7375,Yuen Long,116,Tai Po Market,72,23.7,12.9,2,26.5,12.9,2,2,15,15
7376,Yuen Long,116,Tai Wo,73,23.7,12.9,2,26.5,12.9,2,2,15,15
7377,Yuen Long,116,Fanling,74,25,13.6,2,27.5,13.6,2,2,15.5,15.5
7378,Yuen Long,116,Sheung Shui,75,25,13.6,2,27.5,13.6,2,2,15.5,15.5
7379,Yuen Long,116,Lo Wu,76,59.2,57.6,59.2,63,30.2,30.2,30.2,32,32
7380,Yuen Long,116,Lok Ma Chau,78,59.2,57.6,59.2,63,30.2,30.2,30.2,32,32
7381,Yuen Long,116,East Tsim Sha Tsui,80,22.1,11.5,2,24,11.5,2,2,13.5,13.5
7382,Yuen Long,116,Che Kung Temple,96,22.5,12.1,2,24.5,12.1,2,2,14,14
7383,Yuen Long,116,Sha Tin Wai,97,22.5,12.1,2,24.5,12.1,2,2,14,14
7384,Yuen Long,116,City One,98,22.5,12.1,2,24.5,12.1,2,2,14,14
7385,Yuen Long,116,Shek Mun,99,22.5,12.1,2,24.5,12.1,2,2,14,14
7386,Yuen Long,116,Tai Shui Hang,100,24.7,13.4,2,27,13.4,2,2,15.5,15.5
7387,Yuen Long,116,Heng On,101,24.7,13.4,2,27,13.4,2,2,15.5,15.5
7388,Yuen Long,116,Ma On Shan,102,24.7,13.4,2,27,13.4,2,2,15.5,15.5
7389,Yuen Long,116,Wu Kai Sha,103,24.7,13.4,2,27,13.4,2,2,15.5,15.5
7390,Yuen Long,116,Austin,111,22.1,11.5,2,23,11.5,2,2,13.5,13.5
7391,Yuen Long,116,Tsuen Wan West,114,14.9,7.5,2,15.5,7.5,2,2,7.5,7.5
7392,Yuen Long,116,Kam Sheung Road,115,5.3,2.6,2,5.5,2.6,2,2,3,3
7393,Yuen Long,116,Yuen Long,116,0,0,0,0,0,0,0,0,0
7394,Yuen Long,116,Long Ping,117,5.3,2.6,2,5.5,2.6,2,2,3,3
7395,Yuen Long,116,Tin Shui Wai,118,5.4,2.8,2,5.5,2.8,2,2,3,3
7396,Yuen Long,116,Siu Hong,119,5.8,2.8,2,6,2.8,2,2,3,3
7397,Yuen Long,116,Tuen Mun,120,7.1,3.5,2,7.5,3.5,2,2,3.5,3.5
7398,Yuen Long,116,Sai Ying Pun,81,29.3,15.2,2,31,15.2,2,2,16.5,16.5
7399,Yuen Long,116,HKU,82,29.3,15.2,2,31,15.2,2,2,16.5,16.5
7400,Yuen Long,116,Kennedy Town,83,30.2,15.8,2,32,15.8,2,2,16.5,16.5
7401,Yuen Long,116,Ho Man Tin,84,22.1,11.5,2,24,11.5,2,2,13.5,13.5
7402,Yuen Long,116,Whampoa,85,22.1,11.5,2,24,11.5,2,2,13.5,13.5
7403,Yuen Long,116,Ocean Park,86,30.2,15.8,2,32,15.8,2,2,16.5,16.5
7404,Yuen Long,116,Wong Chuk Hang,87,30.2,15.8,2,32,15.8,2,2,16.5,16.5
7405,Yuen Long,116,Lei Tung,88,30.2,15.8,2,32,15.8,2,2,16.5,16.5
7406,Yuen Long,116,South Horizons,89,30.2,15.8,2,32,15.8,2,2,16.5,16.5
7407,Yuen Long,116,Hin Keng,90,22,11.8,2,23.5,11.8,2,2,13.5,13.5
7408,Yuen Long,116,Kai Tak,91,22.3,11.7,2,24,11.7,2,2,13.5,13.5
7409,Yuen Long,116,Sung Wong Toi,92,22.3,11.7,2,24,11.7,2,2,13.5,13.5
7410,Yuen Long,116,To Kwa Wan,93,22.3,11.7,2,24,11.7,2,2,13.5,13.5
7411,Long Ping,117,Central,1,29.3,15.2,2,31,15.2,2,2,16.5,16.5
7412,Long Ping,117,Admiralty,2,29.3,15.2,2,31,15.2,2,2,16.5,16.5
7413,Long Ping,117,Tsim Sha Tsui,3,22.1,11.5,2,24,11.5,2,2,13.5,13.5
7414,Long Ping,117,Jordan,4,22.1,11.5,2,24,11.5,2,2,13.5,13.5
7415,Long Ping,117,Yau Ma Tei,5,22.1,11.5,2,24,11.5,2,2,13.5,13.5
7416,Long Ping,117,Mong Kok,6,20.8,11,2,21.5,11,2,2,13,13
7417,Long Ping,117,Shek Kip Mei,7,20.7,10.4,2,21.5,10.4,2,2,12.5,12.5
7418,Long Ping,117,Kowloon Tong,8,20.8,11,2,21.5,11,2,2,13,13
7419,Long Ping,117,Lok Fu,9,21.7,11,2,22.5,11,2,2,13,13
7420,Long Ping,117,Wong Tai Sin,10,21.7,11,2,22.5,11,2,2,13.5,13.5
7421,Long Ping,117,Diamond Hill,11,22.3,11.7,2,24,11.7,2,2,13.5,13.5
7422,Long Ping,117,Choi Hung,12,22.3,11.7,2,24,11.7,2,2,13.5,13.5
7423,Long Ping,117,Kowloon Bay,13,24.9,12.6,2,27.5,12.6,2,2,14,14
7424,Long Ping,117,Ngau Tau Kok,14,24.9,12.6,2,27.5,12.6,2,2,14,14
7425,Long Ping,117,Kwun Tong,15,24.9,12.6,2,27.5,12.6,2,2,14,14
7426,Long Ping,117,Prince Edward,16,20.7,10.4,2,21.5,10.4,2,2,12.5,12.5
7427,Long Ping,117,Sham Shui Po,17,20.7,10.4,2,21.5,10.4,2,2,12.5,12.5
7428,Long Ping,117,Cheung Sha Wan,18,18.9,10,2,19.5,10,2,2,12,12
7429,Long Ping,117,Lai Chi Kok,19,18.9,10,2,19.5,10,2,2,12,12
7430,Long Ping,117,Mei Foo,20,16.8,8.5,2,17,8.5,2,2,9.5,9.5
7431,Long Ping,117,Lai King,21,18.9,10,2,19.5,10,2,2,12,12
7432,Long Ping,117,Kwai Fong,22,18.9,10,2,19.5,10,2,2,12,12
7433,Long Ping,117,Kwai Hing,23,20.7,10.4,2,21.5,10.4,2,2,12.5,12.5
7434,Long Ping,117,Tai Wo Hau,24,20.7,10.4,2,21.5,10.4,2,2,12.5,12.5
7435,Long Ping,117,Tsuen Wan,25,21.8,11.1,2,22.5,11.1,2,2,13,13
7436,Long Ping,117,Sheung Wan,26,29.3,15.2,2,31,15.2,2,2,16.5,16.5
7437,Long Ping,117,Wan Chai,27,29.3,15.2,2,31,15.2,2,2,16.5,16.5
7438,Long Ping,117,Causeway Bay,28,29.3,15.2,2,31,15.2,2,2,16.5,16.5
7439,Long Ping,117,Tin Hau,29,29.3,15.2,2,31,15.2,2,2,16.5,16.5
7440,Long Ping,117,Fortress Hill,30,30.2,15.8,2,32,15.8,2,2,16.5,16.5
7441,Long Ping,117,North Point,31,30.2,15.8,2,32,15.8,2,2,16.5,16.5
7442,Long Ping,117,Quarry Bay,32,30.2,15.8,2,32,15.8,2,2,16.5,16.5
7443,Long Ping,117,Tai Koo,33,30.2,15.8,2,32,15.8,2,2,16.5,16.5
7444,Long Ping,117,Sai Wan Ho,34,30.2,15.8,2,32,15.8,2,2,16.5,16.5
7445,Long Ping,117,Shau Kei Wan,35,30.2,15.8,2,32,15.8,2,2,16.5,16.5
7446,Long Ping,117,Heng Fa Chuen,36,30.2,15.8,2,32,15.8,2,2,16.5,16.5
7447,Long Ping,117,Chai Wan,37,30.2,15.8,2,32,15.8,2,2,16.5,16.5
7448,Long Ping,117,Lam Tin,38,24.9,12.6,2,27.5,12.6,2,2,14,14
7449,Long Ping,117,Hong Kong,39,29.3,15.2,2,31,15.2,2,2,16.5,16.5
7450,Long Ping,117,Kowloon,40,22.1,11.5,2,23,11.5,2,2,13.5,13.5
7451,Long Ping,117,Olympic,41,20.8,11,2,21.5,11,2,2,13,13
7452,Long Ping,117,Tsing Yi,42,20.7,10.4,2,21.5,10.4,2,2,12.5,12.5
7453,Long Ping,117,Tung Chung,43,31,16.5,2,32.5,16.5,2,2,17.5,17.5
7454,Long Ping,117,Yau Tong,48,25.5,12.6,2,28,12.6,2,2,14,14
7455,Long Ping,117,Tiu Keng Leng,49,25.5,12.6,2,28,12.6,2,2,14,14
7456,Long Ping,117,Tseung Kwan O,50,25.5,12.6,2,28,12.6,2,2,14,14
7457,Long Ping,117,Hang Hau,51,25.5,12.6,2,28,12.6,2,2,14,14
7458,Long Ping,117,Po Lam,52,25.5,12.6,2,28,12.6,2,2,14,14
7459,Long Ping,117,Nam Cheong,53,17.8,8.9,2,18.5,8.9,2,2,10,10
7460,Long Ping,117,Sunny Bay,54,28,14.3,2,30,14.3,2,2,15.5,15.5
7461,Long Ping,117,Disneyland Resort,55,33.8,17.8,2,36.5,17.8,2,2,19.5,19.5
7462,Long Ping,117,LOHAS Park,57,25.5,12.6,2,28,12.6,2,2,14,14
7463,Long Ping,117,Hung Hom,64,22.1,11.5,2,24,11.5,2,2,13.5,13.5
7464,Long Ping,117,Mong Kok East,65,20.9,11,2,21.5,11,2,2,12.5,12.5
7465,Long Ping,117,Tai Wai,67,22,11.8,2,23.5,11.8,2,2,13.5,13.5
7466,Long Ping,117,Sha Tin,68,22,11.8,2,23.5,11.8,2,2,13.5,13.5
7467,Long Ping,117,Fo Tan,69,22,11.8,2,23.5,11.8,2,2,13.5,13.5
7468,Long Ping,117,Racecourse,70,28.7,15.9,28.7,31,15.9,2,2,17,17
7469,Long Ping,117,University,71,22.5,12.1,2,24.5,12.1,2,2,14,14
7470,Long Ping,117,Tai Po Market,72,23.7,12.9,2,26.5,12.9,2,2,15,15
7471,Long Ping,117,Tai Wo,73,23.7,12.9,2,26.5,12.9,2,2,15,15
7472,Long Ping,117,Fanling,74,25,13.6,2,27.5,13.6,2,2,15.5,15.5
7473,Long Ping,117,Sheung Shui,75,25,13.6,2,27.5,13.6,2,2,15.5,15.5
7474,Long Ping,117,Lo Wu,76,59.2,57.6,59.2,63,30.2,30.2,30.2,32,32
7475,Long Ping,117,Lok Ma Chau,78,59.2,57.6,59.2,63,30.2,30.2,30.2,32,32
7476,Long Ping,117,East Tsim Sha Tsui,80,22.1,11.5,2,24,11.5,2,2,13.5,13.5
7477,Long Ping,117,Che Kung Temple,96,22.5,12.1,2,24.5,12.1,2,2,14,14
7478,Long Ping,117,Sha Tin Wai,97,22.5,12.1,2,24.5,12.1,2,2,14,14
7479,Long Ping,117,City One,98,22.5,12.1,2,24.5,12.1,2,2,14,14
7480,Long Ping,117,Shek Mun,99,22.5,12.1,2,24.5,12.1,2,2,14,14
7481,Long Ping,117,Tai Shui Hang,100,24.7,13.4,2,27,13.4,2,2,15.5,15.5
7482,Long Ping,117,Heng On,101,24.7,13.4,2,27,13.4,2,2,15.5,15.5
7483,Long Ping,117,Ma On Shan,102,24.7,13.4,2,27,13.4,2,2,15.5,15.5
7484,Long Ping,117,Wu Kai Sha,103,24.7,13.4,2,27,13.4,2,2,15.5,15.5
7485,Long Ping,117,Austin,111,22.1,11.5,2,23,11.5,2,2,13.5,13.5
7486,Long Ping,117,Tsuen Wan West,114,14.9,7.5,2,15.5,7.5,2,2,7.5,7.5
7487,Long Ping,117,Kam Sheung Road,115,6.4,3.3,2,6.5,3.3,2,2,3.5,3.5
7488,Long Ping,117,Yuen Long,116,5.3,2.6,2,5.5,2.6,2,2,3,3
7489,Long Ping,117,Long Ping,117,0,0,0,0,0,0,0,0,0
7490,Long Ping,117,Tin Shui Wai,118,5.3,2.6,2,5.5,2.6,2,2,3,3
7491,Long Ping,117,Siu Hong,119,5.8,2.8,2,6,2.8,2,2,3,3
7492,Long Ping,117,Tuen Mun,120,6.4,3.3,2,6.5,3.3,2,2,3.5,3.5
7493,Long Ping,117,Sai Ying Pun,81,29.3,15.2,2,31,15.2,2,2,16.5,16.5
7494,Long Ping,117,HKU,82,29.3,15.2,2,31,15.2,2,2,16.5,16.5
7495,Long Ping,117,Kennedy Town,83,30.2,15.8,2,32,15.8,2,2,16.5,16.5
7496,Long Ping,117,Ho Man Tin,84,22.1,11.5,2,24,11.5,2,2,13.5,13.5
7497,Long Ping,117,Whampoa,85,22.1,11.5,2,24,11.5,2,2,13.5,13.5
7498,Long Ping,117,Ocean Park,86,30.2,15.8,2,32,15.8,2,2,16.5,16.5
7499,Long Ping,117,Wong Chuk Hang,87,30.2,15.8,2,32,15.8,2,2,16.5,16.5
7500,Long Ping,117,Lei Tung,88,30.2,15.8,2,32,15.8,2,2,16.5,16.5
7501,Long Ping,117,South Horizons,89,30.2,15.8,2,32,15.8,2,2,16.5,16.5
7502,Long Ping,117,Hin Keng,90,22,11.8,2,23.5,11.8,2,2,13.5,13.5
7503,Long Ping,117,Kai Tak,91,22.3,11.7,2,24,11.7,2,2,13.5,13.5
7504,Long Ping,117,Sung Wong Toi,92,22.3,11.7,2,24,11.7,2,2,13.5,13.5
7505,Long Ping,117,To Kwa Wan,93,22.3,11.7,2,24,11.7,2,2,13.5,13.5
7506,Tin Shui Wai,118,Central,1,29.3,15.2,2,31,15.2,2,2,16.5,16.5
7507,Tin Shui Wai,118,Admiralty,2,29.3,15.2,2,31,15.2,2,2,16.5,16.5
7508,Tin Shui Wai,118,Tsim Sha Tsui,3,22.1,11.5,2,24,11.5,2,2,13.5,13.5
7509,Tin Shui Wai,118,Jordan,4,22.1,11.5,2,24,11.5,2,2,13.5,13.5
7510,Tin Shui Wai,118,Yau Ma Tei,5,22.1,11.5,2,24,11.5,2,2,13.5,13.5
7511,Tin Shui Wai,118,Mong Kok,6,20.8,11,2,21.5,11,2,2,13,13
7512,Tin Shui Wai,118,Shek Kip Mei,7,20.7,10.4,2,21.5,10.4,2,2,12.5,12.5
7513,Tin Shui Wai,118,Kowloon Tong,8,20.8,11,2,21.5,11,2,2,13,13
7514,Tin Shui Wai,118,Lok Fu,9,21.7,11,2,22.5,11,2,2,13,13
7515,Tin Shui Wai,118,Wong Tai Sin,10,21.7,11,2,22.5,11,2,2,13.5,13.5
7516,Tin Shui Wai,118,Diamond Hill,11,22.3,11.7,2,24,11.7,2,2,13.5,13.5
7517,Tin Shui Wai,118,Choi Hung,12,22.3,11.7,2,24,11.7,2,2,13.5,13.5
7518,Tin Shui Wai,118,Kowloon Bay,13,24.9,12.6,2,27.5,12.6,2,2,14,14
7519,Tin Shui Wai,118,Ngau Tau Kok,14,24.9,12.6,2,27.5,12.6,2,2,14,14
7520,Tin Shui Wai,118,Kwun Tong,15,24.9,12.6,2,27.5,12.6,2,2,14,14
7521,Tin Shui Wai,118,Prince Edward,16,20.7,10.4,2,21.5,10.4,2,2,12.5,12.5
7522,Tin Shui Wai,118,Sham Shui Po,17,20.7,10.4,2,21.5,10.4,2,2,12.5,12.5
7523,Tin Shui Wai,118,Cheung Sha Wan,18,18.9,10,2,19.5,10,2,2,12,12
7524,Tin Shui Wai,118,Lai Chi Kok,19,18.9,10,2,19.5,10,2,2,12,12
7525,Tin Shui Wai,118,Mei Foo,20,16.8,8.5,2,17,8.5,2,2,9.5,9.5
7526,Tin Shui Wai,118,Lai King,21,18.9,10,2,19.5,10,2,2,12,12
7527,Tin Shui Wai,118,Kwai Fong,22,18.9,10,2,19.5,10,2,2,12,12
7528,Tin Shui Wai,118,Kwai Hing,23,20.7,10.4,2,21.5,10.4,2,2,12.5,12.5
7529,Tin Shui Wai,118,Tai Wo Hau,24,20.7,10.4,2,21.5,10.4,2,2,12.5,12.5
7530,Tin Shui Wai,118,Tsuen Wan,25,21.8,11.1,2,22.5,11.1,2,2,13,13
7531,Tin Shui Wai,118,Sheung Wan,26,29.3,15.2,2,31,15.2,2,2,16.5,16.5
7532,Tin Shui Wai,118,Wan Chai,27,29.3,15.2,2,31,15.2,2,2,16.5,16.5
7533,Tin Shui Wai,118,Causeway Bay,28,29.3,15.2,2,31,15.2,2,2,16.5,16.5
7534,Tin Shui Wai,118,Tin Hau,29,29.3,15.2,2,31,15.2,2,2,16.5,16.5
7535,Tin Shui Wai,118,Fortress Hill,30,30.2,15.8,2,32,15.8,2,2,16.5,16.5
7536,Tin Shui Wai,118,North Point,31,30.2,15.8,2,32,15.8,2,2,16.5,16.5
7537,Tin Shui Wai,118,Quarry Bay,32,30.2,15.8,2,32,15.8,2,2,16.5,16.5
7538,Tin Shui Wai,118,Tai Koo,33,30.2,15.8,2,32,15.8,2,2,16.5,16.5
7539,Tin Shui Wai,118,Sai Wan Ho,34,30.2,15.8,2,32,15.8,2,2,16.5,16.5
7540,Tin Shui Wai,118,Shau Kei Wan,35,30.2,15.8,2,32,15.8,2,2,16.5,16.5
7541,Tin Shui Wai,118,Heng Fa Chuen,36,30.2,15.8,2,32,15.8,2,2,16.5,16.5
7542,Tin Shui Wai,118,Chai Wan,37,30.2,15.8,2,32,15.8,2,2,16.5,16.5
7543,Tin Shui Wai,118,Lam Tin,38,24.9,12.6,2,27.5,12.6,2,2,14,14
7544,Tin Shui Wai,118,Hong Kong,39,29.3,15.2,2,31,15.2,2,2,16.5,16.5
7545,Tin Shui Wai,118,Kowloon,40,22.1,11.5,2,23,11.5,2,2,13.5,13.5
7546,Tin Shui Wai,118,Olympic,41,20.8,11,2,21.5,11,2,2,13,13
7547,Tin Shui Wai,118,Tsing Yi,42,20.7,10.4,2,21.5,10.4,2,2,12.5,12.5
7548,Tin Shui Wai,118,Tung Chung,43,31,16.5,2,32.5,16.5,2,2,17.5,17.5
7549,Tin Shui Wai,118,Yau Tong,48,25.5,12.6,2,28,12.6,2,2,14,14
7550,Tin Shui Wai,118,Tiu Keng Leng,49,25.5,12.6,2,28,12.6,2,2,14,14
7551,Tin Shui Wai,118,Tseung Kwan O,50,25.5,12.6,2,28,12.6,2,2,14,14
7552,Tin Shui Wai,118,Hang Hau,51,25.5,12.6,2,28,12.6,2,2,14,14
7553,Tin Shui Wai,118,Po Lam,52,25.5,12.6,2,28,12.6,2,2,14,14
7554,Tin Shui Wai,118,Nam Cheong,53,17.8,8.9,2,18.5,8.9,2,2,10,10
7555,Tin Shui Wai,118,Sunny Bay,54,28,14.3,2,30,14.3,2,2,15.5,15.5
7556,Tin Shui Wai,118,Disneyland Resort,55,33.8,17.8,2,36.5,17.8,2,2,19.5,19.5
7557,Tin Shui Wai,118,LOHAS Park,57,25.5,12.6,2,28,12.6,2,2,14,14
7558,Tin Shui Wai,118,Hung Hom,64,22.1,11.5,2,24,11.5,2,2,13.5,13.5
7559,Tin Shui Wai,118,Mong Kok East,65,20.9,11,2,21.5,11,2,2,12.5,12.5
7560,Tin Shui Wai,118,Tai Wai,67,22,11.8,2,23.5,11.8,2,2,13.5,13.5
7561,Tin Shui Wai,118,Sha Tin,68,22,11.8,2,23.5,11.8,2,2,13.5,13.5
7562,Tin Shui Wai,118,Fo Tan,69,22,11.8,2,23.5,11.8,2,2,13.5,13.5
7563,Tin Shui Wai,118,Racecourse,70,28.7,15.9,28.7,31,15.9,2,2,17,17
7564,Tin Shui Wai,118,University,71,22.5,12.1,2,24.5,12.1,2,2,14,14
7565,Tin Shui Wai,118,Tai Po Market,72,23.7,12.9,2,26.5,12.9,2,2,15,15
7566,Tin Shui Wai,118,Tai Wo,73,23.7,12.9,2,26.5,12.9,2,2,15,15
7567,Tin Shui Wai,118,Fanling,74,25,13.6,2,27.5,13.6,2,2,15.5,15.5
7568,Tin Shui Wai,118,Sheung Shui,75,25,13.6,2,27.5,13.6,2,2,15.5,15.5
7569,Tin Shui Wai,118,Lo Wu,76,59.2,57.6,59.2,63,30.2,30.2,30.2,32,32
7570,Tin Shui Wai,118,Lok Ma Chau,78,59.2,57.6,59.2,63,30.2,30.2,30.2,32,32
7571,Tin Shui Wai,118,East Tsim Sha Tsui,80,22.1,11.5,2,24,11.5,2,2,13.5,13.5
7572,Tin Shui Wai,118,Che Kung Temple,96,22.5,12.1,2,24.5,12.1,2,2,14,14
7573,Tin Shui Wai,118,Sha Tin Wai,97,22.5,12.1,2,24.5,12.1,2,2,14,14
7574,Tin Shui Wai,118,City One,98,22.5,12.1,2,24.5,12.1,2,2,14,14
7575,Tin Shui Wai,118,Shek Mun,99,22.5,12.1,2,24.5,12.1,2,2,14,14
7576,Tin Shui Wai,118,Tai Shui Hang,100,24.7,13.4,2,27,13.4,2,2,15.5,15.5
7577,Tin Shui Wai,118,Heng On,101,24.7,13.4,2,27,13.4,2,2,15.5,15.5
7578,Tin Shui Wai,118,Ma On Shan,102,24.7,13.4,2,27,13.4,2,2,15.5,15.5
7579,Tin Shui Wai,118,Wu Kai Sha,103,24.7,13.4,2,27,13.4,2,2,15.5,15.5
7580,Tin Shui Wai,118,Austin,111,22.1,11.5,2,23,11.5,2,2,13.5,13.5
7581,Tin Shui Wai,118,Tsuen Wan West,114,14.9,7.5,2,15.5,7.5,2,2,7.5,7.5
7582,Tin Shui Wai,118,Kam Sheung Road,115,6.5,3.5,2,6.5,3.5,2,2,3.5,3.5
7583,Tin Shui Wai,118,Yuen Long,116,5.4,2.8,2,5.5,2.8,2,2,3,3
7584,Tin Shui Wai,118,Long Ping,117,5.3,2.6,2,5.5,2.6,2,2,3,3
7585,Tin Shui Wai,118,Tin Shui Wai,118,0,0,0,0,0,0,0,0,0
7586,Tin Shui Wai,118,Siu Hong,119,5.4,2.8,2,5.5,2.8,2,2,3,3
7587,Tin Shui Wai,118,Tuen Mun,120,5.8,2.8,2,6,2.8,2,2,3,3
7588,Tin Shui Wai,118,Sai Ying Pun,81,29.3,15.2,2,31,15.2,2,2,16.5,16.5
7589,Tin Shui Wai,118,HKU,82,29.3,15.2,2,31,15.2,2,2,16.5,16.5
7590,Tin Shui Wai,118,Kennedy Town,83,30.2,15.8,2,32,15.8,2,2,16.5,16.5
7591,Tin Shui Wai,118,Ho Man Tin,84,22.1,11.5,2,24,11.5,2,2,13.5,13.5
7592,Tin Shui Wai,118,Whampoa,85,22.1,11.5,2,24,11.5,2,2,13.5,13.5
7593,Tin Shui Wai,118,Ocean Park,86,30.2,15.8,2,32,15.8,2,2,16.5,16.5
7594,Tin Shui Wai,118,Wong Chuk Hang,87,30.2,15.8,2,32,15.8,2,2,16.5,16.5
7595,Tin Shui Wai,118,Lei Tung,88,30.2,15.8,2,32,15.8,2,2,16.5,16.5
7596,Tin Shui Wai,118,South Horizons,89,30.2,15.8,2,32,15.8,2,2,16.5,16.5
7597,Tin Shui Wai,118,Hin Keng,90,22,11.8,2,23.5,11.8,2,2,13.5,13.5
7598,Tin Shui Wai,118,Kai Tak,91,22.3,11.7,2,24,11.7,2,2,13.5,13.5
7599,Tin Shui Wai,118,Sung Wong Toi,92,22.3,11.7,2,24,11.7,2,2,13.5,13.5
7600,Tin Shui Wai,118,To Kwa Wan,93,22.3,11.7,2,24,11.7,2,2,13.5,13.5
7601,Siu Hong,119,Central,1,29.3,15.2,2,31,15.2,2,2,16.5,16.5
7602,Siu Hong,119,Admiralty,2,29.3,15.2,2,31,15.2,2,2,16.5,16.5
7603,Siu Hong,119,Tsim Sha Tsui,3,22.1,11.5,2,24,11.5,2,2,13.5,13.5
7604,Siu Hong,119,Jordan,4,22.1,11.5,2,24,11.5,2,2,13.5,13.5
7605,Siu Hong,119,Yau Ma Tei,5,22.1,11.5,2,24,11.5,2,2,13.5,13.5
7606,Siu Hong,119,Mong Kok,6,20.8,11,2,21.5,11,2,2,13,13
7607,Siu Hong,119,Shek Kip Mei,7,20.7,10.4,2,21.5,10.4,2,2,12.5,12.5
7608,Siu Hong,119,Kowloon Tong,8,20.8,11,2,21.5,11,2,2,13,13
7609,Siu Hong,119,Lok Fu,9,21.7,11,2,22.5,11,2,2,13,13
7610,Siu Hong,119,Wong Tai Sin,10,21.7,11,2,22.5,11,2,2,13.5,13.5
7611,Siu Hong,119,Diamond Hill,11,22.3,11.7,2,24,11.7,2,2,13.5,13.5
7612,Siu Hong,119,Choi Hung,12,22.3,11.7,2,24,11.7,2,2,13.5,13.5
7613,Siu Hong,119,Kowloon Bay,13,24.9,12.6,2,27.5,12.6,2,2,14,14
7614,Siu Hong,119,Ngau Tau Kok,14,24.9,12.6,2,27.5,12.6,2,2,14,14
7615,Siu Hong,119,Kwun Tong,15,24.9,12.6,2,27.5,12.6,2,2,14,14
7616,Siu Hong,119,Prince Edward,16,20.7,10.4,2,21.5,10.4,2,2,12.5,12.5
7617,Siu Hong,119,Sham Shui Po,17,20.7,10.4,2,21.5,10.4,2,2,12.5,12.5
7618,Siu Hong,119,Cheung Sha Wan,18,18.9,10,2,19.5,10,2,2,12,12
7619,Siu Hong,119,Lai Chi Kok,19,18.9,10,2,19.5,10,2,2,12,12
7620,Siu Hong,119,Mei Foo,20,16.8,8.5,2,17,8.5,2,2,9.5,9.5
7621,Siu Hong,119,Lai King,21,18.9,10,2,19.5,10,2,2,12,12
7622,Siu Hong,119,Kwai Fong,22,18.9,10,2,19.5,10,2,2,12,12
7623,Siu Hong,119,Kwai Hing,23,20.7,10.4,2,21.5,10.4,2,2,12.5,12.5
7624,Siu Hong,119,Tai Wo Hau,24,20.7,10.4,2,21.5,10.4,2,2,12.5,12.5
7625,Siu Hong,119,Tsuen Wan,25,21.8,11.1,2,22.5,11.1,2,2,13,13
7626,Siu Hong,119,Sheung Wan,26,29.3,15.2,2,31,15.2,2,2,16.5,16.5
7627,Siu Hong,119,Wan Chai,27,29.3,15.2,2,31,15.2,2,2,16.5,16.5
7628,Siu Hong,119,Causeway Bay,28,29.3,15.2,2,31,15.2,2,2,16.5,16.5
7629,Siu Hong,119,Tin Hau,29,29.3,15.2,2,31,15.2,2,2,16.5,16.5
7630,Siu Hong,119,Fortress Hill,30,30.2,15.8,2,32,15.8,2,2,16.5,16.5
7631,Siu Hong,119,North Point,31,30.2,15.8,2,32,15.8,2,2,16.5,16.5
7632,Siu Hong,119,Quarry Bay,32,30.2,15.8,2,32,15.8,2,2,16.5,16.5
7633,Siu Hong,119,Tai Koo,33,30.2,15.8,2,32,15.8,2,2,16.5,16.5
7634,Siu Hong,119,Sai Wan Ho,34,30.2,15.8,2,32,15.8,2,2,16.5,16.5
7635,Siu Hong,119,Shau Kei Wan,35,30.2,15.8,2,32,15.8,2,2,16.5,16.5
7636,Siu Hong,119,Heng Fa Chuen,36,30.2,15.8,2,32,15.8,2,2,16.5,16.5
7637,Siu Hong,119,Chai Wan,37,30.2,15.8,2,32,15.8,2,2,16.5,16.5
7638,Siu Hong,119,Lam Tin,38,24.9,12.6,2,27.5,12.6,2,2,14,14
7639,Siu Hong,119,Hong Kong,39,29.3,15.2,2,31,15.2,2,2,16.5,16.5
7640,Siu Hong,119,Kowloon,40,22.1,11.5,2,23,11.5,2,2,13.5,13.5
7641,Siu Hong,119,Olympic,41,20.8,11,2,21.5,11,2,2,13,13
7642,Siu Hong,119,Tsing Yi,42,20.7,10.4,2,21.5,10.4,2,2,12.5,12.5
7643,Siu Hong,119,Tung Chung,43,31,16.5,2,32.5,16.5,2,2,17.5,17.5
7644,Siu Hong,119,Yau Tong,48,25.5,12.6,2,28,12.6,2,2,14,14
7645,Siu Hong,119,Tiu Keng Leng,49,25.5,12.6,2,28,12.6,2,2,14,14
7646,Siu Hong,119,Tseung Kwan O,50,25.5,12.6,2,28,12.6,2,2,14,14
7647,Siu Hong,119,Hang Hau,51,25.5,12.6,2,28,12.6,2,2,14,14
7648,Siu Hong,119,Po Lam,52,25.5,12.6,2,28,12.6,2,2,14,14
7649,Siu Hong,119,Nam Cheong,53,17.8,8.9,2,18.5,8.9,2,2,10,10
7650,Siu Hong,119,Sunny Bay,54,28,14.3,2,30,14.3,2,2,15.5,15.5
7651,Siu Hong,119,Disneyland Resort,55,33.8,17.8,2,36.5,17.8,2,2,19.5,19.5
7652,Siu Hong,119,LOHAS Park,57,25.5,12.6,2,28,12.6,2,2,14,14
7653,Siu Hong,119,Hung Hom,64,22.1,11.5,2,24,11.5,2,2,13.5,13.5
7654,Siu Hong,119,Mong Kok East,65,20.9,11,2,21.5,11,2,2,12.5,12.5
7655,Siu Hong,119,Tai Wai,67,22,11.8,2,23.5,11.8,2,2,13.5,13.5
7656,Siu Hong,119,Sha Tin,68,22,11.8,2,23.5,11.8,2,2,13.5,13.5
7657,Siu Hong,119,Fo Tan,69,22,11.8,2,23.5,11.8,2,2,13.5,13.5
7658,Siu Hong,119,Racecourse,70,28.7,15.9,28.7,31,15.9,2,2,17,17
7659,Siu Hong,119,University,71,22.5,12.1,2,24.5,12.1,2,2,14,14
7660,Siu Hong,119,Tai Po Market,72,23.7,12.9,2,26.5,12.9,2,2,15,15
7661,Siu Hong,119,Tai Wo,73,23.7,12.9,2,26.5,12.9,2,2,15,15
7662,Siu Hong,119,Fanling,74,25,13.6,2,27.5,13.6,2,2,15.5,15.5
7663,Siu Hong,119,Sheung Shui,75,25,13.6,2,27.5,13.6,2,2,15.5,15.5
7664,Siu Hong,119,Lo Wu,76,59.2,57.6,59.2,63,30.2,30.2,30.2,32,32
7665,Siu Hong,119,Lok Ma Chau,78,59.2,57.6,59.2,63,30.2,30.2,30.2,32,32
7666,Siu Hong,119,East Tsim Sha Tsui,80,22.1,11.5,2,24,11.5,2,2,13.5,13.5
7667,Siu Hong,119,Che Kung Temple,96,22.5,12.1,2,24.5,12.1,2,2,14,14
7668,Siu Hong,119,Sha Tin Wai,97,22.5,12.1,2,24.5,12.1,2,2,14,14
7669,Siu Hong,119,City One,98,22.5,12.1,2,24.5,12.1,2,2,14,14
7670,Siu Hong,119,Shek Mun,99,22.5,12.1,2,24.5,12.1,2,2,14,14
7671,Siu Hong,119,Tai Shui Hang,100,24.7,13.4,2,27,13.4,2,2,15.5,15.5
7672,Siu Hong,119,Heng On,101,24.7,13.4,2,27,13.4,2,2,15.5,15.5
7673,Siu Hong,119,Ma On Shan,102,24.7,13.4,2,27,13.4,2,2,15.5,15.5
7674,Siu Hong,119,Wu Kai Sha,103,24.7,13.4,2,27,13.4,2,2,15.5,15.5
7675,Siu Hong,119,Austin,111,22.1,11.5,2,23,11.5,2,2,13.5,13.5
7676,Siu Hong,119,Tsuen Wan West,114,14.9,7.5,2,15.5,7.5,2,2,7.5,7.5
7677,Siu Hong,119,Kam Sheung Road,115,7.2,3.6,2,7.5,3.6,2,2,4,4
7678,Siu Hong,119,Yuen Long,116,5.8,2.8,2,6,2.8,2,2,3,3
7679,Siu Hong,119,Long Ping,117,5.8,2.8,2,6,2.8,2,2,3,3
7680,Siu Hong,119,Tin Shui Wai,118,5.4,2.8,2,5.5,2.8,2,2,3,3
7681,Siu Hong,119,Siu Hong,119,0,0,0,0,0,0,0,0,0
7682,Siu Hong,119,Tuen Mun,120,5.3,2.6,2,5.5,2.6,2,2,3,3
7683,Siu Hong,119,Sai Ying Pun,81,29.3,15.2,2,31,15.2,2,2,16.5,16.5
7684,Siu Hong,119,HKU,82,29.3,15.2,2,31,15.2,2,2,16.5,16.5
7685,Siu Hong,119,Kennedy Town,83,30.2,15.8,2,32,15.8,2,2,16.5,16.5
7686,Siu Hong,119,Ho Man Tin,84,22.1,11.5,2,24,11.5,2,2,13.5,13.5
7687,Siu Hong,119,Whampoa,85,22.1,11.5,2,24,11.5,2,2,13.5,13.5
7688,Siu Hong,119,Ocean Park,86,30.2,15.8,2,32,15.8,2,2,16.5,16.5
7689,Siu Hong,119,Wong Chuk Hang,87,30.2,15.8,2,32,15.8,2,2,16.5,16.5
7690,Siu Hong,119,Lei Tung,88,30.2,15.8,2,32,15.8,2,2,16.5,16.5
7691,Siu Hong,119,South Horizons,89,30.2,15.8,2,32,15.8,2,2,16.5,16.5
7692,Siu Hong,119,Hin Keng,90,22,11.8,2,23.5,11.8,2,2,13.5,13.5
7693,Siu Hong,119,Kai Tak,91,22.3,11.7,2,24,11.7,2,2,13.5,13.5
7694,Siu Hong,119,Sung Wong Toi,92,22.3,11.7,2,24,11.7,2,2,13.5,13.5
7695,Siu Hong,119,To Kwa Wan,93,22.3,11.7,2,24,11.7,2,2,13.5,13.5
7696,Tuen Mun,120,Central,1,29.3,15.2,2,31,15.2,2,2,16.5,16.5
7697,Tuen Mun,120,Admiralty,2,29.3,15.2,2,31,15.2,2,2,16.5,16.5
7698,Tuen Mun,120,Tsim Sha Tsui,3,22.1,11.5,2,24,11.5,2,2,13.5,13.5
7699,Tuen Mun,120,Jordan,4,22.1,11.5,2,24,11.5,2,2,13.5,13.5
7700,Tuen Mun,120,Yau Ma Tei,5,22.1,11.5,2,24,11.5,2,2,13.5,13.5
7701,Tuen Mun,120,Mong Kok,6,20.8,11,2,21.5,11,2,2,13,13
7702,Tuen Mun,120,Shek Kip Mei,7,20.7,10.4,2,21.5,10.4,2,2,12.5,12.5
7703,Tuen Mun,120,Kowloon Tong,8,20.8,11,2,21.5,11,2,2,13,13
7704,Tuen Mun,120,Lok Fu,9,21.7,11,2,22.5,11,2,2,13,13
7705,Tuen Mun,120,Wong Tai Sin,10,21.7,11,2,22.5,11,2,2,13.5,13.5
7706,Tuen Mun,120,Diamond Hill,11,22.3,11.7,2,24,11.7,2,2,13.5,13.5
7707,Tuen Mun,120,Choi Hung,12,22.3,11.7,2,24,11.7,2,2,13.5,13.5
7708,Tuen Mun,120,Kowloon Bay,13,24.9,12.6,2,27.5,12.6,2,2,14,14
7709,Tuen Mun,120,Ngau Tau Kok,14,24.9,12.6,2,27.5,12.6,2,2,14,14
7710,Tuen Mun,120,Kwun Tong,15,24.9,12.6,2,27.5,12.6,2,2,14,14
7711,Tuen Mun,120,Prince Edward,16,20.7,10.4,2,21.5,10.4,2,2,12.5,12.5
7712,Tuen Mun,120,Sham Shui Po,17,20.7,10.4,2,21.5,10.4,2,2,12.5,12.5
7713,Tuen Mun,120,Cheung Sha Wan,18,18.9,10,2,19.5,10,2,2,12,12
7714,Tuen Mun,120,Lai Chi Kok,19,18.9,10,2,19.5,10,2,2,12,12
7715,Tuen Mun,120,Mei Foo,20,16.8,8.5,2,17,8.5,2,2,9.5,9.5
7716,Tuen Mun,120,Lai King,21,18.9,10,2,19.5,10,2,2,12,12
7717,Tuen Mun,120,Kwai Fong,22,18.9,10,2,19.5,10,2,2,12,12
7718,Tuen Mun,120,Kwai Hing,23,20.7,10.4,2,21.5,10.4,2,2,12.5,12.5
7719,Tuen Mun,120,Tai Wo Hau,24,20.7,10.4,2,21.5,10.4,2,2,12.5,12.5
7720,Tuen Mun,120,Tsuen Wan,25,21.8,11.1,2,22.5,11.1,2,2,13,13
7721,Tuen Mun,120,Sheung Wan,26,29.3,15.2,2,31,15.2,2,2,16.5,16.5
7722,Tuen Mun,120,Wan Chai,27,29.3,15.2,2,31,15.2,2,2,16.5,16.5
7723,Tuen Mun,120,Causeway Bay,28,29.3,15.2,2,31,15.2,2,2,16.5,16.5
7724,Tuen Mun,120,Tin Hau,29,29.3,15.2,2,31,15.2,2,2,16.5,16.5
7725,Tuen Mun,120,Fortress Hill,30,30.2,15.8,2,32,15.8,2,2,16.5,16.5
7726,Tuen Mun,120,North Point,31,30.2,15.8,2,32,15.8,2,2,16.5,16.5
7727,Tuen Mun,120,Quarry Bay,32,30.2,15.8,2,32,15.8,2,2,16.5,16.5
7728,Tuen Mun,120,Tai Koo,33,30.2,15.8,2,32,15.8,2,2,16.5,16.5
7729,Tuen Mun,120,Sai Wan Ho,34,30.2,15.8,2,32,15.8,2,2,16.5,16.5
7730,Tuen Mun,120,Shau Kei Wan,35,30.2,15.8,2,32,15.8,2,2,16.5,16.5
7731,Tuen Mun,120,Heng Fa Chuen,36,30.2,15.8,2,32,15.8,2,2,16.5,16.5
7732,Tuen Mun,120,Chai Wan,37,30.2,15.8,2,32,15.8,2,2,16.5,16.5
7733,Tuen Mun,120,Lam Tin,38,24.9,12.6,2,27.5,12.6,2,2,14,14
7734,Tuen Mun,120,Hong Kong,39,29.3,15.2,2,31,15.2,2,2,16.5,16.5
7735,Tuen Mun,120,Kowloon,40,22.1,11.5,2,23,11.5,2,2,13.5,13.5
7736,Tuen Mun,120,Olympic,41,20.8,11,2,21.5,11,2,2,13,13
7737,Tuen Mun,120,Tsing Yi,42,20.7,10.4,2,21.5,10.4,2,2,12.5,12.5
7738,Tuen Mun,120,Tung Chung,43,31,16.5,2,32.5,16.5,2,2,17.5,17.5
7739,Tuen Mun,120,Yau Tong,48,25.5,12.6,2,28,12.6,2,2,14,14
7740,Tuen Mun,120,Tiu Keng Leng,49,25.5,12.6,2,28,12.6,2,2,14,14
7741,Tuen Mun,120,Tseung Kwan O,50,25.5,12.6,2,28,12.6,2,2,14,14
7742,Tuen Mun,120,Hang Hau,51,25.5,12.6,2,28,12.6,2,2,14,14
7743,Tuen Mun,120,Po Lam,52,25.5,12.6,2,28,12.6,2,2,14,14
7744,Tuen Mun,120,Nam Cheong,53,17.8,8.9,2,18.5,8.9,2,2,10,10
7745,Tuen Mun,120,Sunny Bay,54,28,14.3,2,30,14.3,2,2,15.5,15.5
7746,Tuen Mun,120,Disneyland Resort,55,33.8,17.8,2,36.5,17.8,2,2,19.5,19.5
7747,Tuen Mun,120,LOHAS Park,57,25.5,12.6,2,28,12.6,2,2,14,14
7748,Tuen Mun,120,Hung Hom,64,22.1,11.5,2,24,11.5,2,2,13.5,13.5
7749,Tuen Mun,120,Mong Kok East,65,20.9,11,2,21.5,11,2,2,12.5,12.5
7750,Tuen Mun,120,Tai Wai,67,22,11.8,2,23.5,11.8,2,2,13.5,13.5
7751,Tuen Mun,120,Sha Tin,68,22,11.8,2,23.5,11.8,2,2,13.5,13.5
7752,Tuen Mun,120,Fo Tan,69,22,11.8,2,23.5,11.8,2,2,13.5,13.5
7753,Tuen Mun,120,Racecourse,70,28.7,15.9,28.7,31,15.9,2,2,17,17
7754,Tuen Mun,120,University,71,22.5,12.1,2,24.5,12.1,2,2,14,14
7755,Tuen Mun,120,Tai Po Market,72,23.7,12.9,2,26.5,12.9,2,2,15,15
7756,Tuen Mun,120,Tai Wo,73,23.7,12.9,2,26.5,12.9,2,2,15,15
7757,Tuen Mun,120,Fanling,74,25,13.6,2,27.5,13.6,2,2,15.5,15.5
7758,Tuen Mun,120,Sheung Shui,75,25,13.6,2,27.5,13.6,2,2,15.5,15.5
7759,Tuen Mun,120,Lo Wu,76,59.2,57.6,59.2,63,30.2,30.2,30.2,32,32
7760,Tuen Mun,120,Lok Ma Chau,78,59.2,57.6,59.2,63,30.2,30.2,30.2,32,32
7761,Tuen Mun,120,East Tsim Sha Tsui,80,22.1,11.5,2,24,11.5,2,2,13.5,13.5
7762,Tuen Mun,120,Che Kung Temple,96,22.5,12.1,2,24.5,12.1,2,2,14,14
7763,Tuen Mun,120,Sha Tin Wai,97,22.5,12.1,2,24.5,12.1,2,2,14,14
7764,Tuen Mun,120,City One,98,22.5,12.1,2,24.5,12.1,2,2,14,14
7765,Tuen Mun,120,Shek Mun,99,22.5,12.1,2,24.5,12.1,2,2,14,14
7766,Tuen Mun,120,Tai Shui Hang,100,24.7,13.4,2,27,13.4,2,2,15.5,15.5
7767,Tuen Mun,120,Heng On,101,24.7,13.4,2,27,13.4,2,2,15.5,15.5
7768,Tuen Mun,120,Ma On Shan,102,24.7,13.4,2,27,13.4,2,2,15.5,15.5
7769,Tuen Mun,120,Wu Kai Sha,103,24.7,13.4,2,27,13.4,2,2,15.5,15.5
7770,Tuen Mun,120,Austin,111,22.1,11.5,2,23,11.5,2,2,13.5,13.5
7771,Tuen Mun,120,Tsuen Wan West,114,14.9,7.5,2,15.5,7.5,2,2,7.5,7.5
7772,Tuen Mun,120,Kam Sheung Road,115,8.3,4,2,9.5,4,2,2,4,4
7773,Tuen Mun,120,Yuen Long,116,7.1,3.5,2,7.5,3.5,2,2,3.5,3.5
7774,Tuen Mun,120,Long Ping,117,6.4,3.3,2,6.5,3.3,2,2,3.5,3.5
7775,Tuen Mun,120,Tin Shui Wai,118,5.8,2.8,2,6,2.8,2,2,3,3
7776,Tuen Mun,120,Siu Hong,119,5.3,2.6,2,5.5,2.6,2,2,3,3
7777,Tuen Mun,120,Tuen Mun,120,0,0,0,0,0,0,0,0,0
7778,Tuen Mun,120,Sai Ying Pun,81,29.3,15.2,2,31,15.2,2,2,16.5,16.5
7779,Tuen Mun,120,HKU,82,29.3,15.2,2,31,15.2,2,2,16.5,16.5
7780,Tuen Mun,120,Kennedy Town,83,30.2,15.8,2,32,15.8,2,2,16.5,16.5
7781,Tuen Mun,120,Ho Man Tin,84,22.1,11.5,2,24,11.5,2,2,13.5,13.5
7782,Tuen Mun,120,Whampoa,85,22.1,11.5,2,24,11.5,2,2,13.5,13.5
7783,Tuen Mun,120,Ocean Park,86,30.2,15.8,2,32,15.8,2,2,16.5,16.5
7784,Tuen Mun,120,Wong Chuk Hang,87,30.2,15.8,2,32,15.8,2,2,16.5,16.5
7785,Tuen Mun,120,Lei Tung,88,30.2,15.8,2,32,15.8,2,2,16.5,16.5
7786,Tuen Mun,120,South Horizons,89,30.2,15.8,2,32,15.8,2,2,16.5,16.5
7787,Tuen Mun,120,Hin Keng,90,22,11.8,2,23.5,11.8,2,2,13.5,13.5
7788,Tuen Mun,120,Kai Tak,91,22.3,11.7,2,24,11.7,2,2,13.5,13.5
7789,Tuen Mun,120,Sung Wong Toi,92,22.3,11.7,2,24,11.7,2,2,13.5,13.5
7790,Tuen Mun,120,To Kwa Wan,93,22.3,11.7,2,24,11.7,2,2,13.5,13.5
7791,Sai Ying Pun,81,Central,1,4.9,3.2,2,5,3.2,2,2,3.5,3.5
7792,Sai Ying Pun,81,Admiralty,2,5.9,3.2,2,6,3.2,2,2,3.5,3.5
7793,Sai Ying Pun,81,Tsim Sha Tsui,3,13.2,6.5,2,15.5,6.5,2,2,6.5,6.5
7794,Sai Ying Pun,81,Jordan,4,13.2,6.5,2,15.5,6.5,2,2,6.5,6.5
7795,Sai Ying Pun,81,Yau Ma Tei,5,13.2,6.5,2,15.5,6.5,2,2,6.5,6.5
7796,Sai Ying Pun,81,Mong Kok,6,13.2,6.5,2,15.5,6.5,2,2,6.5,6.5
7797,Sai Ying Pun,81,Shek Kip Mei,7,13.2,6.5,2,15.5,6.5,2,2,6.5,6.5
7798,Sai Ying Pun,81,Kowloon Tong,8,13.2,6.5,2,15.5,6.5,2,2,6.5,6.5
7799,Sai Ying Pun,81,Lok Fu,9,15.8,7.4,2,16,7.4,2,2,7.5,7.5
7800,Sai Ying Pun,81,Wong Tai Sin,10,15.8,7.4,2,16,7.4,2,2,7.5,7.5
7801,Sai Ying Pun,81,Diamond Hill,11,15.8,7.4,2,16,7.4,2,2,7.5,7.5
7802,Sai Ying Pun,81,Choi Hung,12,15.8,7.4,2,16,7.4,2,2,7.5,7.5
7803,Sai Ying Pun,81,Kowloon Bay,13,15.8,7.4,2,16,7.4,2,2,7.5,7.5
7804,Sai Ying Pun,81,Ngau Tau Kok,14,15.8,7.4,2,16,7.4,2,2,7.5,7.5
7805,Sai Ying Pun,81,Kwun Tong,15,15.8,7.4,2,16,7.4,2,2,7.5,7.5
7806,Sai Ying Pun,81,Prince Edward,16,13.2,6.5,2,15.5,6.5,2,2,6.5,6.5
7807,Sai Ying Pun,81,Sham Shui Po,17,13.2,6.5,2,15.5,6.5,2,2,6.5,6.5
7808,Sai Ying Pun,81,Cheung Sha Wan,18,13.2,6.5,2,15.5,6.5,2,2,6.5,6.5
7809,Sai Ying Pun,81,Lai Chi Kok,19,15.8,7.4,2,16,7.4,2,2,7.5,7.5
7810,Sai Ying Pun,81,Mei Foo,20,15.8,7.4,2,16,7.4,2,2,7.5,7.5
7811,Sai Ying Pun,81,Lai King,21,15.8,7.4,2,16,7.4,2,2,7.5,7.5
7812,Sai Ying Pun,81,Kwai Fong,22,15.8,7.4,2,16,7.4,2,2,7.5,7.5
7813,Sai Ying Pun,81,Kwai Hing,23,15.8,7.4,2,16,7.4,2,2,7.5,7.5
7814,Sai Ying Pun,81,Tai Wo Hau,24,15.8,7.4,2,16,7.4,2,2,7.5,7.5
7815,Sai Ying Pun,81,Tsuen Wan,25,15.8,7.4,2,16,7.4,2,2,7.5,7.5
7816,Sai Ying Pun,81,Sheung Wan,26,4.9,3.2,2,5,3.2,2,2,3.5,3.5
7817,Sai Ying Pun,81,Wan Chai,27,5.9,3.2,2,6,3.2,2,2,3.5,3.5
7818,Sai Ying Pun,81,Causeway Bay,28,5.9,3.2,2,6,3.2,2,2,3.5,3.5
7819,Sai Ying Pun,81,Tin Hau,29,7.4,3.7,2,7.5,3.7,2,2,4,4
7820,Sai Ying Pun,81,Fortress Hill,30,7.4,3.7,2,7.5,3.7,2,2,4,4
7821,Sai Ying Pun,81,North Point,31,7.4,3.7,2,7.5,3.7,2,2,4,4
7822,Sai Ying Pun,81,Quarry Bay,32,9.2,4.4,2,10.5,4.4,2,2,4.5,4.5
7823,Sai Ying Pun,81,Tai Koo,33,9.2,4.4,2,10.5,4.4,2,2,4.5,4.5
7824,Sai Ying Pun,81,Sai Wan Ho,34,9.2,4.4,2,10.5,4.4,2,2,4.5,4.5
7825,Sai Ying Pun,81,Shau Kei Wan,35,9.2,4.4,2,10.5,4.4,2,2,4.5,4.5
7826,Sai Ying Pun,81,Heng Fa Chuen,36,9.2,4.4,2,10.5,4.4,2,2,4.5,4.5
7827,Sai Ying Pun,81,Chai Wan,37,11,4.9,2,13,4.9,2,2,5,5
7828,Sai Ying Pun,81,Lam Tin,38,15.8,7.4,2,16,7.4,2,2,7.5,7.5
7829,Sai Ying Pun,81,Hong Kong,39,4.9,3.2,2,5,3.2,2,2,3.5,3.5
7830,Sai Ying Pun,81,Kowloon,40,13.2,6.5,2,15.5,6.5,2,2,6.5,6.5
7831,Sai Ying Pun,81,Olympic,41,13.2,6.5,2,15.5,6.5,2,2,6.5,6.5
7832,Sai Ying Pun,81,Tsing Yi,42,15.8,7.4,2,16,7.4,2,2,7.5,7.5
7833,Sai Ying Pun,81,Tung Chung,43,24.3,12.5,2,28,12.5,2,2,15,15
7834,Sai Ying Pun,81,Yau Tong,48,15.8,7.4,2,16,7.4,2,2,7.5,7.5
7835,Sai Ying Pun,81,Tiu Keng Leng,49,15.8,7.4,2,16,7.4,2,2,7.5,7.5
7836,Sai Ying Pun,81,Tseung Kwan O,50,15.8,7.4,2,16,7.4,2,2,7.5,7.5
7837,Sai Ying Pun,81,Hang Hau,51,15.8,7.4,2,16,7.4,2,2,7.5,7.5
7838,Sai Ying Pun,81,Po Lam,52,15.8,7.4,2,16,7.4,2,2,7.5,7.5
7839,Sai Ying Pun,81,Nam Cheong,53,13.2,6.5,2,15.5,6.5,2,2,6.5,6.5
7840,Sai Ying Pun,81,Sunny Bay,54,22.2,11.1,2,25.5,11.1,2,2,13.5,13.5
7841,Sai Ying Pun,81,Disneyland Resort,55,27.9,14.2,2,31,14.2,2,2,16.5,16.5
7842,Sai Ying Pun,81,LOHAS Park,57,15.8,7.4,2,16,7.4,2,2,7.5,7.5
7843,Sai Ying Pun,81,Hung Hom,64,13.2,6.4,2,15.5,6.4,2,2,6.5,6.5
7844,Sai Ying Pun,81,Mong Kok East,65,13.2,6.4,2,15.5,6.4,2,2,6.5,6.5
7845,Sai Ying Pun,81,Tai Wai,67,17.1,8.6,2,19,8.6,2,2,9.5,9.5
7846,Sai Ying Pun,81,Sha Tin,68,17.1,8.6,2,19,8.6,2,2,9.5,9.5
7847,Sai Ying Pun,81,Fo Tan,69,17.6,9.1,2,19.5,9.1,2,2,10,10
7848,Sai Ying Pun,81,Racecourse,70,25.7,13.4,25.7,28.5,13.4,2,2,15,15
7849,Sai Ying Pun,81,University,71,18.4,9.2,2,20,9.2,2,2,10.5,10.5
7850,Sai Ying Pun,81,Tai Po Market,72,19.9,10.1,2,22,10.1,2,2,12,12
7851,Sai Ying Pun,81,Tai Wo,73,19.9,10.1,2,22,10.1,2,2,12,12
7852,Sai Ying Pun,81,Fanling,74,22.2,11.6,2,25.5,11.6,2,2,13.5,13.5
7853,Sai Ying Pun,81,Sheung Shui,75,22.2,11.6,2,25.5,11.6,2,2,13.5,13.5
7854,Sai Ying Pun,81,Lo Wu,76,52.2,46,52.2,55.5,26.2,26.2,26.2,27.5,27.5
7855,Sai Ying Pun,81,Lok Ma Chau,78,52.2,46,52.2,55.5,26.2,26.2,26.2,27.5,27.5
7856,Sai Ying Pun,81,East Tsim Sha Tsui,80,13.2,6.5,2,15.5,6.5,2,2,6.5,6.5
7857,Sai Ying Pun,81,Che Kung Temple,96,17.2,8.7,2,19,8.7,2,2,10,10
7858,Sai Ying Pun,81,Sha Tin Wai,97,17.2,8.7,2,19,8.7,2,2,10,10
7859,Sai Ying Pun,81,City One,98,17.2,8.7,2,19,8.7,2,2,10,10
7860,Sai Ying Pun,81,Shek Mun,99,17.2,8.7,2,19,8.7,2,2,10,10
7861,Sai Ying Pun,81,Tai Shui Hang,100,20.8,10.4,2,22,10.4,2,2,12.5,12.5
7862,Sai Ying Pun,81,Heng On,101,20.8,10.4,2,22,10.4,2,2,12.5,12.5
7863,Sai Ying Pun,81,Ma On Shan,102,20.8,10.4,2,22,10.4,2,2,12.5,12.5
7864,Sai Ying Pun,81,Wu Kai Sha,103,20.8,10.4,2,22,10.4,2,2,12.5,12.5
7865,Sai Ying Pun,81,Austin,111,13.2,6.5,2,15.5,6.5,2,2,6.5,6.5
7866,Sai Ying Pun,81,Tsuen Wan West,114,17.8,9.1,2,19.5,9.1,2,2,10,10
7867,Sai Ying Pun,81,Kam Sheung Road,115,28,14.3,2,30,14.3,2,2,15.5,15.5
7868,Sai Ying Pun,81,Yuen Long,116,29.3,15.2,2,31,15.2,2,2,16.5,16.5
7869,Sai Ying Pun,81,Long Ping,117,29.3,15.2,2,31,15.2,2,2,16.5,16.5
7870,Sai Ying Pun,81,Tin Shui Wai,118,29.3,15.2,2,31,15.2,2,2,16.5,16.5
7871,Sai Ying Pun,81,Siu Hong,119,29.3,15.2,2,31,15.2,2,2,16.5,16.5
7872,Sai Ying Pun,81,Tuen Mun,120,29.3,15.2,2,31,15.2,2,2,16.5,16.5
7873,Sai Ying Pun,81,Sai Ying Pun,81,0,0,0,0,0,0,0,0,0
7874,Sai Ying Pun,81,HKU,82,4.9,3.2,2,5,3.2,2,2,3.5,3.5
7875,Sai Ying Pun,81,Kennedy Town,83,4.9,3.2,2,5,3.2,2,2,3.5,3.5
7876,Sai Ying Pun,81,Ho Man Tin,84,13.2,6.5,2,15.5,6.5,2,2,6.5,6.5
7877,Sai Ying Pun,81,Whampoa,85,13.2,6.5,2,15.5,6.5,2,2,6.5,6.5
7878,Sai Ying Pun,81,Ocean Park,86,7.4,3.7,2,7.5,3.7,2,2,4,4
7879,Sai Ying Pun,81,Wong Chuk Hang,87,7.4,3.7,2,7.5,3.7,2,2,4,4
7880,Sai Ying Pun,81,Lei Tung,88,9.2,4.4,2,10.5,4.4,2,2,4.5,4.5
7881,Sai Ying Pun,81,South Horizons,89,9.2,4.4,2,10.5,4.4,2,2,4.5,4.5
7882,Sai Ying Pun,81,Hin Keng,90,17.1,8.6,2,19,8.6,2,2,9.5,9.5
7883,Sai Ying Pun,81,Kai Tak,91,13.2,6.5,2,15.5,6.5,2,2,6.5,6.5
7884,Sai Ying Pun,81,Sung Wong Toi,92,13.2,6.5,2,15.5,6.5,2,2,6.5,6.5
7885,Sai Ying Pun,81,To Kwa Wan,93,13.2,6.5,2,15.5,6.5,2,2,6.5,6.5
7886,HKU,82,Central,1,5.9,3.2,2,6,3.2,2,2,3.5,3.5
7887,HKU,82,Admiralty,2,5.9,3.2,2,6,3.2,2,2,3.5,3.5
7888,HKU,82,Tsim Sha Tsui,3,13.2,6.5,2,15.5,6.5,2,2,6.5,6.5
7889,HKU,82,Jordan,4,13.2,6.5,2,15.5,6.5,2,2,6.5,6.5
7890,HKU,82,Yau Ma Tei,5,13.2,6.5,2,15.5,6.5,2,2,6.5,6.5
7891,HKU,82,Mong Kok,6,13.2,6.5,2,15.5,6.5,2,2,6.5,6.5
7892,HKU,82,Shek Kip Mei,7,13.2,6.5,2,15.5,6.5,2,2,6.5,6.5
7893,HKU,82,Kowloon Tong,8,15.8,7.4,2,16,7.4,2,2,7.5,7.5
7894,HKU,82,Lok Fu,9,15.8,7.4,2,16,7.4,2,2,7.5,7.5
7895,HKU,82,Wong Tai Sin,10,15.8,7.4,2,16,7.4,2,2,7.5,7.5
7896,HKU,82,Diamond Hill,11,15.8,7.4,2,16,7.4,2,2,7.5,7.5
7897,HKU,82,Choi Hung,12,15.8,7.4,2,16,7.4,2,2,7.5,7.5
7898,HKU,82,Kowloon Bay,13,15.8,7.4,2,16,7.4,2,2,7.5,7.5
7899,HKU,82,Ngau Tau Kok,14,15.8,7.4,2,16,7.4,2,2,7.5,7.5
7900,HKU,82,Kwun Tong,15,15.8,7.4,2,16,7.4,2,2,7.5,7.5
7901,HKU,82,Prince Edward,16,13.2,6.5,2,15.5,6.5,2,2,6.5,6.5
7902,HKU,82,Sham Shui Po,17,13.2,6.5,2,15.5,6.5,2,2,6.5,6.5
7903,HKU,82,Cheung Sha Wan,18,15.8,7.4,2,16,7.4,2,2,7.5,7.5
7904,HKU,82,Lai Chi Kok,19,15.8,7.4,2,16,7.4,2,2,7.5,7.5
7905,HKU,82,Mei Foo,20,15.8,7.4,2,16,7.4,2,2,7.5,7.5
7906,HKU,82,Lai King,21,15.8,7.4,2,16,7.4,2,2,7.5,7.5
7907,HKU,82,Kwai Fong,22,15.8,7.4,2,16,7.4,2,2,7.5,7.5
7908,HKU,82,Kwai Hing,23,15.8,7.4,2,16,7.4,2,2,7.5,7.5
7909,HKU,82,Tai Wo Hau,24,15.8,7.4,2,16,7.4,2,2,7.5,7.5
7910,HKU,82,Tsuen Wan,25,15.8,7.4,2,16,7.4,2,2,7.5,7.5
7911,HKU,82,Sheung Wan,26,4.9,3.2,2,5,3.2,2,2,3.5,3.5
7912,HKU,82,Wan Chai,27,5.9,3.2,2,6,3.2,2,2,3.5,3.5
7913,HKU,82,Causeway Bay,28,7.4,3.7,2,7.5,3.7,2,2,4,4
7914,HKU,82,Tin Hau,29,7.4,3.7,2,7.5,3.7,2,2,4,4
7915,HKU,82,Fortress Hill,30,7.4,3.7,2,7.5,3.7,2,2,4,4
7916,HKU,82,North Point,31,9.2,4.4,2,10.5,4.4,2,2,4.5,4.5
7917,HKU,82,Quarry Bay,32,9.2,4.4,2,10.5,4.4,2,2,4.5,4.5
7918,HKU,82,Tai Koo,33,9.2,4.4,2,10.5,4.4,2,2,4.5,4.5
7919,HKU,82,Sai Wan Ho,34,9.2,4.4,2,10.5,4.4,2,2,4.5,4.5
7920,HKU,82,Shau Kei Wan,35,9.2,4.4,2,10.5,4.4,2,2,4.5,4.5
7921,HKU,82,Heng Fa Chuen,36,11,4.9,2,13,4.9,2,2,5,5
7922,HKU,82,Chai Wan,37,11,4.9,2,13,4.9,2,2,5,5
7923,HKU,82,Lam Tin,38,15.8,7.4,2,16,7.4,2,2,7.5,7.5
7924,HKU,82,Hong Kong,39,5.9,3.2,2,6,3.2,2,2,3.5,3.5
7925,HKU,82,Kowloon,40,13.2,6.5,2,15.5,6.5,2,2,6.5,6.5
7926,HKU,82,Olympic,41,13.2,6.5,2,15.5,6.5,2,2,6.5,6.5
7927,HKU,82,Tsing Yi,42,15.8,7.4,2,16,7.4,2,2,7.5,7.5
7928,HKU,82,Tung Chung,43,24.3,12.5,2,28,12.5,2,2,15,15
7929,HKU,82,Yau Tong,48,15.8,7.4,2,16,7.4,2,2,7.5,7.5
7930,HKU,82,Tiu Keng Leng,49,15.8,7.4,2,16,7.4,2,2,7.5,7.5
7931,HKU,82,Tseung Kwan O,50,15.8,7.4,2,16,7.4,2,2,7.5,7.5
7932,HKU,82,Hang Hau,51,15.8,7.4,2,16,7.4,2,2,7.5,7.5
7933,HKU,82,Po Lam,52,15.8,7.4,2,16,7.4,2,2,7.5,7.5
7934,HKU,82,Nam Cheong,53,13.2,6.5,2,15.5,6.5,2,2,6.5,6.5
7935,HKU,82,Sunny Bay,54,22.2,11.1,2,25.5,11.1,2,2,13.5,13.5
7936,HKU,82,Disneyland Resort,55,27.9,14.2,2,31,14.2,2,2,16.5,16.5
7937,HKU,82,LOHAS Park,57,15.8,7.4,2,16,7.4,2,2,7.5,7.5
7938,HKU,82,Hung Hom,64,14.8,7.2,2,16,7.2,2,2,7.5,7.5
7939,HKU,82,Mong Kok East,65,15.8,7.4,2,16,7.4,2,2,7.5,7.5
7940,HKU,82,Tai Wai,67,19.5,9.4,2,21.5,9.4,2,2,10.5,10.5
7941,HKU,82,Sha Tin,68,19.5,9.4,2,21.5,9.4,2,2,10.5,10.5
7942,HKU,82,Fo Tan,69,19.9,9.8,2,22,9.8,2,2,12,12
7943,HKU,82,Racecourse,70,27.9,13.9,27.9,30.5,13.9,2,2,15.5,15.5
7944,HKU,82,University,71,20.9,10,2,22.5,10,2,2,12,12
7945,HKU,82,Tai Po Market,72,23,11.6,2,26.5,11.6,2,2,13.5,13.5
7946,HKU,82,Tai Wo,73,23,11.6,2,26.5,11.6,2,2,13.5,13.5
7947,HKU,82,Fanling,74,24.5,12.4,2,27.5,12.4,2,2,14,14
7948,HKU,82,Sheung Shui,75,24.5,12.4,2,27.5,12.4,2,2,14,14
7949,HKU,82,Lo Wu,76,54.4,46.7,54.4,57,27.2,27.2,27.2,28,28
7950,HKU,82,Lok Ma Chau,78,54.4,46.7,54.4,57,27.2,27.2,27.2,28,28
7951,HKU,82,East Tsim Sha Tsui,80,13.2,6.5,2,15.5,6.5,2,2,6.5,6.5
7952,HKU,82,Che Kung Temple,96,20.4,9.9,2,22,9.9,2,2,12,12
7953,HKU,82,Sha Tin Wai,97,20.4,9.9,2,22,9.9,2,2,12,12
7954,HKU,82,City One,98,20.4,9.9,2,22,9.9,2,2,12,12
7955,HKU,82,Shek Mun,99,20.4,9.9,2,22,9.9,2,2,12,12
7956,HKU,82,Tai Shui Hang,100,22.9,11.4,2,26,11.4,2,2,13.5,13.5
7957,HKU,82,Heng On,101,22.9,11.4,2,26,11.4,2,2,13.5,13.5
7958,HKU,82,Ma On Shan,102,22.9,11.4,2,26,11.4,2,2,13.5,13.5
7959,HKU,82,Wu Kai Sha,103,22.9,11.4,2,26,11.4,2,2,13.5,13.5
7960,HKU,82,Austin,111,13.2,6.5,2,15.5,6.5,2,2,6.5,6.5
7961,HKU,82,Tsuen Wan West,114,17.8,9.1,2,19.5,9.1,2,2,10,10
7962,HKU,82,Kam Sheung Road,115,28,14.3,2,30,14.3,2,2,15.5,15.5
7963,HKU,82,Yuen Long,116,29.3,15.2,2,31,15.2,2,2,16.5,16.5
7964,HKU,82,Long Ping,117,29.3,15.2,2,31,15.2,2,2,16.5,16.5
7965,HKU,82,Tin Shui Wai,118,29.3,15.2,2,31,15.2,2,2,16.5,16.5
7966,HKU,82,Siu Hong,119,29.3,15.2,2,31,15.2,2,2,16.5,16.5
7967,HKU,82,Tuen Mun,120,29.3,15.2,2,31,15.2,2,2,16.5,16.5
7968,HKU,82,Sai Ying Pun,81,4.9,3.2,2,5,3.2,2,2,3.5,3.5
7969,HKU,82,HKU,82,0,0,0,0,0,0,0,0,0
7970,HKU,82,Kennedy Town,83,4.9,3.2,2,5,3.2,2,2,3.5,3.5
7971,HKU,82,Ho Man Tin,84,13.2,6.5,2,15.5,6.5,2,2,6.5,6.5
7972,HKU,82,Whampoa,85,13.2,6.5,2,15.5,6.5,2,2,6.5,6.5
7973,HKU,82,Ocean Park,86,7.4,3.7,2,7.5,3.7,2,2,4,4
7974,HKU,82,Wong Chuk Hang,87,9.2,4.4,2,10.5,4.4,2,2,4.5,4.5
7975,HKU,82,Lei Tung,88,9.2,4.4,2,10.5,4.4,2,2,4.5,4.5
7976,HKU,82,South Horizons,89,9.2,4.4,2,10.5,4.4,2,2,4.5,4.5
7977,HKU,82,Hin Keng,90,19.5,9.4,2,21.5,9.4,2,2,10.5,10.5
7978,HKU,82,Kai Tak,91,15.8,7.4,2,16,7.4,2,2,7.5,7.5
7979,HKU,82,Sung Wong Toi,92,13.2,6.5,2,15.5,6.5,2,2,6.5,6.5
7980,HKU,82,To Kwa Wan,93,13.2,6.5,2,15.5,6.5,2,2,6.5,6.5
7981,Kennedy Town,83,Central,1,5.9,3.2,2,6,3.2,2,2,3.5,3.5
7982,Kennedy Town,83,Admiralty,2,5.9,3.2,2,6,3.2,2,2,3.5,3.5
7983,Kennedy Town,83,Tsim Sha Tsui,3,13.2,6.5,2,15.5,6.5,2,2,6.5,6.5
7984,Kennedy Town,83,Jordan,4,13.2,6.5,2,15.5,6.5,2,2,6.5,6.5
7985,Kennedy Town,83,Yau Ma Tei,5,13.2,6.5,2,15.5,6.5,2,2,6.5,6.5
7986,Kennedy Town,83,Mong Kok,6,13.2,6.5,2,15.5,6.5,2,2,6.5,6.5
7987,Kennedy Town,83,Shek Kip Mei,7,15.8,7.4,2,16,7.4,2,2,7.5,7.5
7988,Kennedy Town,83,Kowloon Tong,8,15.8,7.4,2,16,7.4,2,2,7.5,7.5
7989,Kennedy Town,83,Lok Fu,9,15.8,7.4,2,16,7.4,2,2,7.5,7.5
7990,Kennedy Town,83,Wong Tai Sin,10,15.8,7.4,2,16,7.4,2,2,7.5,7.5
7991,Kennedy Town,83,Diamond Hill,11,15.8,7.4,2,16,7.4,2,2,7.5,7.5
7992,Kennedy Town,83,Choi Hung,12,15.8,7.4,2,16,7.4,2,2,7.5,7.5
7993,Kennedy Town,83,Kowloon Bay,13,15.8,7.4,2,16,7.4,2,2,7.5,7.5
7994,Kennedy Town,83,Ngau Tau Kok,14,15.8,7.4,2,16,7.4,2,2,7.5,7.5
7995,Kennedy Town,83,Kwun Tong,15,15.8,7.4,2,16,7.4,2,2,7.5,7.5
7996,Kennedy Town,83,Prince Edward,16,13.2,6.5,2,15.5,6.5,2,2,6.5,6.5
7997,Kennedy Town,83,Sham Shui Po,17,15.8,7.4,2,16,7.4,2,2,7.5,7.5
7998,Kennedy Town,83,Cheung Sha Wan,18,15.8,7.4,2,16,7.4,2,2,7.5,7.5
7999,Kennedy Town,83,Lai Chi Kok,19,15.8,7.4,2,16,7.4,2,2,7.5,7.5
8000,Kennedy Town,83,Mei Foo,20,15.8,7.4,2,16,7.4,2,2,7.5,7.5
8001,Kennedy Town,83,Lai King,21,15.8,7.4,2,16,7.4,2,2,7.5,7.5
8002,Kennedy Town,83,Kwai Fong,22,15.8,7.4,2,16,7.4,2,2,7.5,7.5
8003,Kennedy Town,83,Kwai Hing,23,15.8,7.4,2,16,7.4,2,2,7.5,7.5
8004,Kennedy Town,83,Tai Wo Hau,24,15.8,7.4,2,16,7.4,2,2,7.5,7.5
8005,Kennedy Town,83,Tsuen Wan,25,15.8,7.4,2,16,7.4,2,2,7.5,7.5
8006,Kennedy Town,83,Sheung Wan,26,5.9,3.2,2,6,3.2,2,2,3.5,3.5
8007,Kennedy Town,83,Wan Chai,27,7.4,3.7,2,7.5,3.7,2,2,4,4
8008,Kennedy Town,83,Causeway Bay,28,7.4,3.7,2,7.5,3.7,2,2,4,4
8009,Kennedy Town,83,Tin Hau,29,7.4,3.7,2,7.5,3.7,2,2,4,4
8010,Kennedy Town,83,Fortress Hill,30,9.2,4.4,2,10.5,4.4,2,2,4.5,4.5
8011,Kennedy Town,83,North Point,31,9.2,4.4,2,10.5,4.4,2,2,4.5,4.5
8012,Kennedy Town,83,Quarry Bay,32,9.2,4.4,2,10.5,4.4,2,2,4.5,4.5
8013,Kennedy Town,83,Tai Koo,33,9.2,4.4,2,10.5,4.4,2,2,4.5,4.5
8014,Kennedy Town,83,Sai Wan Ho,34,9.2,4.4,2,10.5,4.4,2,2,4.5,4.5
8015,Kennedy Town,83,Shau Kei Wan,35,11,4.9,2,13,4.9,2,2,5,5
8016,Kennedy Town,83,Heng Fa Chuen,36,11,4.9,2,13,4.9,2,2,5,5
8017,Kennedy Town,83,Chai Wan,37,11,4.9,2,13,4.9,2,2,5,5
8018,Kennedy Town,83,Lam Tin,38,15.8,7.4,2,16,7.4,2,2,7.5,7.5
8019,Kennedy Town,83,Hong Kong,39,5.9,3.2,2,6,3.2,2,2,3.5,3.5
8020,Kennedy Town,83,Kowloon,40,13.2,6.5,2,15.5,6.5,2,2,6.5,6.5
8021,Kennedy Town,83,Olympic,41,13.2,6.5,2,15.5,6.5,2,2,6.5,6.5
8022,Kennedy Town,83,Tsing Yi,42,15.8,7.4,2,16,7.4,2,2,7.5,7.5
8023,Kennedy Town,83,Tung Chung,43,27.9,14.2,2,31,14.2,2,2,16.5,16.5
8024,Kennedy Town,83,Yau Tong,48,15.8,7.4,2,16,7.4,2,2,7.5,7.5
8025,Kennedy Town,83,Tiu Keng Leng,49,15.8,7.4,2,16,7.4,2,2,7.5,7.5
8026,Kennedy Town,83,Tseung Kwan O,50,15.8,7.4,2,16,7.4,2,2,7.5,7.5
8027,Kennedy Town,83,Hang Hau,51,15.8,7.4,2,16,7.4,2,2,7.5,7.5
8028,Kennedy Town,83,Po Lam,52,15.8,7.4,2,16,7.4,2,2,7.5,7.5
8029,Kennedy Town,83,Nam Cheong,53,15.8,7.4,2,16,7.4,2,2,7.5,7.5
8030,Kennedy Town,83,Sunny Bay,54,24.3,12.5,2,28,12.5,2,2,15,15
8031,Kennedy Town,83,Disneyland Resort,55,27.9,14.2,2,31,14.2,2,2,16.5,16.5
8032,Kennedy Town,83,LOHAS Park,57,15.8,7.4,2,16,7.4,2,2,7.5,7.5
8033,Kennedy Town,83,Hung Hom,64,14.8,7.2,2,16,7.2,2,2,7.5,7.5
8034,Kennedy Town,83,Mong Kok East,65,15.8,7.4,2,16,7.4,2,2,7.5,7.5
8035,Kennedy Town,83,Tai Wai,67,19.5,9.4,2,21.5,9.4,2,2,10.5,10.5
8036,Kennedy Town,83,Sha Tin,68,19.5,9.4,2,21.5,9.4,2,2,10.5,10.5
8037,Kennedy Town,83,Fo Tan,69,19.9,9.8,2,22,9.8,2,2,12,12
8038,Kennedy Town,83,Racecourse,70,27.9,13.9,27.9,30.5,13.9,2,2,15.5,15.5
8039,Kennedy Town,83,University,71,20.9,10,2,22.5,10,2,2,12,12
8040,Kennedy Town,83,Tai Po Market,72,23,11.6,2,26.5,11.6,2,2,13.5,13.5
8041,Kennedy Town,83,Tai Wo,73,23,11.6,2,26.5,11.6,2,2,13.5,13.5
8042,Kennedy Town,83,Fanling,74,24.5,12.4,2,27.5,12.4,2,2,14,14
8043,Kennedy Town,83,Sheung Shui,75,24.5,12.4,2,27.5,12.4,2,2,14,14
8044,Kennedy Town,83,Lo Wu,76,54.4,46.7,54.4,57,27.2,27.2,27.2,28,28
8045,Kennedy Town,83,Lok Ma Chau,78,54.4,46.7,54.4,57,27.2,27.2,27.2,28,28
8046,Kennedy Town,83,East Tsim Sha Tsui,80,13.2,6.5,2,15.5,6.5,2,2,6.5,6.5
8047,Kennedy Town,83,Che Kung Temple,96,20.4,9.9,2,22,9.9,2,2,12,12
8048,Kennedy Town,83,Sha Tin Wai,97,20.4,9.9,2,22,9.9,2,2,12,12
8049,Kennedy Town,83,City One,98,20.4,9.9,2,22,9.9,2,2,12,12
8050,Kennedy Town,83,Shek Mun,99,20.4,9.9,2,22,9.9,2,2,12,12
8051,Kennedy Town,83,Tai Shui Hang,100,22.9,11.4,2,26,11.4,2,2,13.5,13.5
8052,Kennedy Town,83,Heng On,101,22.9,11.4,2,26,11.4,2,2,13.5,13.5
8053,Kennedy Town,83,Ma On Shan,102,22.9,11.4,2,26,11.4,2,2,13.5,13.5
8054,Kennedy Town,83,Wu Kai Sha,103,22.9,11.4,2,26,11.4,2,2,13.5,13.5
8055,Kennedy Town,83,Austin,111,13.2,6.5,2,15.5,6.5,2,2,6.5,6.5
8056,Kennedy Town,83,Tsuen Wan West,114,18.7,9.1,2,21,9.1,2,2,10,10
8057,Kennedy Town,83,Kam Sheung Road,115,29.3,14.8,2,31,14.8,2,2,15.5,15.5
8058,Kennedy Town,83,Yuen Long,116,30.2,15.8,2,32,15.8,2,2,16.5,16.5
8059,Kennedy Town,83,Long Ping,117,30.2,15.8,2,32,15.8,2,2,16.5,16.5
8060,Kennedy Town,83,Tin Shui Wai,118,30.2,15.8,2,32,15.8,2,2,16.5,16.5
8061,Kennedy Town,83,Siu Hong,119,30.2,15.8,2,32,15.8,2,2,16.5,16.5
8062,Kennedy Town,83,Tuen Mun,120,30.2,15.8,2,32,15.8,2,2,16.5,16.5
8063,Kennedy Town,83,Sai Ying Pun,81,4.9,3.2,2,5,3.2,2,2,3.5,3.5
8064,Kennedy Town,83,HKU,82,4.9,3.2,2,5,3.2,2,2,3.5,3.5
8065,Kennedy Town,83,Kennedy Town,83,0,0,0,0,0,0,0,0,0
8066,Kennedy Town,83,Ho Man Tin,84,13.2,6.5,2,15.5,6.5,2,2,6.5,6.5
8067,Kennedy Town,83,Whampoa,85,13.2,6.5,2,15.5,6.5,2,2,6.5,6.5
8068,Kennedy Town,83,Ocean Park,86,9.2,4.4,2,10.5,4.4,2,2,4.5,4.5
8069,Kennedy Town,83,Wong Chuk Hang,87,9.2,4.4,2,10.5,4.4,2,2,4.5,4.5
8070,Kennedy Town,83,Lei Tung,88,9.2,4.4,2,10.5,4.4,2,2,4.5,4.5
8071,Kennedy Town,83,South Horizons,89,9.2,4.4,2,10.5,4.4,2,2,4.5,4.5
8072,Kennedy Town,83,Hin Keng,90,19.5,9.4,2,21.5,9.4,2,2,10.5,10.5
8073,Kennedy Town,83,Kai Tak,91,15.8,7.4,2,16,7.4,2,2,7.5,7.5
8074,Kennedy Town,83,Sung Wong Toi,92,15.8,7.4,2,16,7.4,2,2,7.5,7.5
8075,Kennedy Town,83,To Kwa Wan,93,13.2,6.5,2,15.5,6.5,2,2,6.5,6.5
8076,Ho Man Tin,84,Central,1,13.2,6.5,2,15.5,6.5,2,2,6.5,6.5
8077,Ho Man Tin,84,Admiralty,2,13.2,6.5,2,15.5,6.5,2,2,6.5,6.5
8078,Ho Man Tin,84,Tsim Sha Tsui,3,5.9,3.2,2,6,3.2,2,2,3.5,3.5
8079,Ho Man Tin,84,Jordan,4,4.9,3.2,2,5,3.2,2,2,3.5,3.5
8080,Ho Man Tin,84,Yau Ma Tei,5,4.9,3.2,2,5,3.2,2,2,3.5,3.5
8081,Ho Man Tin,84,Mong Kok,6,4.9,3.2,2,5,3.2,2,2,3.5,3.5
8082,Ho Man Tin,84,Shek Kip Mei,7,5.9,3.2,2,6,3.2,2,2,3.5,3.5
8083,Ho Man Tin,84,Kowloon Tong,8,7.4,3.7,2,7.5,3.7,2,2,4,4
8084,Ho Man Tin,84,Lok Fu,9,7.4,3.7,2,7.5,3.7,2,2,4,4
8085,Ho Man Tin,84,Wong Tai Sin,10,9.2,4.4,2,10.5,4.4,2,2,4.5,4.5
8086,Ho Man Tin,84,Diamond Hill,11,9.2,4.4,2,10.5,4.4,2,2,4.5,4.5
8087,Ho Man Tin,84,Choi Hung,12,9.2,4.4,2,10.5,4.4,2,2,4.5,4.5
8088,Ho Man Tin,84,Kowloon Bay,13,9.2,4.4,2,10.5,4.4,2,2,4.5,4.5
8089,Ho Man Tin,84,Ngau Tau Kok,14,9.2,4.4,2,10.5,4.4,2,2,4.5,4.5
8090,Ho Man Tin,84,Kwun Tong,15,9.2,4.4,2,10.5,4.4,2,2,4.5,4.5
8091,Ho Man Tin,84,Prince Edward,16,5.9,3.2,2,6,3.2,2,2,3.5,3.5
8092,Ho Man Tin,84,Sham Shui Po,17,5.9,3.2,2,6,3.2,2,2,3.5,3.5
8093,Ho Man Tin,84,Cheung Sha Wan,18,7.4,3.7,2,7.5,3.7,2,2,4,4
8094,Ho Man Tin,84,Lai Chi Kok,19,7.4,3.7,2,7.5,3.7,2,2,4,4
8095,Ho Man Tin,84,Mei Foo,20,9,3.9,2,10.5,3.9,2,2,4,4
8096,Ho Man Tin,84,Lai King,21,9.2,4.4,2,10.5,4.4,2,2,4.5,4.5
8097,Ho Man Tin,84,Kwai Fong,22,11,4.9,2,13,4.9,2,2,5,5
8098,Ho Man Tin,84,Kwai Hing,23,11,4.9,2,13,4.9,2,2,5,5
8099,Ho Man Tin,84,Tai Wo Hau,24,11,4.9,2,13,4.9,2,2,5,5
8100,Ho Man Tin,84,Tsuen Wan,25,11,4.9,2,13,4.9,2,2,5,5
8101,Ho Man Tin,84,Sheung Wan,26,13.2,6.5,2,15.5,6.5,2,2,6.5,6.5
8102,Ho Man Tin,84,Wan Chai,27,13.2,6.5,2,15.5,6.5,2,2,6.5,6.5
8103,Ho Man Tin,84,Causeway Bay,28,13.2,6.5,2,15.5,6.5,2,2,6.5,6.5
8104,Ho Man Tin,84,Tin Hau,29,13.2,6.5,2,15.5,6.5,2,2,6.5,6.5
8105,Ho Man Tin,84,Fortress Hill,30,13.2,6.5,2,15.5,6.5,2,2,6.5,6.5
8106,Ho Man Tin,84,North Point,31,13.2,6.5,2,15.5,6.5,2,2,6.5,6.5
8107,Ho Man Tin,84,Quarry Bay,32,15.8,7.4,2,16,7.4,2,2,7.5,7.5
8108,Ho Man Tin,84,Tai Koo,33,15.8,7.4,2,16,7.4,2,2,7.5,7.5
8109,Ho Man Tin,84,Sai Wan Ho,34,15.8,7.4,2,16,7.4,2,2,7.5,7.5
8110,Ho Man Tin,84,Shau Kei Wan,35,15.8,7.4,2,16,7.4,2,2,7.5,7.5
8111,Ho Man Tin,84,Heng Fa Chuen,36,15.8,7.4,2,16,7.4,2,2,7.5,7.5
8112,Ho Man Tin,84,Chai Wan,37,15.8,7.4,2,16,7.4,2,2,7.5,7.5
8113,Ho Man Tin,84,Lam Tin,38,9.2,4.4,2,10.5,4.4,2,2,4.5,4.5
8114,Ho Man Tin,84,Hong Kong,39,13.2,6.5,2,15.5,6.5,2,2,6.5,6.5
8115,Ho Man Tin,84,Kowloon,40,6.2,3.6,2,6.5,3.6,2,2,4,4
8116,Ho Man Tin,84,Olympic,41,6.2,3.6,2,6.5,3.6,2,2,4,4
8117,Ho Man Tin,84,Tsing Yi,42,11,4.9,2,13,4.9,2,2,5,5
8118,Ho Man Tin,84,Tung Chung,43,18.7,9.4,2,21,9.4,2,2,10.5,10.5
8119,Ho Man Tin,84,Yau Tong,48,9.2,4.4,2,10.5,4.4,2,2,4.5,4.5
8120,Ho Man Tin,84,Tiu Keng Leng,49,11,4.9,2,13,4.9,2,2,5,5
8121,Ho Man Tin,84,Tseung Kwan O,50,11,4.9,2,13,4.9,2,2,5,5
8122,Ho Man Tin,84,Hang Hau,51,11,4.9,2,13,4.9,2,2,5,5
8123,Ho Man Tin,84,Po Lam,52,11,4.9,2,13,4.9,2,2,5,5
8124,Ho Man Tin,84,Nam Cheong,53,6.2,3.6,2,6.5,3.6,2,2,4,4
8125,Ho Man Tin,84,Sunny Bay,54,15.9,7.7,2,17,7.7,2,2,8,8
8126,Ho Man Tin,84,Disneyland Resort,55,22.2,11.1,2,25.5,11.1,2,2,13.5,13.5
8127,Ho Man Tin,84,LOHAS Park,57,11,4.9,2,13,4.9,2,2,5,5
8128,Ho Man Tin,84,Hung Hom,64,4.9,3.2,2,5,3.2,2,2,3.5,3.5
8129,Ho Man Tin,84,Mong Kok East,65,5.9,3.2,2,6,3.2,2,2,3.5,3.5
8130,Ho Man Tin,84,Tai Wai,67,10.1,5.1,2,12,5.1,2,2,5.5,5.5
8131,Ho Man Tin,84,Sha Tin,68,10.1,5.1,2,12,5.1,2,2,5.5,5.5
8132,Ho Man Tin,84,Fo Tan,69,11,5.6,2,13,5.6,2,2,6,6
8133,Ho Man Tin,84,Racecourse,70,17.5,9.1,17.5,21.5,9.1,2,2,10.5,10.5
8134,Ho Man Tin,84,University,71,11,5.6,2,13.5,5.6,2,2,6,6
8135,Ho Man Tin,84,Tai Po Market,72,13.4,6.9,2,15.5,6.9,2,2,7,7
8136,Ho Man Tin,84,Tai Wo,73,13.4,6.9,2,15.5,6.9,2,2,7,7
8137,Ho Man Tin,84,Fanling,74,14.9,7.3,2,16,7.3,2,2,7.5,7.5
8138,Ho Man Tin,84,Sheung Shui,75,14.9,7.3,2,16,7.3,2,2,7.5,7.5
8139,Ho Man Tin,84,Lo Wu,76,46.6,43.7,46.6,49.5,23.7,23.7,23.7,24.5,24.5
8140,Ho Man Tin,84,Lok Ma Chau,78,46.6,43.7,46.6,49.5,23.7,23.7,23.7,24.5,24.5
8141,Ho Man Tin,84,East Tsim Sha Tsui,80,5.9,3.2,2,6,3.2,2,2,3.5,3.5
8142,Ho Man Tin,84,Che Kung Temple,96,11.1,5.5,2,13,5.5,2,2,5.5,5.5
8143,Ho Man Tin,84,Sha Tin Wai,97,11.1,5.5,2,13,5.5,2,2,5.5,5.5
8144,Ho Man Tin,84,City One,98,11.1,5.5,2,13,5.5,2,2,5.5,5.5
8145,Ho Man Tin,84,Shek Mun,99,11.1,5.5,2,13,5.5,2,2,5.5,5.5
8146,Ho Man Tin,84,Tai Shui Hang,100,13.3,6.5,2,15.5,6.5,2,2,6.5,6.5
8147,Ho Man Tin,84,Heng On,101,13.3,6.5,2,15.5,6.5,2,2,6.5,6.5
8148,Ho Man Tin,84,Ma On Shan,102,13.3,6.5,2,15.5,6.5,2,2,6.5,6.5
8149,Ho Man Tin,84,Wu Kai Sha,103,13.3,6.5,2,15.5,6.5,2,2,6.5,6.5
8150,Ho Man Tin,84,Austin,111,6.2,3.6,2,6.5,3.6,2,2,4,4
8151,Ho Man Tin,84,Tsuen Wan West,114,10.9,5.7,2,13,5.7,2,2,6,6
8152,Ho Man Tin,84,Kam Sheung Road,115,21,11,2,21.5,11,2,2,12.5,12.5
8153,Ho Man Tin,84,Yuen Long,116,22.1,11.5,2,24,11.5,2,2,13.5,13.5
8154,Ho Man Tin,84,Long Ping,117,22.1,11.5,2,24,11.5,2,2,13.5,13.5
8155,Ho Man Tin,84,Tin Shui Wai,118,22.1,11.5,2,24,11.5,2,2,13.5,13.5
8156,Ho Man Tin,84,Siu Hong,119,22.1,11.5,2,24,11.5,2,2,13.5,13.5
8157,Ho Man Tin,84,Tuen Mun,120,22.1,11.5,2,24,11.5,2,2,13.5,13.5
8158,Ho Man Tin,84,Sai Ying Pun,81,13.2,6.5,2,15.5,6.5,2,2,6.5,6.5
8159,Ho Man Tin,84,HKU,82,13.2,6.5,2,15.5,6.5,2,2,6.5,6.5
8160,Ho Man Tin,84,Kennedy Town,83,13.2,6.5,2,15.5,6.5,2,2,6.5,6.5
8161,Ho Man Tin,84,Ho Man Tin,84,0,0,0,0,0,0,0,0,0
8162,Ho Man Tin,84,Whampoa,85,4.9,3.2,2,5,3.2,2,2,3.5,3.5
8163,Ho Man Tin,84,Ocean Park,86,13.2,6.5,2,15.5,6.5,2,2,6.5,6.5
8164,Ho Man Tin,84,Wong Chuk Hang,87,13.2,6.5,2,15.5,6.5,2,2,6.5,6.5
8165,Ho Man Tin,84,Lei Tung,88,15.8,7.4,2,16,7.4,2,2,7.5,7.5
8166,Ho Man Tin,84,South Horizons,89,15.8,7.4,2,16,7.4,2,2,7.5,7.5
8167,Ho Man Tin,84,Hin Keng,90,10.1,5.1,2,12,5.1,2,2,5.5,5.5
8168,Ho Man Tin,84,Kai Tak,91,5.9,3.2,2,6,3.2,2,2,3.5,3.5
8169,Ho Man Tin,84,Sung Wong Toi,92,4.9,3.2,2,5,3.2,2,2,3.5,3.5
8170,Ho Man Tin,84,To Kwa Wan,93,4.9,3.2,2,5,3.2,2,2,3.5,3.5
8171,Whampoa,85,Central,1,13.2,6.5,2,15.5,6.5,2,2,6.5,6.5
8172,Whampoa,85,Admiralty,2,13.2,6.5,2,15.5,6.5,2,2,6.5,6.5
8173,Whampoa,85,Tsim Sha Tsui,3,5.9,3.2,2,6,3.2,2,2,3.5,3.5
8174,Whampoa,85,Jordan,4,5.9,3.2,2,6,3.2,2,2,3.5,3.5
8175,Whampoa,85,Yau Ma Tei,5,4.9,3.2,2,5,3.2,2,2,3.5,3.5
8176,Whampoa,85,Mong Kok,6,5.9,3.2,2,6,3.2,2,2,3.5,3.5
8177,Whampoa,85,Shek Kip Mei,7,7.4,3.7,2,7.5,3.7,2,2,4,4
8178,Whampoa,85,Kowloon Tong,8,7.4,3.7,2,7.5,3.7,2,2,4,4
8179,Whampoa,85,Lok Fu,9,9.2,4.4,2,10.5,4.4,2,2,4.5,4.5
8180,Whampoa,85,Wong Tai Sin,10,9.2,4.4,2,10.5,4.4,2,2,4.5,4.5
8181,Whampoa,85,Diamond Hill,11,9.2,4.4,2,10.5,4.4,2,2,4.5,4.5
8182,Whampoa,85,Choi Hung,12,9.2,4.4,2,10.5,4.4,2,2,4.5,4.5
8183,Whampoa,85,Kowloon Bay,13,9.2,4.4,2,10.5,4.4,2,2,4.5,4.5
8184,Whampoa,85,Ngau Tau Kok,14,9.2,4.4,2,10.5,4.4,2,2,4.5,4.5
8185,Whampoa,85,Kwun Tong,15,9.2,4.4,2,10.5,4.4,2,2,4.5,4.5
8186,Whampoa,85,Prince Edward,16,5.9,3.2,2,6,3.2,2,2,3.5,3.5
8187,Whampoa,85,Sham Shui Po,17,7.4,3.7,2,7.5,3.7,2,2,4,4
8188,Whampoa,85,Cheung Sha Wan,18,7.4,3.7,2,7.5,3.7,2,2,4,4
8189,Whampoa,85,Lai Chi Kok,19,9,3.9,2,10.5,3.9,2,2,4,4
8190,Whampoa,85,Mei Foo,20,9,3.9,2,10.5,3.9,2,2,4,4
8191,Whampoa,85,Lai King,21,11,4.9,2,13,4.9,2,2,5,5
8192,Whampoa,85,Kwai Fong,22,11,4.9,2,13,4.9,2,2,5,5
8193,Whampoa,85,Kwai Hing,23,11,4.9,2,13,4.9,2,2,5,5
8194,Whampoa,85,Tai Wo Hau,24,11,4.9,2,13,4.9,2,2,5,5
8195,Whampoa,85,Tsuen Wan,25,11,4.9,2,13,4.9,2,2,5,5
8196,Whampoa,85,Sheung Wan,26,13.2,6.5,2,15.5,6.5,2,2,6.5,6.5
8197,Whampoa,85,Wan Chai,27,13.2,6.5,2,15.5,6.5,2,2,6.5,6.5
8198,Whampoa,85,Causeway Bay,28,13.2,6.5,2,15.5,6.5,2,2,6.5,6.5
8199,Whampoa,85,Tin Hau,29,13.2,6.5,2,15.5,6.5,2,2,6.5,6.5
8200,Whampoa,85,Fortress Hill,30,13.2,6.5,2,15.5,6.5,2,2,6.5,6.5
8201,Whampoa,85,North Point,31,15.8,7.4,2,16,7.4,2,2,7.5,7.5
8202,Whampoa,85,Quarry Bay,32,15.8,7.4,2,16,7.4,2,2,7.5,7.5
8203,Whampoa,85,Tai Koo,33,15.8,7.4,2,16,7.4,2,2,7.5,7.5
8204,Whampoa,85,Sai Wan Ho,34,15.8,7.4,2,16,7.4,2,2,7.5,7.5
8205,Whampoa,85,Shau Kei Wan,35,15.8,7.4,2,16,7.4,2,2,7.5,7.5
8206,Whampoa,85,Heng Fa Chuen,36,15.8,7.4,2,16,7.4,2,2,7.5,7.5
8207,Whampoa,85,Chai Wan,37,15.8,7.4,2,16,7.4,2,2,7.5,7.5
8208,Whampoa,85,Lam Tin,38,9.2,4.4,2,10.5,4.4,2,2,4.5,4.5
8209,Whampoa,85,Hong Kong,39,13.2,6.5,2,15.5,6.5,2,2,6.5,6.5
8210,Whampoa,85,Kowloon,40,6.2,3.6,2,6.5,3.6,2,2,4,4
8211,Whampoa,85,Olympic,41,6.2,3.6,2,6.5,3.6,2,2,4,4
8212,Whampoa,85,Tsing Yi,42,11,4.9,2,13,4.9,2,2,5,5
8213,Whampoa,85,Tung Chung,43,18.7,9.4,2,21,9.4,2,2,10.5,10.5
8214,Whampoa,85,Yau Tong,48,9.2,4.4,2,10.5,4.4,2,2,4.5,4.5
8215,Whampoa,85,Tiu Keng Leng,49,11,4.9,2,13,4.9,2,2,5,5
8216,Whampoa,85,Tseung Kwan O,50,11,4.9,2,13,4.9,2,2,5,5
8217,Whampoa,85,Hang Hau,51,11,4.9,2,13,4.9,2,2,5,5
8218,Whampoa,85,Po Lam,52,11,4.9,2,13,4.9,2,2,5,5
8219,Whampoa,85,Nam Cheong,53,6.2,3.6,2,6.5,3.6,2,2,4,4
8220,Whampoa,85,Sunny Bay,54,15.9,7.7,2,17,7.7,2,2,8,8
8221,Whampoa,85,Disneyland Resort,55,22.2,11.1,2,25.5,11.1,2,2,13.5,13.5
8222,Whampoa,85,LOHAS Park,57,11,4.9,2,13,4.9,2,2,5,5
8223,Whampoa,85,Hung Hom,64,4.9,3.2,2,5,3.2,2,2,3.5,3.5
8224,Whampoa,85,Mong Kok East,65,5.9,3.2,2,6,3.2,2,2,3.5,3.5
8225,Whampoa,85,Tai Wai,67,10.1,5.1,2,12,5.1,2,2,5.5,5.5
8226,Whampoa,85,Sha Tin,68,10.1,5.1,2,12,5.1,2,2,5.5,5.5
8227,Whampoa,85,Fo Tan,69,11,5.6,2,13,5.6,2,2,6,6
8228,Whampoa,85,Racecourse,70,17.5,9.1,17.5,21.5,9.1,2,2,10.5,10.5
8229,Whampoa,85,University,71,11,5.6,2,13.5,5.6,2,2,6,6
8230,Whampoa,85,Tai Po Market,72,13.4,6.9,2,15.5,6.9,2,2,7,7
8231,Whampoa,85,Tai Wo,73,13.4,6.9,2,15.5,6.9,2,2,7,7
8232,Whampoa,85,Fanling,74,14.9,7.3,2,16,7.3,2,2,7.5,7.5
8233,Whampoa,85,Sheung Shui,75,14.9,7.3,2,16,7.3,2,2,7.5,7.5
8234,Whampoa,85,Lo Wu,76,46.6,43.7,46.6,49.5,23.7,23.7,23.7,24.5,24.5
8235,Whampoa,85,Lok Ma Chau,78,46.6,43.7,46.6,49.5,23.7,23.7,23.7,24.5,24.5
8236,Whampoa,85,East Tsim Sha Tsui,80,5.9,3.2,2,6,3.2,2,2,3.5,3.5
8237,Whampoa,85,Che Kung Temple,96,11.1,5.5,2,13,5.5,2,2,5.5,5.5
8238,Whampoa,85,Sha Tin Wai,97,11.1,5.5,2,13,5.5,2,2,5.5,5.5
8239,Whampoa,85,City One,98,11.1,5.5,2,13,5.5,2,2,5.5,5.5
8240,Whampoa,85,Shek Mun,99,11.1,5.5,2,13,5.5,2,2,5.5,5.5
8241,Whampoa,85,Tai Shui Hang,100,14.2,7.2,2,15.5,7.2,2,2,7.5,7.5
8242,Whampoa,85,Heng On,101,14.2,7.2,2,15.5,7.2,2,2,7.5,7.5
8243,Whampoa,85,Ma On Shan,102,14.2,7.2,2,15.5,7.2,2,2,7.5,7.5
8244,Whampoa,85,Wu Kai Sha,103,14.2,7.2,2,15.5,7.2,2,2,7.5,7.5
8245,Whampoa,85,Austin,111,6.2,3.6,2,6.5,3.6,2,2,4,4
8246,Whampoa,85,Tsuen Wan West,114,10.9,5.7,2,13,5.7,2,2,6,6
8247,Whampoa,85,Kam Sheung Road,115,21,11,2,21.5,11,2,2,12.5,12.5
8248,Whampoa,85,Yuen Long,116,22.1,11.5,2,24,11.5,2,2,13.5,13.5
8249,Whampoa,85,Long Ping,117,22.1,11.5,2,24,11.5,2,2,13.5,13.5
8250,Whampoa,85,Tin Shui Wai,118,22.1,11.5,2,24,11.5,2,2,13.5,13.5
8251,Whampoa,85,Siu Hong,119,22.1,11.5,2,24,11.5,2,2,13.5,13.5
8252,Whampoa,85,Tuen Mun,120,22.1,11.5,2,24,11.5,2,2,13.5,13.5
8253,Whampoa,85,Sai Ying Pun,81,13.2,6.5,2,15.5,6.5,2,2,6.5,6.5
8254,Whampoa,85,HKU,82,13.2,6.5,2,15.5,6.5,2,2,6.5,6.5
8255,Whampoa,85,Kennedy Town,83,13.2,6.5,2,15.5,6.5,2,2,6.5,6.5
8256,Whampoa,85,Ho Man Tin,84,4.9,3.2,2,5,3.2,2,2,3.5,3.5
8257,Whampoa,85,Whampoa,85,0,0,0,0,0,0,0,0,0
8258,Whampoa,85,Ocean Park,86,13.2,6.5,2,15.5,6.5,2,2,6.5,6.5
8259,Whampoa,85,Wong Chuk Hang,87,15.8,7.4,2,16,7.4,2,2,7.5,7.5
8260,Whampoa,85,Lei Tung,88,15.8,7.4,2,16,7.4,2,2,7.5,7.5
8261,Whampoa,85,South Horizons,89,15.8,7.4,2,16,7.4,2,2,7.5,7.5
8262,Whampoa,85,Hin Keng,90,10.1,5.1,2,12,5.1,2,2,5.5,5.5
8263,Whampoa,85,Kai Tak,91,5.9,3.2,2,6,3.2,2,2,3.5,3.5
8264,Whampoa,85,Sung Wong Toi,92,5.9,3.2,2,6,3.2,2,2,3.5,3.5
8265,Whampoa,85,To Kwa Wan,93,4.9,3.2,2,5,3.2,2,2,3.5,3.5
8266,Ocean Park,86,Central,1,5.9,3.2,2,6,3.2,2,2,3.5,3.5
8267,Ocean Park,86,Admiralty,2,5.9,3.2,2,6,3.2,2,2,3.5,3.5
8268,Ocean Park,86,Tsim Sha Tsui,3,13.2,6.5,2,15.5,6.5,2,2,6.5,6.5
8269,Ocean Park,86,Jordan,4,13.2,6.5,2,15.5,6.5,2,2,6.5,6.5
8270,Ocean Park,86,Yau Ma Tei,5,13.2,6.5,2,15.5,6.5,2,2,6.5,6.5
8271,Ocean Park,86,Mong Kok,6,13.2,6.5,2,15.5,6.5,2,2,6.5,6.5
8272,Ocean Park,86,Shek Kip Mei,7,15.8,7.4,2,16,7.4,2,2,7.5,7.5
8273,Ocean Park,86,Kowloon Tong,8,15.8,7.4,2,16,7.4,2,2,7.5,7.5
8274,Ocean Park,86,Lok Fu,9,15.8,7.4,2,16,7.4,2,2,7.5,7.5
8275,Ocean Park,86,Wong Tai Sin,10,15.8,7.4,2,16,7.4,2,2,7.5,7.5
8276,Ocean Park,86,Diamond Hill,11,15.8,7.4,2,16,7.4,2,2,7.5,7.5
8277,Ocean Park,86,Choi Hung,12,15.8,7.4,2,16,7.4,2,2,7.5,7.5
8278,Ocean Park,86,Kowloon Bay,13,15.8,7.4,2,16,7.4,2,2,7.5,7.5
8279,Ocean Park,86,Ngau Tau Kok,14,15.8,7.4,2,16,7.4,2,2,7.5,7.5
8280,Ocean Park,86,Kwun Tong,15,15.8,7.4,2,16,7.4,2,2,7.5,7.5
8281,Ocean Park,86,Prince Edward,16,13.2,6.5,2,15.5,6.5,2,2,6.5,6.5
8282,Ocean Park,86,Sham Shui Po,17,15.8,7.4,2,16,7.4,2,2,7.5,7.5
8283,Ocean Park,86,Cheung Sha Wan,18,15.8,7.4,2,16,7.4,2,2,7.5,7.5
8284,Ocean Park,86,Lai Chi Kok,19,15.8,7.4,2,16,7.4,2,2,7.5,7.5
8285,Ocean Park,86,Mei Foo,20,15.8,7.4,2,16,7.4,2,2,7.5,7.5
8286,Ocean Park,86,Lai King,21,15.8,7.4,2,16,7.4,2,2,7.5,7.5
8287,Ocean Park,86,Kwai Fong,22,15.8,7.4,2,16,7.4,2,2,7.5,7.5
8288,Ocean Park,86,Kwai Hing,23,15.8,7.4,2,16,7.4,2,2,7.5,7.5
8289,Ocean Park,86,Tai Wo Hau,24,15.8,7.4,2,16,7.4,2,2,7.5,7.5
8290,Ocean Park,86,Tsuen Wan,25,15.8,7.4,2,16,7.4,2,2,7.5,7.5
8291,Ocean Park,86,Sheung Wan,26,7.4,3.7,2,7.5,3.7,2,2,4,4
8292,Ocean Park,86,Wan Chai,27,5.9,3.2,2,6,3.2,2,2,3.5,3.5
8293,Ocean Park,86,Causeway Bay,28,5.9,3.2,2,6,3.2,2,2,3.5,3.5
8294,Ocean Park,86,Tin Hau,29,7.4,3.7,2,7.5,3.7,2,2,4,4
8295,Ocean Park,86,Fortress Hill,30,7.4,3.7,2,7.5,3.7,2,2,4,4
8296,Ocean Park,86,North Point,31,7.4,3.7,2,7.5,3.7,2,2,4,4
8297,Ocean Park,86,Quarry Bay,32,9.2,4.4,2,10.5,4.4,2,2,4.5,4.5
8298,Ocean Park,86,Tai Koo,33,9.2,4.4,2,10.5,4.4,2,2,4.5,4.5
8299,Ocean Park,86,Sai Wan Ho,34,9.2,4.4,2,10.5,4.4,2,2,4.5,4.5
8300,Ocean Park,86,Shau Kei Wan,35,9.2,4.4,2,10.5,4.4,2,2,4.5,4.5
8301,Ocean Park,86,Heng Fa Chuen,36,9.2,4.4,2,10.5,4.4,2,2,4.5,4.5
8302,Ocean Park,86,Chai Wan,37,11,4.9,2,13,4.9,2,2,5,5
8303,Ocean Park,86,Lam Tin,38,15.8,7.4,2,16,7.4,2,2,7.5,7.5
8304,Ocean Park,86,Hong Kong,39,5.9,3.2,2,6,3.2,2,2,3.5,3.5
8305,Ocean Park,86,Kowloon,40,13.2,6.5,2,15.5,6.5,2,2,6.5,6.5
8306,Ocean Park,86,Olympic,41,13.2,6.5,2,15.5,6.5,2,2,6.5,6.5
8307,Ocean Park,86,Tsing Yi,42,15.8,7.4,2,16,7.4,2,2,7.5,7.5
8308,Ocean Park,86,Tung Chung,43,27.9,14.2,2,31,14.2,2,2,16.5,16.5
8309,Ocean Park,86,Yau Tong,48,15.8,7.4,2,16,7.4,2,2,7.5,7.5
8310,Ocean Park,86,Tiu Keng Leng,49,15.8,7.4,2,16,7.4,2,2,7.5,7.5
8311,Ocean Park,86,Tseung Kwan O,50,15.8,7.4,2,16,7.4,2,2,7.5,7.5
8312,Ocean Park,86,Hang Hau,51,15.8,7.4,2,16,7.4,2,2,7.5,7.5
8313,Ocean Park,86,Po Lam,52,15.8,7.4,2,16,7.4,2,2,7.5,7.5
8314,Ocean Park,86,Nam Cheong,53,15.8,7.4,2,16,7.4,2,2,7.5,7.5
8315,Ocean Park,86,Sunny Bay,54,24.3,12.5,2,28,12.5,2,2,15,15
8316,Ocean Park,86,Disneyland Resort,55,27.9,14.2,2,31,14.2,2,2,16.5,16.5
8317,Ocean Park,86,LOHAS Park,57,15.8,7.4,2,16,7.4,2,2,7.5,7.5
8318,Ocean Park,86,Hung Hom,64,14.8,7.2,2,16,7.2,2,2,7.5,7.5
8319,Ocean Park,86,Mong Kok East,65,15.8,7.4,2,16,7.4,2,2,7.5,7.5
8320,Ocean Park,86,Tai Wai,67,19.5,9.4,2,21.5,9.4,2,2,10.5,10.5
8321,Ocean Park,86,Sha Tin,68,19.5,9.4,2,21.5,9.4,2,2,10.5,10.5
8322,Ocean Park,86,Fo Tan,69,19.9,9.8,2,22,9.8,2,2,12,12
8323,Ocean Park,86,Racecourse,70,27.9,13.9,27.9,30.5,13.9,2,2,15.5,15.5
8324,Ocean Park,86,University,71,20.9,10,2,22.5,10,2,2,12,12
8325,Ocean Park,86,Tai Po Market,72,23,11.6,2,26.5,11.6,2,2,13.5,13.5
8326,Ocean Park,86,Tai Wo,73,23,11.6,2,26.5,11.6,2,2,13.5,13.5
8327,Ocean Park,86,Fanling,74,24.5,12.4,2,27.5,12.4,2,2,14,14
8328,Ocean Park,86,Sheung Shui,75,24.5,12.4,2,27.5,12.4,2,2,14,14
8329,Ocean Park,86,Lo Wu,76,54.4,46.7,54.4,57,27.2,27.2,27.2,28,28
8330,Ocean Park,86,Lok Ma Chau,78,54.4,46.7,54.4,57,27.2,27.2,27.2,28,28
8331,Ocean Park,86,East Tsim Sha Tsui,80,13.2,6.5,2,15.5,6.5,2,2,6.5,6.5
8332,Ocean Park,86,Che Kung Temple,96,20.4,9.9,2,22,9.9,2,2,12,12
8333,Ocean Park,86,Sha Tin Wai,97,20.4,9.9,2,22,9.9,2,2,12,12
8334,Ocean Park,86,City One,98,20.4,9.9,2,22,9.9,2,2,12,12
8335,Ocean Park,86,Shek Mun,99,20.4,9.9,2,22,9.9,2,2,12,12
8336,Ocean Park,86,Tai Shui Hang,100,22.9,11.4,2,26,11.4,2,2,13.5,13.5
8337,Ocean Park,86,Heng On,101,22.9,11.4,2,26,11.4,2,2,13.5,13.5
8338,Ocean Park,86,Ma On Shan,102,22.9,11.4,2,26,11.4,2,2,13.5,13.5
8339,Ocean Park,86,Wu Kai Sha,103,22.9,11.4,2,26,11.4,2,2,13.5,13.5
8340,Ocean Park,86,Austin,111,13.2,6.5,2,15.5,6.5,2,2,6.5,6.5
8341,Ocean Park,86,Tsuen Wan West,114,18.7,9.1,2,21,9.1,2,2,10,10
8342,Ocean Park,86,Kam Sheung Road,115,29.3,14.8,2,31,14.8,2,2,15.5,15.5
8343,Ocean Park,86,Yuen Long,116,30.2,15.8,2,32,15.8,2,2,16.5,16.5
8344,Ocean Park,86,Long Ping,117,30.2,15.8,2,32,15.8,2,2,16.5,16.5
8345,Ocean Park,86,Tin Shui Wai,118,30.2,15.8,2,32,15.8,2,2,16.5,16.5
8346,Ocean Park,86,Siu Hong,119,30.2,15.8,2,32,15.8,2,2,16.5,16.5
8347,Ocean Park,86,Tuen Mun,120,30.2,15.8,2,32,15.8,2,2,16.5,16.5
8348,Ocean Park,86,Sai Ying Pun,81,7.4,3.7,2,7.5,3.7,2,2,4,4
8349,Ocean Park,86,HKU,82,7.4,3.7,2,7.5,3.7,2,2,4,4
8350,Ocean Park,86,Kennedy Town,83,9.2,4.4,2,10.5,4.4,2,2,4.5,4.5
8351,Ocean Park,86,Ho Man Tin,84,13.2,6.5,2,15.5,6.5,2,2,6.5,6.5
8352,Ocean Park,86,Whampoa,85,13.2,6.5,2,15.5,6.5,2,2,6.5,6.5
8353,Ocean Park,86,Ocean Park,86,0,0,0,0,0,0,0,0,0
8354,Ocean Park,86,Wong Chuk Hang,87,4.9,3.2,2,5,3.2,2,2,3.5,3.5
8355,Ocean Park,86,Lei Tung,88,4.9,3.2,2,5,3.2,2,2,3.5,3.5
8356,Ocean Park,86,South Horizons,89,5.9,3.2,2,6,3.2,2,2,3.5,3.5
8357,Ocean Park,86,Hin Keng,90,19.5,9.4,2,21.5,9.4,2,2,10.5,10.5
8358,Ocean Park,86,Kai Tak,91,15.8,7.4,2,16,7.4,2,2,7.5,7.5
8359,Ocean Park,86,Sung Wong Toi,92,13.2,6.5,2,15.5,6.5,2,2,6.5,6.5
8360,Ocean Park,86,To Kwa Wan,93,13.2,6.5,2,15.5,6.5,2,2,6.5,6.5
8361,Wong Chuk Hang,87,Central,1,7.4,3.7,2,7.5,3.7,2,2,4,4
8362,Wong Chuk Hang,87,Admiralty,2,7.4,3.7,2,7.5,3.7,2,2,4,4
8363,Wong Chuk Hang,87,Tsim Sha Tsui,3,13.2,6.5,2,15.5,6.5,2,2,6.5,6.5
8364,Wong Chuk Hang,87,Jordan,4,13.2,6.5,2,15.5,6.5,2,2,6.5,6.5
8365,Wong Chuk Hang,87,Yau Ma Tei,5,13.2,6.5,2,15.5,6.5,2,2,6.5,6.5
8366,Wong Chuk Hang,87,Mong Kok,6,13.2,6.5,2,15.5,6.5,2,2,6.5,6.5
8367,Wong Chuk Hang,87,Shek Kip Mei,7,15.8,7.4,2,16,7.4,2,2,7.5,7.5
8368,Wong Chuk Hang,87,Kowloon Tong,8,15.8,7.4,2,16,7.4,2,2,7.5,7.5
8369,Wong Chuk Hang,87,Lok Fu,9,15.8,7.4,2,16,7.4,2,2,7.5,7.5
8370,Wong Chuk Hang,87,Wong Tai Sin,10,15.8,7.4,2,16,7.4,2,2,7.5,7.5
8371,Wong Chuk Hang,87,Diamond Hill,11,15.8,7.4,2,16,7.4,2,2,7.5,7.5
8372,Wong Chuk Hang,87,Choi Hung,12,15.8,7.4,2,16,7.4,2,2,7.5,7.5
8373,Wong Chuk Hang,87,Kowloon Bay,13,15.8,7.4,2,16,7.4,2,2,7.5,7.5
8374,Wong Chuk Hang,87,Ngau Tau Kok,14,15.8,7.4,2,16,7.4,2,2,7.5,7.5
8375,Wong Chuk Hang,87,Kwun Tong,15,15.8,7.4,2,16,7.4,2,2,7.5,7.5
8376,Wong Chuk Hang,87,Prince Edward,16,15.8,7.4,2,16,7.4,2,2,7.5,7.5
8377,Wong Chuk Hang,87,Sham Shui Po,17,15.8,7.4,2,16,7.4,2,2,7.5,7.5
8378,Wong Chuk Hang,87,Cheung Sha Wan,18,15.8,7.4,2,16,7.4,2,2,7.5,7.5
8379,Wong Chuk Hang,87,Lai Chi Kok,19,15.8,7.4,2,16,7.4,2,2,7.5,7.5
8380,Wong Chuk Hang,87,Mei Foo,20,15.8,7.4,2,16,7.4,2,2,7.5,7.5
8381,Wong Chuk Hang,87,Lai King,21,15.8,7.4,2,16,7.4,2,2,7.5,7.5
8382,Wong Chuk Hang,87,Kwai Fong,22,15.8,7.4,2,16,7.4,2,2,7.5,7.5
8383,Wong Chuk Hang,87,Kwai Hing,23,15.8,7.4,2,16,7.4,2,2,7.5,7.5
8384,Wong Chuk Hang,87,Tai Wo Hau,24,15.8,7.4,2,16,7.4,2,2,7.5,7.5
8385,Wong Chuk Hang,87,Tsuen Wan,25,15.8,7.4,2,16,7.4,2,2,7.5,7.5
8386,Wong Chuk Hang,87,Sheung Wan,26,7.4,3.7,2,7.5,3.7,2,2,4,4
8387,Wong Chuk Hang,87,Wan Chai,27,7.4,3.7,2,7.5,3.7,2,2,4,4
8388,Wong Chuk Hang,87,Causeway Bay,28,7.4,3.7,2,7.5,3.7,2,2,4,4
8389,Wong Chuk Hang,87,Tin Hau,29,7.4,3.7,2,7.5,3.7,2,2,4,4
8390,Wong Chuk Hang,87,Fortress Hill,30,7.4,3.7,2,7.5,3.7,2,2,4,4
8391,Wong Chuk Hang,87,North Point,31,9.2,4.4,2,10.5,4.4,2,2,4.5,4.5
8392,Wong Chuk Hang,87,Quarry Bay,32,9.2,4.4,2,10.5,4.4,2,2,4.5,4.5
8393,Wong Chuk Hang,87,Tai Koo,33,9.2,4.4,2,10.5,4.4,2,2,4.5,4.5
8394,Wong Chuk Hang,87,Sai Wan Ho,34,9.2,4.4,2,10.5,4.4,2,2,4.5,4.5
8395,Wong Chuk Hang,87,Shau Kei Wan,35,9.2,4.4,2,10.5,4.4,2,2,4.5,4.5
8396,Wong Chuk Hang,87,Heng Fa Chuen,36,11,4.9,2,13,4.9,2,2,5,5
8397,Wong Chuk Hang,87,Chai Wan,37,11,4.9,2,13,4.9,2,2,5,5
8398,Wong Chuk Hang,87,Lam Tin,38,15.8,7.4,2,16,7.4,2,2,7.5,7.5
8399,Wong Chuk Hang,87,Hong Kong,39,7.4,3.7,2,7.5,3.7,2,2,4,4
8400,Wong Chuk Hang,87,Kowloon,40,13.2,6.5,2,15.5,6.5,2,2,6.5,6.5
8401,Wong Chuk Hang,87,Olympic,41,13.2,6.5,2,15.5,6.5,2,2,6.5,6.5
8402,Wong Chuk Hang,87,Tsing Yi,42,15.8,7.4,2,16,7.4,2,2,7.5,7.5
8403,Wong Chuk Hang,87,Tung Chung,43,27.9,14.2,2,31,14.2,2,2,16.5,16.5
8404,Wong Chuk Hang,87,Yau Tong,48,15.8,7.4,2,16,7.4,2,2,7.5,7.5
8405,Wong Chuk Hang,87,Tiu Keng Leng,49,15.8,7.4,2,16,7.4,2,2,7.5,7.5
8406,Wong Chuk Hang,87,Tseung Kwan O,50,15.8,7.4,2,16,7.4,2,2,7.5,7.5
8407,Wong Chuk Hang,87,Hang Hau,51,15.8,7.4,2,16,7.4,2,2,7.5,7.5
8408,Wong Chuk Hang,87,Po Lam,52,15.8,7.4,2,16,7.4,2,2,7.5,7.5
8409,Wong Chuk Hang,87,Nam Cheong,53,15.8,7.4,2,16,7.4,2,2,7.5,7.5
8410,Wong Chuk Hang,87,Sunny Bay,54,24.3,12.5,2,28,12.5,2,2,15,15
8411,Wong Chuk Hang,87,Disneyland Resort,55,27.9,14.2,2,31,14.2,2,2,16.5,16.5
8412,Wong Chuk Hang,87,LOHAS Park,57,15.8,7.4,2,16,7.4,2,2,7.5,7.5
8413,Wong Chuk Hang,87,Hung Hom,64,14.8,7.2,2,17,7.2,2,2,7.5,7.5
8414,Wong Chuk Hang,87,Mong Kok East,65,16.1,7.6,2,17.5,7.6,2,2,8,8
8415,Wong Chuk Hang,87,Tai Wai,67,19.5,9.4,2,21.5,9.4,2,2,10.5,10.5
8416,Wong Chuk Hang,87,Sha Tin,68,19.5,9.4,2,21.5,9.4,2,2,10.5,10.5
8417,Wong Chuk Hang,87,Fo Tan,69,19.9,9.8,2,22,9.8,2,2,12,12
8418,Wong Chuk Hang,87,Racecourse,70,27.9,13.9,27.9,30.5,13.9,2,2,15.5,15.5
8419,Wong Chuk Hang,87,University,71,20.9,10,2,22.5,10,2,2,12,12
8420,Wong Chuk Hang,87,Tai Po Market,72,23,11.6,2,26.5,11.6,2,2,13.5,13.5
8421,Wong Chuk Hang,87,Tai Wo,73,23,11.6,2,26.5,11.6,2,2,13.5,13.5
8422,Wong Chuk Hang,87,Fanling,74,24.5,12.4,2,27.5,12.4,2,2,14,14
8423,Wong Chuk Hang,87,Sheung Shui,75,24.5,12.4,2,27.5,12.4,2,2,14,14
8424,Wong Chuk Hang,87,Lo Wu,76,54.4,46.7,54.4,57,27.2,27.2,27.2,28,28
8425,Wong Chuk Hang,87,Lok Ma Chau,78,54.4,46.7,54.4,57,27.2,27.2,27.2,28,28
8426,Wong Chuk Hang,87,East Tsim Sha Tsui,80,13.2,6.5,2,15.5,6.5,2,2,6.5,6.5
8427,Wong Chuk Hang,87,Che Kung Temple,96,20.4,9.9,2,22,9.9,2,2,12,12
8428,Wong Chuk Hang,87,Sha Tin Wai,97,20.4,9.9,2,22,9.9,2,2,12,12
8429,Wong Chuk Hang,87,City One,98,20.4,9.9,2,22,9.9,2,2,12,12
8430,Wong Chuk Hang,87,Shek Mun,99,20.4,9.9,2,22,9.9,2,2,12,12
8431,Wong Chuk Hang,87,Tai Shui Hang,100,22.9,11.4,2,26,11.4,2,2,13.5,13.5
8432,Wong Chuk Hang,87,Heng On,101,22.9,11.4,2,26,11.4,2,2,13.5,13.5
8433,Wong Chuk Hang,87,Ma On Shan,102,22.9,11.4,2,26,11.4,2,2,13.5,13.5
8434,Wong Chuk Hang,87,Wu Kai Sha,103,22.9,11.4,2,26,11.4,2,2,13.5,13.5
8435,Wong Chuk Hang,87,Austin,111,13.2,6.5,2,15.5,6.5,2,2,6.5,6.5
8436,Wong Chuk Hang,87,Tsuen Wan West,114,18.7,9.1,2,21,9.1,2,2,10,10
8437,Wong Chuk Hang,87,Kam Sheung Road,115,29.3,14.8,2,31,14.8,2,2,15.5,15.5
8438,Wong Chuk Hang,87,Yuen Long,116,30.2,15.8,2,32,15.8,2,2,16.5,16.5
8439,Wong Chuk Hang,87,Long Ping,117,30.2,15.8,2,32,15.8,2,2,16.5,16.5
8440,Wong Chuk Hang,87,Tin Shui Wai,118,30.2,15.8,2,32,15.8,2,2,16.5,16.5
8441,Wong Chuk Hang,87,Siu Hong,119,30.2,15.8,2,32,15.8,2,2,16.5,16.5
8442,Wong Chuk Hang,87,Tuen Mun,120,30.2,15.8,2,32,15.8,2,2,16.5,16.5
8443,Wong Chuk Hang,87,Sai Ying Pun,81,7.4,3.7,2,7.5,3.7,2,2,4,4
8444,Wong Chuk Hang,87,HKU,82,9.2,4.4,2,10.5,4.4,2,2,4.5,4.5
8445,Wong Chuk Hang,87,Kennedy Town,83,9.2,4.4,2,10.5,4.4,2,2,4.5,4.5
8446,Wong Chuk Hang,87,Ho Man Tin,84,13.2,6.5,2,15.5,6.5,2,2,6.5,6.5
8447,Wong Chuk Hang,87,Whampoa,85,15.8,7.4,2,16,7.4,2,2,7.5,7.5
8448,Wong Chuk Hang,87,Ocean Park,86,4.9,3.2,2,5,3.2,2,2,3.5,3.5
8449,Wong Chuk Hang,87,Wong Chuk Hang,87,0,0,0,0,0,0,0,0,0
8450,Wong Chuk Hang,87,Lei Tung,88,4.9,3.2,2,5,3.2,2,2,3.5,3.5
8451,Wong Chuk Hang,87,South Horizons,89,4.9,3.2,2,5,3.2,2,2,3.5,3.5
8452,Wong Chuk Hang,87,Hin Keng,90,19.5,9.4,2,21.5,9.4,2,2,10.5,10.5
8453,Wong Chuk Hang,87,Kai Tak,91,15.8,7.4,2,16,7.4,2,2,7.5,7.5
8454,Wong Chuk Hang,87,Sung Wong Toi,92,15.8,7.4,2,16,7.4,2,2,7.5,7.5
8455,Wong Chuk Hang,87,To Kwa Wan,93,13.2,6.5,2,15.5,6.5,2,2,6.5,6.5
8456,Lei Tung,88,Central,1,7.4,3.7,2,7.5,3.7,2,2,4,4
8457,Lei Tung,88,Admiralty,2,7.4,3.7,2,7.5,3.7,2,2,4,4
8458,Lei Tung,88,Tsim Sha Tsui,3,13.2,6.5,2,15.5,6.5,2,2,6.5,6.5
8459,Lei Tung,88,Jordan,4,13.2,6.5,2,15.5,6.5,2,2,6.5,6.5
8460,Lei Tung,88,Yau Ma Tei,5,13.2,6.5,2,15.5,6.5,2,2,6.5,6.5
8461,Lei Tung,88,Mong Kok,6,15.8,7.4,2,16,7.4,2,2,7.5,7.5
8462,Lei Tung,88,Shek Kip Mei,7,15.8,7.4,2,16,7.4,2,2,7.5,7.5
8463,Lei Tung,88,Kowloon Tong,8,15.8,7.4,2,16,7.4,2,2,7.5,7.5
8464,Lei Tung,88,Lok Fu,9,15.8,7.4,2,16,7.4,2,2,7.5,7.5
8465,Lei Tung,88,Wong Tai Sin,10,15.8,7.4,2,16,7.4,2,2,7.5,7.5
8466,Lei Tung,88,Diamond Hill,11,15.8,7.4,2,16,7.4,2,2,7.5,7.5
8467,Lei Tung,88,Choi Hung,12,15.8,7.4,2,16,7.4,2,2,7.5,7.5
8468,Lei Tung,88,Kowloon Bay,13,15.8,7.4,2,16,7.4,2,2,7.5,7.5
8469,Lei Tung,88,Ngau Tau Kok,14,15.8,7.4,2,16,7.4,2,2,7.5,7.5
8470,Lei Tung,88,Kwun Tong,15,15.8,7.4,2,16,7.4,2,2,7.5,7.5
8471,Lei Tung,88,Prince Edward,16,15.8,7.4,2,16,7.4,2,2,7.5,7.5
8472,Lei Tung,88,Sham Shui Po,17,15.8,7.4,2,16,7.4,2,2,7.5,7.5
8473,Lei Tung,88,Cheung Sha Wan,18,15.8,7.4,2,16,7.4,2,2,7.5,7.5
8474,Lei Tung,88,Lai Chi Kok,19,15.8,7.4,2,16,7.4,2,2,7.5,7.5
8475,Lei Tung,88,Mei Foo,20,15.8,7.4,2,16,7.4,2,2,7.5,7.5
8476,Lei Tung,88,Lai King,21,15.8,7.4,2,16,7.4,2,2,7.5,7.5
8477,Lei Tung,88,Kwai Fong,22,15.8,7.4,2,16,7.4,2,2,7.5,7.5
8478,Lei Tung,88,Kwai Hing,23,15.8,7.4,2,16,7.4,2,2,7.5,7.5
8479,Lei Tung,88,Tai Wo Hau,24,15.8,7.4,2,16,7.4,2,2,7.5,7.5
8480,Lei Tung,88,Tsuen Wan,25,15.8,7.4,2,16,7.4,2,2,7.5,7.5
8481,Lei Tung,88,Sheung Wan,26,7.4,3.7,2,7.5,3.7,2,2,4,4
8482,Lei Tung,88,Wan Chai,27,7.4,3.7,2,7.5,3.7,2,2,4,4
8483,Lei Tung,88,Causeway Bay,28,7.4,3.7,2,7.5,3.7,2,2,4,4
8484,Lei Tung,88,Tin Hau,29,7.4,3.7,2,7.5,3.7,2,2,4,4
8485,Lei Tung,88,Fortress Hill,30,9.2,4.4,2,10.5,4.4,2,2,4.5,4.5
8486,Lei Tung,88,North Point,31,9.2,4.4,2,10.5,4.4,2,2,4.5,4.5
8487,Lei Tung,88,Quarry Bay,32,9.2,4.4,2,10.5,4.4,2,2,4.5,4.5
8488,Lei Tung,88,Tai Koo,33,9.2,4.4,2,10.5,4.4,2,2,4.5,4.5
8489,Lei Tung,88,Sai Wan Ho,34,9.2,4.4,2,10.5,4.4,2,2,4.5,4.5
8490,Lei Tung,88,Shau Kei Wan,35,11,4.9,2,13,4.9,2,2,5,5
8491,Lei Tung,88,Heng Fa Chuen,36,11,4.9,2,13,4.9,2,2,5,5
8492,Lei Tung,88,Chai Wan,37,11,4.9,2,13,4.9,2,2,5,5
8493,Lei Tung,88,Lam Tin,38,15.8,7.4,2,16,7.4,2,2,7.5,7.5
8494,Lei Tung,88,Hong Kong,39,7.4,3.7,2,7.5,3.7,2,2,4,4
8495,Lei Tung,88,Kowloon,40,13.2,6.5,2,15.5,6.5,2,2,6.5,6.5
8496,Lei Tung,88,Olympic,41,15.8,7.4,2,16,7.4,2,2,7.5,7.5
8497,Lei Tung,88,Tsing Yi,42,15.8,7.4,2,16,7.4,2,2,7.5,7.5
8498,Lei Tung,88,Tung Chung,43,27.9,14.2,2,31,14.2,2,2,16.5,16.5
8499,Lei Tung,88,Yau Tong,48,15.8,7.4,2,16,7.4,2,2,7.5,7.5
8500,Lei Tung,88,Tiu Keng Leng,49,15.8,7.4,2,16,7.4,2,2,7.5,7.5
8501,Lei Tung,88,Tseung Kwan O,50,15.8,7.4,2,16,7.4,2,2,7.5,7.5
8502,Lei Tung,88,Hang Hau,51,15.8,7.4,2,16,7.4,2,2,7.5,7.5
8503,Lei Tung,88,Po Lam,52,15.8,7.4,2,16,7.4,2,2,7.5,7.5
8504,Lei Tung,88,Nam Cheong,53,15.8,7.4,2,16,7.4,2,2,7.5,7.5
8505,Lei Tung,88,Sunny Bay,54,24.3,12.5,2,28,12.5,2,2,15,15
8506,Lei Tung,88,Disneyland Resort,55,27.9,14.2,2,31,14.2,2,2,16.5,16.5
8507,Lei Tung,88,LOHAS Park,57,15.8,7.4,2,16,7.4,2,2,7.5,7.5
8508,Lei Tung,88,Hung Hom,64,14.8,7.2,2,17,7.2,2,2,7.5,7.5
8509,Lei Tung,88,Mong Kok East,65,16.1,7.6,2,17.5,7.6,2,2,8,8
8510,Lei Tung,88,Tai Wai,67,19.5,9.4,2,21.5,9.4,2,2,10.5,10.5
8511,Lei Tung,88,Sha Tin,68,19.5,9.4,2,21.5,9.4,2,2,10.5,10.5
8512,Lei Tung,88,Fo Tan,69,19.9,9.8,2,22,9.8,2,2,12,12
8513,Lei Tung,88,Racecourse,70,27.9,13.9,27.9,30.5,13.9,2,2,15.5,15.5
8514,Lei Tung,88,University,71,20.9,10,2,22.5,10,2,2,12,12
8515,Lei Tung,88,Tai Po Market,72,23,11.6,2,26.5,11.6,2,2,13.5,13.5
8516,Lei Tung,88,Tai Wo,73,23,11.6,2,26.5,11.6,2,2,13.5,13.5
8517,Lei Tung,88,Fanling,74,24.5,12.4,2,27.5,12.4,2,2,14,14
8518,Lei Tung,88,Sheung Shui,75,24.5,12.4,2,27.5,12.4,2,2,14,14
8519,Lei Tung,88,Lo Wu,76,54.4,46.7,54.4,57,27.2,27.2,27.2,28,28
8520,Lei Tung,88,Lok Ma Chau,78,54.4,46.7,54.4,57,27.2,27.2,27.2,28,28
8521,Lei Tung,88,East Tsim Sha Tsui,80,13.2,6.5,2,15.5,6.5,2,2,6.5,6.5
8522,Lei Tung,88,Che Kung Temple,96,20.4,9.9,2,22,9.9,2,2,12,12
8523,Lei Tung,88,Sha Tin Wai,97,20.4,9.9,2,22,9.9,2,2,12,12
8524,Lei Tung,88,City One,98,20.4,9.9,2,22,9.9,2,2,12,12
8525,Lei Tung,88,Shek Mun,99,20.4,9.9,2,22,9.9,2,2,12,12
8526,Lei Tung,88,Tai Shui Hang,100,22.9,11.4,2,26,11.4,2,2,13.5,13.5
8527,Lei Tung,88,Heng On,101,22.9,11.4,2,26,11.4,2,2,13.5,13.5
8528,Lei Tung,88,Ma On Shan,102,22.9,11.4,2,26,11.4,2,2,13.5,13.5
8529,Lei Tung,88,Wu Kai Sha,103,22.9,11.4,2,26,11.4,2,2,13.5,13.5
8530,Lei Tung,88,Austin,111,13.2,6.5,2,15.5,6.5,2,2,6.5,6.5
8531,Lei Tung,88,Tsuen Wan West,114,18.7,9.1,2,21,9.1,2,2,10,10
8532,Lei Tung,88,Kam Sheung Road,115,29.3,14.8,2,31,14.8,2,2,15.5,15.5
8533,Lei Tung,88,Yuen Long,116,30.2,15.8,2,32,15.8,2,2,16.5,16.5
8534,Lei Tung,88,Long Ping,117,30.2,15.8,2,32,15.8,2,2,16.5,16.5
8535,Lei Tung,88,Tin Shui Wai,118,30.2,15.8,2,32,15.8,2,2,16.5,16.5
8536,Lei Tung,88,Siu Hong,119,30.2,15.8,2,32,15.8,2,2,16.5,16.5
8537,Lei Tung,88,Tuen Mun,120,30.2,15.8,2,32,15.8,2,2,16.5,16.5
8538,Lei Tung,88,Sai Ying Pun,81,9.2,4.4,2,10.5,4.4,2,2,4.5,4.5
8539,Lei Tung,88,HKU,82,9.2,4.4,2,10.5,4.4,2,2,4.5,4.5
8540,Lei Tung,88,Kennedy Town,83,9.2,4.4,2,10.5,4.4,2,2,4.5,4.5
8541,Lei Tung,88,Ho Man Tin,84,15.8,7.4,2,16,7.4,2,2,7.5,7.5
8542,Lei Tung,88,Whampoa,85,15.8,7.4,2,16,7.4,2,2,7.5,7.5
8543,Lei Tung,88,Ocean Park,86,4.9,3.2,2,5,3.2,2,2,3.5,3.5
8544,Lei Tung,88,Wong Chuk Hang,87,4.9,3.2,2,5,3.2,2,2,3.5,3.5
8545,Lei Tung,88,Lei Tung,88,0,0,0,0,0,0,0,0,0
8546,Lei Tung,88,South Horizons,89,4.9,3.2,2,5,3.2,2,2,3.5,3.5
8547,Lei Tung,88,Hin Keng,90,19.5,9.4,2,21.5,9.4,2,2,10.5,10.5
8548,Lei Tung,88,Kai Tak,91,15.8,7.4,2,16,7.4,2,2,7.5,7.5
8549,Lei Tung,88,Sung Wong Toi,92,15.8,7.4,2,16,7.4,2,2,7.5,7.5
8550,Lei Tung,88,To Kwa Wan,93,15.8,7.4,2,16,7.4,2,2,7.5,7.5
8551,South Horizons,89,Central,1,7.4,3.7,2,7.5,3.7,2,2,4,4
8552,South Horizons,89,Admiralty,2,7.4,3.7,2,7.5,3.7,2,2,4,4
8553,South Horizons,89,Tsim Sha Tsui,3,15.8,7.4,2,16,7.4,2,2,7.5,7.5
8554,South Horizons,89,Jordan,4,15.8,7.4,2,16,7.4,2,2,7.5,7.5
8555,South Horizons,89,Yau Ma Tei,5,15.8,7.4,2,16,7.4,2,2,7.5,7.5
8556,South Horizons,89,Mong Kok,6,15.8,7.4,2,16,7.4,2,2,7.5,7.5
8557,South Horizons,89,Shek Kip Mei,7,15.8,7.4,2,16,7.4,2,2,7.5,7.5
8558,South Horizons,89,Kowloon Tong,8,15.8,7.4,2,16,7.4,2,2,7.5,7.5
8559,South Horizons,89,Lok Fu,9,15.8,7.4,2,16,7.4,2,2,7.5,7.5
8560,South Horizons,89,Wong Tai Sin,10,15.8,7.4,2,16,7.4,2,2,7.5,7.5
8561,South Horizons,89,Diamond Hill,11,15.8,7.4,2,16,7.4,2,2,7.5,7.5
8562,South Horizons,89,Choi Hung,12,15.8,7.4,2,16,7.4,2,2,7.5,7.5
8563,South Horizons,89,Kowloon Bay,13,15.8,7.4,2,16,7.4,2,2,7.5,7.5
8564,South Horizons,89,Ngau Tau Kok,14,15.8,7.4,2,16,7.4,2,2,7.5,7.5
8565,South Horizons,89,Kwun Tong,15,15.8,7.4,2,16,7.4,2,2,7.5,7.5
8566,South Horizons,89,Prince Edward,16,15.8,7.4,2,16,7.4,2,2,7.5,7.5
8567,South Horizons,89,Sham Shui Po,17,15.8,7.4,2,16,7.4,2,2,7.5,7.5
8568,South Horizons,89,Cheung Sha Wan,18,15.8,7.4,2,16,7.4,2,2,7.5,7.5
8569,South Horizons,89,Lai Chi Kok,19,15.8,7.4,2,16,7.4,2,2,7.5,7.5
8570,South Horizons,89,Mei Foo,20,15.8,7.4,2,16,7.4,2,2,7.5,7.5
8571,South Horizons,89,Lai King,21,15.8,7.4,2,16,7.4,2,2,7.5,7.5
8572,South Horizons,89,Kwai Fong,22,15.8,7.4,2,16,7.4,2,2,7.5,7.5
8573,South Horizons,89,Kwai Hing,23,15.8,7.4,2,16,7.4,2,2,7.5,7.5
8574,South Horizons,89,Tai Wo Hau,24,15.8,7.4,2,16,7.4,2,2,7.5,7.5
8575,South Horizons,89,Tsuen Wan,25,15.8,7.4,2,16,7.4,2,2,7.5,7.5
8576,South Horizons,89,Sheung Wan,26,9.2,4.4,2,10.5,4.4,2,2,4.5,4.5
8577,South Horizons,89,Wan Chai,27,7.4,3.7,2,7.5,3.7,2,2,4,4
8578,South Horizons,89,Causeway Bay,28,7.4,3.7,2,7.5,3.7,2,2,4,4
8579,South Horizons,89,Tin Hau,29,9.2,4.4,2,10.5,4.4,2,2,4.5,4.5
8580,South Horizons,89,Fortress Hill,30,9.2,4.4,2,10.5,4.4,2,2,4.5,4.5
8581,South Horizons,89,North Point,31,9.2,4.4,2,10.5,4.4,2,2,4.5,4.5
8582,South Horizons,89,Quarry Bay,32,9.2,4.4,2,10.5,4.4,2,2,4.5,4.5
8583,South Horizons,89,Tai Koo,33,9.2,4.4,2,10.5,4.4,2,2,4.5,4.5
8584,South Horizons,89,Sai Wan Ho,34,11,4.9,2,13,4.9,2,2,5,5
8585,South Horizons,89,Shau Kei Wan,35,11,4.9,2,13,4.9,2,2,5,5
8586,South Horizons,89,Heng Fa Chuen,36,11,4.9,2,13,4.9,2,2,5,5
8587,South Horizons,89,Chai Wan,37,11,4.9,2,13,4.9,2,2,5,5
8588,South Horizons,89,Lam Tin,38,15.8,7.4,2,16,7.4,2,2,7.5,7.5
8589,South Horizons,89,Hong Kong,39,7.4,3.7,2,7.5,3.7,2,2,4,4
8590,South Horizons,89,Kowloon,40,15.8,7.4,2,16,7.4,2,2,7.5,7.5
8591,South Horizons,89,Olympic,41,15.8,7.4,2,16,7.4,2,2,7.5,7.5
8592,South Horizons,89,Tsing Yi,42,15.8,7.4,2,16,7.4,2,2,7.5,7.5
8593,South Horizons,89,Tung Chung,43,27.9,14.2,2,31,14.2,2,2,16.5,16.5
8594,South Horizons,89,Yau Tong,48,15.8,7.4,2,16,7.4,2,2,7.5,7.5
8595,South Horizons,89,Tiu Keng Leng,49,15.8,7.4,2,16,7.4,2,2,7.5,7.5
8596,South Horizons,89,Tseung Kwan O,50,15.8,7.4,2,16,7.4,2,2,7.5,7.5
8597,South Horizons,89,Hang Hau,51,15.8,7.4,2,16,7.4,2,2,7.5,7.5
8598,South Horizons,89,Po Lam,52,15.8,7.4,2,16,7.4,2,2,7.5,7.5
8599,South Horizons,89,Nam Cheong,53,15.8,7.4,2,16,7.4,2,2,7.5,7.5
8600,South Horizons,89,Sunny Bay,54,24.3,12.5,2,28,12.5,2,2,15,15
8601,South Horizons,89,Disneyland Resort,55,27.9,14.2,2,31,14.2,2,2,16.5,16.5
8602,South Horizons,89,LOHAS Park,57,15.8,7.4,2,16,7.4,2,2,7.5,7.5
8603,South Horizons,89,Hung Hom,64,17,7.8,2,19,7.8,2,2,8,8
8604,South Horizons,89,Mong Kok East,65,17,7.8,2,19,7.8,2,2,8,8
8605,South Horizons,89,Tai Wai,67,19.5,9.4,2,21.5,9.4,2,2,10.5,10.5
8606,South Horizons,89,Sha Tin,68,19.5,9.4,2,21.5,9.4,2,2,10.5,10.5
8607,South Horizons,89,Fo Tan,69,19.9,9.8,2,22,9.8,2,2,12,12
8608,South Horizons,89,Racecourse,70,27.9,13.9,27.9,30.5,13.9,2,2,15.5,15.5
8609,South Horizons,89,University,71,20.9,10,2,22.5,10,2,2,12,12
8610,South Horizons,89,Tai Po Market,72,23,11.6,2,26.5,11.6,2,2,13.5,13.5
8611,South Horizons,89,Tai Wo,73,23,11.6,2,26.5,11.6,2,2,13.5,13.5
8612,South Horizons,89,Fanling,74,24.5,12.4,2,27.5,12.4,2,2,14,14
8613,South Horizons,89,Sheung Shui,75,24.5,12.4,2,27.5,12.4,2,2,14,14
8614,South Horizons,89,Lo Wu,76,54.4,46.7,54.4,57,27.2,27.2,27.2,28,28
8615,South Horizons,89,Lok Ma Chau,78,54.4,46.7,54.4,57,27.2,27.2,27.2,28,28
8616,South Horizons,89,East Tsim Sha Tsui,80,15.8,7.4,2,16,7.4,2,2,7.5,7.5
8617,South Horizons,89,Che Kung Temple,96,20.4,9.9,2,22,9.9,2,2,12,12
8618,South Horizons,89,Sha Tin Wai,97,20.4,9.9,2,22,9.9,2,2,12,12
8619,South Horizons,89,City One,98,20.4,9.9,2,22,9.9,2,2,12,12
8620,South Horizons,89,Shek Mun,99,20.4,9.9,2,22,9.9,2,2,12,12
8621,South Horizons,89,Tai Shui Hang,100,22.9,11.4,2,26,11.4,2,2,13.5,13.5
8622,South Horizons,89,Heng On,101,22.9,11.4,2,26,11.4,2,2,13.5,13.5
8623,South Horizons,89,Ma On Shan,102,22.9,11.4,2,26,11.4,2,2,13.5,13.5
8624,South Horizons,89,Wu Kai Sha,103,22.9,11.4,2,26,11.4,2,2,13.5,13.5
8625,South Horizons,89,Austin,111,15.8,7.4,2,16,7.4,2,2,7.5,7.5
8626,South Horizons,89,Tsuen Wan West,114,18.7,9.1,2,21,9.1,2,2,10,10
8627,South Horizons,89,Kam Sheung Road,115,29.3,14.8,2,31,14.8,2,2,15.5,15.5
8628,South Horizons,89,Yuen Long,116,30.2,15.8,2,32,15.8,2,2,16.5,16.5
8629,South Horizons,89,Long Ping,117,30.2,15.8,2,32,15.8,2,2,16.5,16.5
8630,South Horizons,89,Tin Shui Wai,118,30.2,15.8,2,32,15.8,2,2,16.5,16.5
8631,South Horizons,89,Siu Hong,119,30.2,15.8,2,32,15.8,2,2,16.5,16.5
8632,South Horizons,89,Tuen Mun,120,30.2,15.8,2,32,15.8,2,2,16.5,16.5
8633,South Horizons,89,Sai Ying Pun,81,9.2,4.4,2,10.5,4.4,2,2,4.5,4.5
8634,South Horizons,89,HKU,82,9.2,4.4,2,10.5,4.4,2,2,4.5,4.5
8635,South Horizons,89,Kennedy Town,83,9.2,4.4,2,10.5,4.4,2,2,4.5,4.5
8636,South Horizons,89,Ho Man Tin,84,15.8,7.4,2,16,7.4,2,2,7.5,7.5
8637,South Horizons,89,Whampoa,85,15.8,7.4,2,16,7.4,2,2,7.5,7.5
8638,South Horizons,89,Ocean Park,86,5.9,3.2,2,6,3.2,2,2,3.5,3.5
8639,South Horizons,89,Wong Chuk Hang,87,4.9,3.2,2,5,3.2,2,2,3.5,3.5
8640,South Horizons,89,Lei Tung,88,4.9,3.2,2,5,3.2,2,2,3.5,3.5
8641,South Horizons,89,South Horizons,89,0,0,0,0,0,0,0,0,0
8642,South Horizons,89,Hin Keng,90,19.5,9.4,2,21.5,9.4,2,2,10.5,10.5
8643,South Horizons,89,Kai Tak,91,15.8,7.4,2,16,7.4,2,2,7.5,7.5
8644,South Horizons,89,Sung Wong Toi,92,15.8,7.4,2,16,7.4,2,2,7.5,7.5
8645,South Horizons,89,To Kwa Wan,93,15.8,7.4,2,16,7.4,2,2,7.5,7.5
8646,Hin Keng,90,Central,1,17.1,8.6,2,19,8.6,2,2,9.5,9.5
8647,Hin Keng,90,Admiralty,2,17.1,8.6,2,19,8.6,2,2,9.5,9.5
8648,Hin Keng,90,Tsim Sha Tsui,3,10.1,5.1,2,12,5.1,2,2,5.5,5.5
8649,Hin Keng,90,Jordan,4,10.1,5.1,2,12,5.1,2,2,5.5,5.5
8650,Hin Keng,90,Yau Ma Tei,5,9.6,4.6,2,12,4.6,2,2,5,5
8651,Hin Keng,90,Mong Kok,6,9.6,4.6,2,12,4.6,2,2,5,5
8652,Hin Keng,90,Shek Kip Mei,7,8.6,4.6,2,10,4.6,2,2,5,5
8653,Hin Keng,90,Kowloon Tong,8,8.6,4.6,2,10,4.6,2,2,5,5
8654,Hin Keng,90,Lok Fu,9,8.6,4.6,2,10,4.6,2,2,5,5
8655,Hin Keng,90,Wong Tai Sin,10,8.6,4.6,2,10,4.6,2,2,5,5
8656,Hin Keng,90,Diamond Hill,11,8.6,4.6,2,10,4.6,2,2,5,5
8657,Hin Keng,90,Choi Hung,12,9.6,4.6,2,12,4.6,2,2,5,5
8658,Hin Keng,90,Kowloon Bay,13,11,5.4,2,13,5.4,2,2,5.5,5.5
8659,Hin Keng,90,Ngau Tau Kok,14,11,5.4,2,13,5.4,2,2,5.5,5.5
8660,Hin Keng,90,Kwun Tong,15,11,5.4,2,13,5.4,2,2,5.5,5.5
8661,Hin Keng,90,Prince Edward,16,8.6,4.6,2,10,4.6,2,2,5,5
8662,Hin Keng,90,Sham Shui Po,17,8.6,4.6,2,10,4.6,2,2,5,5
8663,Hin Keng,90,Cheung Sha Wan,18,9.6,4.6,2,12,4.6,2,2,5,5
8664,Hin Keng,90,Lai Chi Kok,19,9.6,4.6,2,12,4.6,2,2,5,5
8665,Hin Keng,90,Mei Foo,20,11,5.4,2,13,5.4,2,2,5.5,5.5
8666,Hin Keng,90,Lai King,21,11,5.4,2,13,5.4,2,2,5.5,5.5
8667,Hin Keng,90,Kwai Fong,22,12.3,5.9,2,14,5.9,2,2,6,6
8668,Hin Keng,90,Kwai Hing,23,12.3,5.9,2,14,5.9,2,2,6,6
8669,Hin Keng,90,Tai Wo Hau,24,12.3,5.9,2,14,5.9,2,2,6,6
8670,Hin Keng,90,Tsuen Wan,25,12.3,5.9,2,14,5.9,2,2,6,6
8671,Hin Keng,90,Sheung Wan,26,17.1,8.6,2,19,8.6,2,2,9.5,9.5
8672,Hin Keng,90,Wan Chai,27,17.1,8.6,2,19,8.6,2,2,9.5,9.5
8673,Hin Keng,90,Causeway Bay,28,17.1,8.6,2,19,8.6,2,2,9.5,9.5
8674,Hin Keng,90,Tin Hau,29,19.5,9.4,2,21.5,9.4,2,2,10.5,10.5
8675,Hin Keng,90,Fortress Hill,30,19.5,9.4,2,21.5,9.4,2,2,10.5,10.5
8676,Hin Keng,90,North Point,31,19.5,9.4,2,21.5,9.4,2,2,10.5,10.5
8677,Hin Keng,90,Quarry Bay,32,19.5,9.4,2,21.5,9.4,2,2,10.5,10.5
8678,Hin Keng,90,Tai Koo,33,19.5,9.4,2,21.5,9.4,2,2,10.5,10.5
8679,Hin Keng,90,Sai Wan Ho,34,19.5,9.4,2,21.5,9.4,2,2,10.5,10.5
8680,Hin Keng,90,Shau Kei Wan,35,19.5,9.4,2,21.5,9.4,2,2,10.5,10.5
8681,Hin Keng,90,Heng Fa Chuen,36,19.5,9.4,2,21.5,9.4,2,2,10.5,10.5
8682,Hin Keng,90,Chai Wan,37,19.5,9.4,2,21.5,9.4,2,2,10.5,10.5
8683,Hin Keng,90,Lam Tin,38,12.3,5.9,2,14,5.9,2,2,6,6
8684,Hin Keng,90,Hong Kong,39,17.1,8.6,2,19,8.6,2,2,9.5,9.5
8685,Hin Keng,90,Kowloon,40,11,5.4,2,13,5.4,2,2,5.5,5.5
8686,Hin Keng,90,Olympic,41,11,5.4,2,13,5.4,2,2,5.5,5.5
8687,Hin Keng,90,Tsing Yi,42,12.3,5.9,2,14,5.9,2,2,6,6
8688,Hin Keng,90,Tung Chung,43,24.3,12.5,2,27.5,12.5,2,2,14,14
8689,Hin Keng,90,Yau Tong,48,12.3,5.9,2,14,5.9,2,2,6,6
8690,Hin Keng,90,Tiu Keng Leng,49,12.3,5.9,2,14,5.9,2,2,6,6
8691,Hin Keng,90,Tseung Kwan O,50,13.8,6.2,2,16,6.2,2,2,6.5,6.5
8692,Hin Keng,90,Hang Hau,51,13.8,6.2,2,16,6.2,2,2,6.5,6.5
8693,Hin Keng,90,Po Lam,52,13.8,6.2,2,16,6.2,2,2,6.5,6.5
8694,Hin Keng,90,Nam Cheong,53,11,5.4,2,13,5.4,2,2,5.5,5.5
8695,Hin Keng,90,Sunny Bay,54,20.8,10.2,2,22.5,10.2,2,2,12,12
8696,Hin Keng,90,Disneyland Resort,55,28,14.2,2,30.5,14.2,2,2,15.5,15.5
8697,Hin Keng,90,LOHAS Park,57,13.8,6.2,2,16,6.2,2,2,6.5,6.5
8698,Hin Keng,90,Hung Hom,64,10.1,5.1,2,12,5.1,2,2,5.5,5.5
8699,Hin Keng,90,Mong Kok East,65,8.6,4.6,2,10,4.6,2,2,5,5
8700,Hin Keng,90,Tai Wai,67,4,1.9,2,4,1.9,1.9,1.9,2,2
8701,Hin Keng,90,Sha Tin,68,5.9,2.8,2,6,2.8,2,2,3,3
8702,Hin Keng,90,Fo Tan,69,5.9,2.8,2,6,2.8,2,2,3,3
8703,Hin Keng,90,Racecourse,70,9.9,5.1,9.9,12,5.1,2,2,5.5,5.5
8704,Hin Keng,90,University,71,5.9,2.8,2,6,2.8,2,2,3,3
8705,Hin Keng,90,Tai Po Market,72,7.7,3.8,2,8,3.8,2,2,4,4
8706,Hin Keng,90,Tai Wo,73,7.7,3.8,2,8,3.8,2,2,4,4
8707,Hin Keng,90,Fanling,74,7.7,3.8,2,8,3.8,2,2,4,4
8708,Hin Keng,90,Sheung Shui,75,7.7,3.8,2,8,3.8,2,2,4,4
8709,Hin Keng,90,Lo Wu,76,33,33,33,35.5,16.9,16.9,16.9,17.5,17.5
8710,Hin Keng,90,Lok Ma Chau,78,33,33,33,35.5,16.9,16.9,16.9,17.5,17.5
8711,Hin Keng,90,East Tsim Sha Tsui,80,10.1,5.1,2,12,5.1,2,2,5.5,5.5
8712,Hin Keng,90,Che Kung Temple,96,5.9,2.8,2,6,2.8,2,2,3,3
8713,Hin Keng,90,Sha Tin Wai,97,5.9,2.8,2,6,2.8,2,2,3,3
8714,Hin Keng,90,City One,98,5.9,2.8,2,6,2.8,2,2,3,3
8715,Hin Keng,90,Shek Mun,99,5.9,2.8,2,6,2.8,2,2,3,3
8716,Hin Keng,90,Tai Shui Hang,100,7.7,3.8,2,8,3.8,2,2,4,4
8717,Hin Keng,90,Heng On,101,7.7,3.8,2,8,3.8,2,2,4,4
8718,Hin Keng,90,Ma On Shan,102,7.7,3.8,2,8,3.8,2,2,4,4
8719,Hin Keng,90,Wu Kai Sha,103,7.7,3.8,2,8,3.8,2,2,4,4
8720,Hin Keng,90,Austin,111,11,5.4,2,13,5.4,2,2,5.5,5.5
8721,Hin Keng,90,Tsuen Wan West,114,11.5,6.1,2,13.5,6.1,2,2,6.5,6.5
8722,Hin Keng,90,Kam Sheung Road,115,20.8,11.4,2,22,11.4,2,2,13,13
8723,Hin Keng,90,Yuen Long,116,22,11.8,2,23.5,11.8,2,2,13.5,13.5
8724,Hin Keng,90,Long Ping,117,22,11.8,2,23.5,11.8,2,2,13.5,13.5
8725,Hin Keng,90,Tin Shui Wai,118,22,11.8,2,23.5,11.8,2,2,13.5,13.5
8726,Hin Keng,90,Siu Hong,119,22,11.8,2,23.5,11.8,2,2,13.5,13.5
8727,Hin Keng,90,Tuen Mun,120,22,11.8,2,23.5,11.8,2,2,13.5,13.5
8728,Hin Keng,90,Sai Ying Pun,81,17.1,8.6,2,19,8.6,2,2,9.5,9.5
8729,Hin Keng,90,HKU,82,19.5,9.4,2,21.5,9.4,2,2,10.5,10.5
8730,Hin Keng,90,Kennedy Town,83,19.5,9.4,2,21.5,9.4,2,2,10.5,10.5
8731,Hin Keng,90,Ho Man Tin,84,10.1,5.1,2,12,5.1,2,2,5.5,5.5
8732,Hin Keng,90,Whampoa,85,10.1,5.1,2,12,5.1,2,2,5.5,5.5
8733,Hin Keng,90,Ocean Park,86,19.5,9.4,2,21.5,9.4,2,2,10.5,10.5
8734,Hin Keng,90,Wong Chuk Hang,87,19.5,9.4,2,21.5,9.4,2,2,10.5,10.5
8735,Hin Keng,90,Lei Tung,88,19.5,9.4,2,21.5,9.4,2,2,10.5,10.5
8736,Hin Keng,90,South Horizons,89,19.5,9.4,2,21.5,9.4,2,2,10.5,10.5
8737,Hin Keng,90,Hin Keng,90,0,0,0,0,0,0,0,0,0
8738,Hin Keng,90,Kai Tak,91,9.6,4.6,2,12,4.6,2,2,5,5
8739,Hin Keng,90,Sung Wong Toi,92,10.1,5.1,2,12,5.1,2,2,5.5,5.5
8740,Hin Keng,90,To Kwa Wan,93,10.1,5.1,2,12,5.1,2,2,5.5,5.5
8741,Kai Tak,91,Central,1,13.2,6.5,2,15.5,6.5,2,2,6.5,6.5
8742,Kai Tak,91,Admiralty,2,13.2,6.5,2,15.5,6.5,2,2,6.5,6.5
8743,Kai Tak,91,Tsim Sha Tsui,3,7.4,3.7,2,7.5,3.7,2,2,4,4
8744,Kai Tak,91,Jordan,4,7.4,3.7,2,7.5,3.7,2,2,4,4
8745,Kai Tak,91,Yau Ma Tei,5,5.9,3.2,2,6,3.2,2,2,3.5,3.5
8746,Kai Tak,91,Mong Kok,6,7.4,3.7,2,7.5,3.7,2,2,4,4
8747,Kai Tak,91,Shek Kip Mei,7,5.9,3.2,2,6,3.2,2,2,3.5,3.5
8748,Kai Tak,91,Kowloon Tong,8,5.9,3.2,2,6,3.2,2,2,3.5,3.5
8749,Kai Tak,91,Lok Fu,9,5.9,3.2,2,6,3.2,2,2,3.5,3.5
8750,Kai Tak,91,Wong Tai Sin,10,4.9,3.2,2,5,3.2,2,2,3.5,3.5
8751,Kai Tak,91,Diamond Hill,11,4.9,3.2,2,5,3.2,2,2,3.5,3.5
8752,Kai Tak,91,Choi Hung,12,4.9,3.2,2,5,3.2,2,2,3.5,3.5
8753,Kai Tak,91,Kowloon Bay,13,5.9,3.2,2,6,3.2,2,2,3.5,3.5
8754,Kai Tak,91,Ngau Tau Kok,14,5.9,3.2,2,6,3.2,2,2,3.5,3.5
8755,Kai Tak,91,Kwun Tong,15,7.4,3.7,2,7.5,3.7,2,2,4,4
8756,Kai Tak,91,Prince Edward,16,5.9,3.2,2,6,3.2,2,2,3.5,3.5
8757,Kai Tak,91,Sham Shui Po,17,7.4,3.7,2,7.5,3.7,2,2,4,4
8758,Kai Tak,91,Cheung Sha Wan,18,7.4,3.7,2,7.5,3.7,2,2,4,4
8759,Kai Tak,91,Lai Chi Kok,19,9,3.9,2,10.5,3.9,2,2,4,4
8760,Kai Tak,91,Mei Foo,20,9,3.9,2,10.5,3.9,2,2,4,4
8761,Kai Tak,91,Lai King,21,9.2,4.4,2,10.5,4.4,2,2,4.5,4.5
8762,Kai Tak,91,Kwai Fong,22,11,4.9,2,13,4.9,2,2,5,5
8763,Kai Tak,91,Kwai Hing,23,11,4.9,2,13,4.9,2,2,5,5
8764,Kai Tak,91,Tai Wo Hau,24,11,4.9,2,13,4.9,2,2,5,5
8765,Kai Tak,91,Tsuen Wan,25,11,4.9,2,13,4.9,2,2,5,5
8766,Kai Tak,91,Sheung Wan,26,13.2,6.5,2,15.5,6.5,2,2,6.5,6.5
8767,Kai Tak,91,Wan Chai,27,13.2,6.5,2,15.5,6.5,2,2,6.5,6.5
8768,Kai Tak,91,Causeway Bay,28,13.2,6.5,2,15.5,6.5,2,2,6.5,6.5
8769,Kai Tak,91,Tin Hau,29,13.2,6.5,2,15.5,6.5,2,2,6.5,6.5
8770,Kai Tak,91,Fortress Hill,30,13.2,6.5,2,15.5,6.5,2,2,6.5,6.5
8771,Kai Tak,91,North Point,31,13.2,6.5,2,15.5,6.5,2,2,6.5,6.5
8772,Kai Tak,91,Quarry Bay,32,13.2,6.5,2,15.5,6.5,2,2,6.5,6.5
8773,Kai Tak,91,Tai Koo,33,13.2,6.5,2,15.5,6.5,2,2,6.5,6.5
8774,Kai Tak,91,Sai Wan Ho,34,15.8,7.4,2,16,7.4,2,2,7.5,7.5
8775,Kai Tak,91,Shau Kei Wan,35,15.8,7.4,2,16,7.4,2,2,7.5,7.5
8776,Kai Tak,91,Heng Fa Chuen,36,15.8,7.4,2,16,7.4,2,2,7.5,7.5
8777,Kai Tak,91,Chai Wan,37,15.8,7.4,2,16,7.4,2,2,7.5,7.5
8778,Kai Tak,91,Lam Tin,38,7.4,3.7,2,7.5,3.7,2,2,4,4
8779,Kai Tak,91,Hong Kong,39,13.2,6.5,2,15.5,6.5,2,2,6.5,6.5
8780,Kai Tak,91,Kowloon,40,6.2,3.6,2,6.5,3.6,2,2,4,4
8781,Kai Tak,91,Olympic,41,6.2,3.6,2,6.5,3.6,2,2,4,4
8782,Kai Tak,91,Tsing Yi,42,11,4.9,2,13,4.9,2,2,5,5
8783,Kai Tak,91,Tung Chung,43,18.7,9.4,2,21,9.4,2,2,10.5,10.5
8784,Kai Tak,91,Yau Tong,48,9.2,4.4,2,10.5,4.4,2,2,4.5,4.5
8785,Kai Tak,91,Tiu Keng Leng,49,9.2,4.4,2,10.5,4.4,2,2,4.5,4.5
8786,Kai Tak,91,Tseung Kwan O,50,9.2,4.4,2,10.5,4.4,2,2,4.5,4.5
8787,Kai Tak,91,Hang Hau,51,9.2,4.4,2,10.5,4.4,2,2,4.5,4.5
8788,Kai Tak,91,Po Lam,52,11,4.9,2,13,4.9,2,2,5,5
8789,Kai Tak,91,Nam Cheong,53,7.4,3.7,2,7.5,3.7,2,2,4,4
8790,Kai Tak,91,Sunny Bay,54,15.9,7.7,2,17,7.7,2,2,8,8
8791,Kai Tak,91,Disneyland Resort,55,22.2,11.1,2,25.5,11.1,2,2,13.5,13.5
8792,Kai Tak,91,LOHAS Park,57,11,4.9,2,13,4.9,2,2,5,5
8793,Kai Tak,91,Hung Hom,64,5.9,3.2,2,6,3.2,2,2,3.5,3.5
8794,Kai Tak,91,Mong Kok East,65,5.9,3.2,2,6,3.2,2,2,3.5,3.5
8795,Kai Tak,91,Tai Wai,67,9.6,4.6,2,12,4.6,2,2,5,5
8796,Kai Tak,91,Sha Tin,68,9.6,4.6,2,12,4.6,2,2,5,5
8797,Kai Tak,91,Fo Tan,69,10.1,5.3,2,12.5,5.3,2,2,5.5,5.5
8798,Kai Tak,91,Racecourse,70,18.3,9.2,18.3,20,9.2,2,2,10.5,10.5
8799,Kai Tak,91,University,71,10.8,5.4,2,13.5,5.4,2,2,5.5,5.5
8800,Kai Tak,91,Tai Po Market,72,12.8,6.4,2,14.5,6.4,2,2,6.5,6.5
8801,Kai Tak,91,Tai Wo,73,12.8,6.4,2,14.5,6.4,2,2,6.5,6.5
8802,Kai Tak,91,Fanling,74,13.6,7.1,2,15.5,7.1,2,2,7.5,7.5
8803,Kai Tak,91,Sheung Shui,75,13.6,7.1,2,15.5,7.1,2,2,7.5,7.5
8804,Kai Tak,91,Lo Wu,76,45.4,43.1,45.4,48,23.1,23.1,23.1,24.5,24.5
8805,Kai Tak,91,Lok Ma Chau,78,45.4,43.1,45.4,48,23.1,23.1,23.1,24.5,24.5
8806,Kai Tak,91,East Tsim Sha Tsui,80,7.4,3.7,2,7.5,3.7,2,2,4,4
8807,Kai Tak,91,Che Kung Temple,96,9.8,4.9,2,12,4.9,2,2,5,5
8808,Kai Tak,91,Sha Tin Wai,97,9.8,4.9,2,12,4.9,2,2,5,5
8809,Kai Tak,91,City One,98,9.8,4.9,2,12,4.9,2,2,5,5
8810,Kai Tak,91,Shek Mun,99,9.8,4.9,2,12,4.9,2,2,5,5
8811,Kai Tak,91,Tai Shui Hang,100,12,6,2,14,6,2,2,6,6
8812,Kai Tak,91,Heng On,101,12,6,2,14,6,2,2,6,6
8813,Kai Tak,91,Ma On Shan,102,12,6,2,14,6,2,2,6,6
8814,Kai Tak,91,Wu Kai Sha,103,12,6,2,14,6,2,2,6,6
8815,Kai Tak,91,Austin,111,7.4,3.7,2,7.5,3.7,2,2,4,4
8816,Kai Tak,91,Tsuen Wan West,114,10.9,5.7,2,13,5.7,2,2,6,6
8817,Kai Tak,91,Kam Sheung Road,115,21.2,11.2,2,22,11.2,2,2,13,13
8818,Kai Tak,91,Yuen Long,116,22.3,11.7,2,24,11.7,2,2,13.5,13.5
8819,Kai Tak,91,Long Ping,117,22.3,11.7,2,24,11.7,2,2,13.5,13.5
8820,Kai Tak,91,Tin Shui Wai,118,22.3,11.7,2,24,11.7,2,2,13.5,13.5
8821,Kai Tak,91,Siu Hong,119,22.3,11.7,2,24,11.7,2,2,13.5,13.5
8822,Kai Tak,91,Tuen Mun,120,22.3,11.7,2,24,11.7,2,2,13.5,13.5
8823,Kai Tak,91,Sai Ying Pun,81,13.2,6.5,2,15.5,6.5,2,2,6.5,6.5
8824,Kai Tak,91,HKU,82,15.8,7.4,2,16,7.4,2,2,7.5,7.5
8825,Kai Tak,91,Kennedy Town,83,15.8,7.4,2,16,7.4,2,2,7.5,7.5
8826,Kai Tak,91,Ho Man Tin,84,5.9,3.2,2,6,3.2,2,2,3.5,3.5
8827,Kai Tak,91,Whampoa,85,5.9,3.2,2,6,3.2,2,2,3.5,3.5
8828,Kai Tak,91,Ocean Park,86,15.8,7.4,2,16,7.4,2,2,7.5,7.5
8829,Kai Tak,91,Wong Chuk Hang,87,15.8,7.4,2,16,7.4,2,2,7.5,7.5
8830,Kai Tak,91,Lei Tung,88,15.8,7.4,2,16,7.4,2,2,7.5,7.5
8831,Kai Tak,91,South Horizons,89,15.8,7.4,2,16,7.4,2,2,7.5,7.5
8832,Kai Tak,91,Hin Keng,90,9.6,4.6,2,12,4.6,2,2,5,5
8833,Kai Tak,91,Kai Tak,91,0,0,0,0,0,0,0,0,0
8834,Kai Tak,91,Sung Wong Toi,92,4.9,3.2,2,5,3.2,2,2,3.5,3.5
8835,Kai Tak,91,To Kwa Wan,93,4.9,3.2,2,5,3.2,2,2,3.5,3.5
8836,Sung Wong Toi,92,Central,1,13.2,6.5,2,15.5,6.5,2,2,6.5,6.5
8837,Sung Wong Toi,92,Admiralty,2,13.2,6.5,2,15.5,6.5,2,2,6.5,6.5
8838,Sung Wong Toi,92,Tsim Sha Tsui,3,5.9,3.2,2,6,3.2,2,2,3.5,3.5
8839,Sung Wong Toi,92,Jordan,4,5.9,3.2,2,6,3.2,2,2,3.5,3.5
8840,Sung Wong Toi,92,Yau Ma Tei,5,5.9,3.2,2,6,3.2,2,2,3.5,3.5
8841,Sung Wong Toi,92,Mong Kok,6,5.9,3.2,2,6,3.2,2,2,3.5,3.5
8842,Sung Wong Toi,92,Shek Kip Mei,7,5.9,3.2,2,6,3.2,2,2,3.5,3.5
8843,Sung Wong Toi,92,Kowloon Tong,8,5.9,3.2,2,6,3.2,2,2,3.5,3.5
8844,Sung Wong Toi,92,Lok Fu,9,5.9,3.2,2,6,3.2,2,2,3.5,3.5
8845,Sung Wong Toi,92,Wong Tai Sin,10,5.9,3.2,2,6,3.2,2,2,3.5,3.5
8846,Sung Wong Toi,92,Diamond Hill,11,4.9,3.2,2,5,3.2,2,2,3.5,3.5
8847,Sung Wong Toi,92,Choi Hung,12,5.9,3.2,2,6,3.2,2,2,3.5,3.5
8848,Sung Wong Toi,92,Kowloon Bay,13,5.9,3.2,2,6,3.2,2,2,3.5,3.5
8849,Sung Wong Toi,92,Ngau Tau Kok,14,7.4,3.7,2,7.5,3.7,2,2,4,4
8850,Sung Wong Toi,92,Kwun Tong,15,7.4,3.7,2,7.5,3.7,2,2,4,4
8851,Sung Wong Toi,92,Prince Edward,16,5.9,3.2,2,6,3.2,2,2,3.5,3.5
8852,Sung Wong Toi,92,Sham Shui Po,17,7.4,3.7,2,7.5,3.7,2,2,4,4
8853,Sung Wong Toi,92,Cheung Sha Wan,18,7.4,3.7,2,7.5,3.7,2,2,4,4
8854,Sung Wong Toi,92,Lai Chi Kok,19,9,3.9,2,10.5,3.9,2,2,4,4
8855,Sung Wong Toi,92,Mei Foo,20,9,3.9,2,10.5,3.9,2,2,4,4
8856,Sung Wong Toi,92,Lai King,21,9.2,4.4,2,10.5,4.4,2,2,4.5,4.5
8857,Sung Wong Toi,92,Kwai Fong,22,11,4.9,2,13,4.9,2,2,5,5
8858,Sung Wong Toi,92,Kwai Hing,23,11,4.9,2,13,4.9,2,2,5,5
8859,Sung Wong Toi,92,Tai Wo Hau,24,11,4.9,2,13,4.9,2,2,5,5
8860,Sung Wong Toi,92,Tsuen Wan,25,11,4.9,2,13,4.9,2,2,5,5
8861,Sung Wong Toi,92,Sheung Wan,26,13.2,6.5,2,15.5,6.5,2,2,6.5,6.5
8862,Sung Wong Toi,92,Wan Chai,27,13.2,6.5,2,15.5,6.5,2,2,6.5,6.5
8863,Sung Wong Toi,92,Causeway Bay,28,13.2,6.5,2,15.5,6.5,2,2,6.5,6.5
8864,Sung Wong Toi,92,Tin Hau,29,13.2,6.5,2,15.5,6.5,2,2,6.5,6.5
8865,Sung Wong Toi,92,Fortress Hill,30,13.2,6.5,2,15.5,6.5,2,2,6.5,6.5
8866,Sung Wong Toi,92,North Point,31,13.2,6.5,2,15.5,6.5,2,2,6.5,6.5
8867,Sung Wong Toi,92,Quarry Bay,32,13.2,6.5,2,15.5,6.5,2,2,6.5,6.5
8868,Sung Wong Toi,92,Tai Koo,33,15.8,7.4,2,16,7.4,2,2,7.5,7.5
8869,Sung Wong Toi,92,Sai Wan Ho,34,15.8,7.4,2,16,7.4,2,2,7.5,7.5
8870,Sung Wong Toi,92,Shau Kei Wan,35,15.8,7.4,2,16,7.4,2,2,7.5,7.5
8871,Sung Wong Toi,92,Heng Fa Chuen,36,15.8,7.4,2,16,7.4,2,2,7.5,7.5
8872,Sung Wong Toi,92,Chai Wan,37,15.8,7.4,2,16,7.4,2,2,7.5,7.5
8873,Sung Wong Toi,92,Lam Tin,38,7.4,3.7,2,7.5,3.7,2,2,4,4
8874,Sung Wong Toi,92,Hong Kong,39,13.2,6.5,2,15.5,6.5,2,2,6.5,6.5
8875,Sung Wong Toi,92,Kowloon,40,6.2,3.6,2,6.5,3.6,2,2,4,4
8876,Sung Wong Toi,92,Olympic,41,6.2,3.6,2,6.5,3.6,2,2,4,4
8877,Sung Wong Toi,92,Tsing Yi,42,11,4.9,2,13,4.9,2,2,5,5
8878,Sung Wong Toi,92,Tung Chung,43,18.7,9.4,2,21,9.4,2,2,10.5,10.5
8879,Sung Wong Toi,92,Yau Tong,48,9.2,4.4,2,10.5,4.4,2,2,4.5,4.5
8880,Sung Wong Toi,92,Tiu Keng Leng,49,9.2,4.4,2,10.5,4.4,2,2,4.5,4.5
8881,Sung Wong Toi,92,Tseung Kwan O,50,9.2,4.4,2,10.5,4.4,2,2,4.5,4.5
8882,Sung Wong Toi,92,Hang Hau,51,11,4.9,2,13,4.9,2,2,5,5
8883,Sung Wong Toi,92,Po Lam,52,11,4.9,2,13,4.9,2,2,5,5
8884,Sung Wong Toi,92,Nam Cheong,53,6.2,3.6,2,6.5,3.6,2,2,4,4
8885,Sung Wong Toi,92,Sunny Bay,54,15.9,7.7,2,17,7.7,2,2,8,8
8886,Sung Wong Toi,92,Disneyland Resort,55,22.2,11.1,2,25.5,11.1,2,2,13.5,13.5
8887,Sung Wong Toi,92,LOHAS Park,57,11,4.9,2,13,4.9,2,2,5,5
8888,Sung Wong Toi,92,Hung Hom,64,5.9,3.2,2,6,3.2,2,2,3.5,3.5
8889,Sung Wong Toi,92,Mong Kok East,65,5.9,3.2,2,6,3.2,2,2,3.5,3.5
8890,Sung Wong Toi,92,Tai Wai,67,10.1,5.1,2,12,5.1,2,2,5.5,5.5
8891,Sung Wong Toi,92,Sha Tin,68,10.1,5.1,2,12,5.1,2,2,5.5,5.5
8892,Sung Wong Toi,92,Fo Tan,69,11,5.6,2,13,5.6,2,2,6,6
8893,Sung Wong Toi,92,Racecourse,70,18.3,9.2,18.3,20,9.2,2,2,10.5,10.5
8894,Sung Wong Toi,92,University,71,11,5.6,2,13.5,5.6,2,2,6,6
8895,Sung Wong Toi,92,Tai Po Market,72,13.4,6.9,2,15.5,6.9,2,2,7,7
8896,Sung Wong Toi,92,Tai Wo,73,13.4,6.9,2,15.5,6.9,2,2,7,7
8897,Sung Wong Toi,92,Fanling,74,14.9,7.3,2,16,7.3,2,2,7.5,7.5
8898,Sung Wong Toi,92,Sheung Shui,75,14.9,7.3,2,16,7.3,2,2,7.5,7.5
8899,Sung Wong Toi,92,Lo Wu,76,46.6,43.7,46.6,49.5,23.7,23.7,23.7,24.5,24.5
8900,Sung Wong Toi,92,Lok Ma Chau,78,46.6,43.7,46.6,49.5,23.7,23.7,23.7,24.5,24.5
8901,Sung Wong Toi,92,East Tsim Sha Tsui,80,5.9,3.2,2,6,3.2,2,2,3.5,3.5
8902,Sung Wong Toi,92,Che Kung Temple,96,11.1,5.5,2,13,5.5,2,2,5.5,5.5
8903,Sung Wong Toi,92,Sha Tin Wai,97,11.1,5.5,2,13,5.5,2,2,5.5,5.5
8904,Sung Wong Toi,92,City One,98,11.1,5.5,2,13,5.5,2,2,5.5,5.5
8905,Sung Wong Toi,92,Shek Mun,99,11.1,5.5,2,13,5.5,2,2,5.5,5.5
8906,Sung Wong Toi,92,Tai Shui Hang,100,13.3,6.5,2,15.5,6.5,2,2,6.5,6.5
8907,Sung Wong Toi,92,Heng On,101,13.3,6.5,2,15.5,6.5,2,2,6.5,6.5
8908,Sung Wong Toi,92,Ma On Shan,102,13.3,6.5,2,15.5,6.5,2,2,6.5,6.5
8909,Sung Wong Toi,92,Wu Kai Sha,103,13.3,6.5,2,15.5,6.5,2,2,6.5,6.5
8910,Sung Wong Toi,92,Austin,111,6.2,3.6,2,6.5,3.6,2,2,4,4
8911,Sung Wong Toi,92,Tsuen Wan West,114,10.9,5.7,2,13,5.7,2,2,6,6
8912,Sung Wong Toi,92,Kam Sheung Road,115,21.2,11.2,2,22,11.2,2,2,13,13
8913,Sung Wong Toi,92,Yuen Long,116,22.3,11.7,2,24,11.7,2,2,13.5,13.5
8914,Sung Wong Toi,92,Long Ping,117,22.3,11.7,2,24,11.7,2,2,13.5,13.5
8915,Sung Wong Toi,92,Tin Shui Wai,118,22.3,11.7,2,24,11.7,2,2,13.5,13.5
8916,Sung Wong Toi,92,Siu Hong,119,22.3,11.7,2,24,11.7,2,2,13.5,13.5
8917,Sung Wong Toi,92,Tuen Mun,120,22.3,11.7,2,24,11.7,2,2,13.5,13.5
8918,Sung Wong Toi,92,Sai Ying Pun,81,13.2,6.5,2,15.5,6.5,2,2,6.5,6.5
8919,Sung Wong Toi,92,HKU,82,13.2,6.5,2,15.5,6.5,2,2,6.5,6.5
8920,Sung Wong Toi,92,Kennedy Town,83,15.8,7.4,2,16,7.4,2,2,7.5,7.5
8921,Sung Wong Toi,92,Ho Man Tin,84,4.9,3.2,2,5,3.2,2,2,3.5,3.5
8922,Sung Wong Toi,92,Whampoa,85,5.9,3.2,2,6,3.2,2,2,3.5,3.5
8923,Sung Wong Toi,92,Ocean Park,86,13.2,6.5,2,15.5,6.5,2,2,6.5,6.5
8924,Sung Wong Toi,92,Wong Chuk Hang,87,15.8,7.4,2,16,7.4,2,2,7.5,7.5
8925,Sung Wong Toi,92,Lei Tung,88,15.8,7.4,2,16,7.4,2,2,7.5,7.5
8926,Sung Wong Toi,92,South Horizons,89,15.8,7.4,2,16,7.4,2,2,7.5,7.5
8927,Sung Wong Toi,92,Hin Keng,90,10.1,5.1,2,12,5.1,2,2,5.5,5.5
8928,Sung Wong Toi,92,Kai Tak,91,4.9,3.2,2,5,3.2,2,2,3.5,3.5
8929,Sung Wong Toi,92,Sung Wong Toi,92,0,0,0,0,0,0,0,0,0
8930,Sung Wong Toi,92,To Kwa Wan,93,4.9,3.2,2,5,3.2,2,2,3.5,3.5
8931,To Kwa Wan,93,Central,1,13.2,6.5,2,15.5,6.5,2,2,6.5,6.5
8932,To Kwa Wan,93,Admiralty,2,13.2,6.5,2,15.5,6.5,2,2,6.5,6.5
8933,To Kwa Wan,93,Tsim Sha Tsui,3,5.9,3.2,2,6,3.2,2,2,3.5,3.5
8934,To Kwa Wan,93,Jordan,4,5.9,3.2,2,6,3.2,2,2,3.5,3.5
8935,To Kwa Wan,93,Yau Ma Tei,5,4.9,3.2,2,5,3.2,2,2,3.5,3.5
8936,To Kwa Wan,93,Mong Kok,6,5.9,3.2,2,6,3.2,2,2,3.5,3.5
8937,To Kwa Wan,93,Shek Kip Mei,7,5.9,3.2,2,6,3.2,2,2,3.5,3.5
8938,To Kwa Wan,93,Kowloon Tong,8,5.9,3.2,2,6,3.2,2,2,3.5,3.5
8939,To Kwa Wan,93,Lok Fu,9,7.4,3.7,2,7.5,3.7,2,2,4,4
8940,To Kwa Wan,93,Wong Tai Sin,10,5.9,3.2,2,6,3.2,2,2,3.5,3.5
8941,To Kwa Wan,93,Diamond Hill,11,5.9,3.2,2,6,3.2,2,2,3.5,3.5
8942,To Kwa Wan,93,Choi Hung,12,5.9,3.2,2,6,3.2,2,2,3.5,3.5
8943,To Kwa Wan,93,Kowloon Bay,13,7.4,3.7,2,7.5,3.7,2,2,4,4
8944,To Kwa Wan,93,Ngau Tau Kok,14,7.4,3.7,2,7.5,3.7,2,2,4,4
8945,To Kwa Wan,93,Kwun Tong,15,7.4,3.7,2,7.5,3.7,2,2,4,4
8946,To Kwa Wan,93,Prince Edward,16,5.9,3.2,2,6,3.2,2,2,3.5,3.5
8947,To Kwa Wan,93,Sham Shui Po,17,7.4,3.7,2,7.5,3.7,2,2,4,4
8948,To Kwa Wan,93,Cheung Sha Wan,18,7.4,3.7,2,7.5,3.7,2,2,4,4
8949,To Kwa Wan,93,Lai Chi Kok,19,9,3.9,2,10.5,3.9,2,2,4,4
8950,To Kwa Wan,93,Mei Foo,20,9,3.9,2,10.5,3.9,2,2,4,4
8951,To Kwa Wan,93,Lai King,21,9.2,4.4,2,10.5,4.4,2,2,4.5,4.5
8952,To Kwa Wan,93,Kwai Fong,22,11,4.9,2,13,4.9,2,2,5,5
8953,To Kwa Wan,93,Kwai Hing,23,11,4.9,2,13,4.9,2,2,5,5
8954,To Kwa Wan,93,Tai Wo Hau,24,11,4.9,2,13,4.9,2,2,5,5
8955,To Kwa Wan,93,Tsuen Wan,25,11,4.9,2,13,4.9,2,2,5,5
8956,To Kwa Wan,93,Sheung Wan,26,13.2,6.5,2,15.5,6.5,2,2,6.5,6.5
8957,To Kwa Wan,93,Wan Chai,27,13.2,6.5,2,15.5,6.5,2,2,6.5,6.5
8958,To Kwa Wan,93,Causeway Bay,28,13.2,6.5,2,15.5,6.5,2,2,6.5,6.5
8959,To Kwa Wan,93,Tin Hau,29,13.2,6.5,2,15.5,6.5,2,2,6.5,6.5
8960,To Kwa Wan,93,Fortress Hill,30,13.2,6.5,2,15.5,6.5,2,2,6.5,6.5
8961,To Kwa Wan,93,North Point,31,13.2,6.5,2,15.5,6.5,2,2,6.5,6.5
8962,To Kwa Wan,93,Quarry Bay,32,15.8,7.4,2,16,7.4,2,2,7.5,7.5
8963,To Kwa Wan,93,Tai Koo,33,15.8,7.4,2,16,7.4,2,2,7.5,7.5
8964,To Kwa Wan,93,Sai Wan Ho,34,15.8,7.4,2,16,7.4,2,2,7.5,7.5
8965,To Kwa Wan,93,Shau Kei Wan,35,15.8,7.4,2,16,7.4,2,2,7.5,7.5
8966,To Kwa Wan,93,Heng Fa Chuen,36,15.8,7.4,2,16,7.4,2,2,7.5,7.5
8967,To Kwa Wan,93,Chai Wan,37,15.8,7.4,2,16,7.4,2,2,7.5,7.5
8968,To Kwa Wan,93,Lam Tin,38,9.2,4.4,2,10.5,4.4,2,2,4.5,4.5
8969,To Kwa Wan,93,Hong Kong,39,13.2,6.5,2,15.5,6.5,2,2,6.5,6.5
8970,To Kwa Wan,93,Kowloon,40,6.2,3.6,2,6.5,3.6,2,2,4,4
8971,To Kwa Wan,93,Olympic,41,6.2,3.6,2,6.5,3.6,2,2,4,4
8972,To Kwa Wan,93,Tsing Yi,42,11,4.9,2,13,4.9,2,2,5,5
8973,To Kwa Wan,93,Tung Chung,43,18.7,9.4,2,21,9.4,2,2,10.5,10.5
8974,To Kwa Wan,93,Yau Tong,48,9.2,4.4,2,10.5,4.4,2,2,4.5,4.5
8975,To Kwa Wan,93,Tiu Keng Leng,49,9.2,4.4,2,10.5,4.4,2,2,4.5,4.5
8976,To Kwa Wan,93,Tseung Kwan O,50,11,4.9,2,13,4.9,2,2,5,5
8977,To Kwa Wan,93,Hang Hau,51,11,4.9,2,13,4.9,2,2,5,5
8978,To Kwa Wan,93,Po Lam,52,11,4.9,2,13,4.9,2,2,5,5
8979,To Kwa Wan,93,Nam Cheong,53,6.2,3.6,2,6.5,3.6,2,2,4,4
8980,To Kwa Wan,93,Sunny Bay,54,15.9,7.7,2,17,7.7,2,2,8,8
8981,To Kwa Wan,93,Disneyland Resort,55,22.2,11.1,2,25.5,11.1,2,2,13.5,13.5
8982,To Kwa Wan,93,LOHAS Park,57,11,4.9,2,13,4.9,2,2,5,5
8983,To Kwa Wan,93,Hung Hom,64,4.9,3.2,2,5,3.2,2,2,3.5,3.5
8984,To Kwa Wan,93,Mong Kok East,65,5.9,3.2,2,6,3.2,2,2,3.5,3.5
8985,To Kwa Wan,93,Tai Wai,67,10.1,5.1,2,12,5.1,2,2,5.5,5.5
8986,To Kwa Wan,93,Sha Tin,68,10.1,5.1,2,12,5.1,2,2,5.5,5.5
8987,To Kwa Wan,93,Fo Tan,69,11,5.6,2,13,5.6,2,2,6,6
8988,To Kwa Wan,93,Racecourse,70,18.3,9.2,18.3,20,9.2,2,2,10.5,10.5
8989,To Kwa Wan,93,University,71,11,5.6,2,13.5,5.6,2,2,6,6
8990,To Kwa Wan,93,Tai Po Market,72,13.4,6.9,2,15.5,6.9,2,2,7,7
8991,To Kwa Wan,93,Tai Wo,73,13.4,6.9,2,15.5,6.9,2,2,7,7
8992,To Kwa Wan,93,Fanling,74,14.9,7.3,2,16,7.3,2,2,7.5,7.5
8993,To Kwa Wan,93,Sheung Shui,75,14.9,7.3,2,16,7.3,2,2,7.5,7.5
8994,To Kwa Wan,93,Lo Wu,76,46.6,43.7,46.6,49.5,23.7,23.7,23.7,24.5,24.5
8995,To Kwa Wan,93,Lok Ma Chau,78,46.6,43.7,46.6,49.5,23.7,23.7,23.7,24.5,24.5
8996,To Kwa Wan,93,East Tsim Sha Tsui,80,5.9,3.2,2,6,3.2,2,2,3.5,3.5
8997,To Kwa Wan,93,Che Kung Temple,96,11.1,5.5,2,13,5.5,2,2,5.5,5.5
8998,To Kwa Wan,93,Sha Tin Wai,97,11.1,5.5,2,13,5.5,2,2,5.5,5.5
8999,To Kwa Wan,93,City One,98,11.1,5.5,2,13,5.5,2,2,5.5,5.5
9000,To Kwa Wan,93,Shek Mun,99,11.1,5.5,2,13,5.5,2,2,5.5,5.5
9001,To Kwa Wan,93,Tai Shui Hang,100,13.3,6.5,2,15.5,6.5,2,2,6.5,6.5
9002,To Kwa Wan,93,Heng On,101,13.3,6.5,2,15.5,6.5,2,2,6.5,6.5
9003,To Kwa Wan,93,Ma On Shan,102,13.3,6.5,2,15.5,6.5,2,2,6.5,6.5
9004,To Kwa Wan,93,Wu Kai Sha,103,13.3,6.5,2,15.5,6.5,2,2,6.5,6.5
9005,To Kwa Wan,93,Austin,111,6.2,3.6,2,6.5,3.6,2,2,4,4
9006,To Kwa Wan,93,Tsuen Wan West,114,10.9,5.7,2,13,5.7,2,2,6,6
9007,To Kwa Wan,93,Kam Sheung Road,115,21.2,11.2,2,22,11.2,2,2,13,13
9008,To Kwa Wan,93,Yuen Long,116,22.3,11.7,2,24,11.7,2,2,13.5,13.5
9009,To Kwa Wan,93,Long Ping,117,22.3,11.7,2,24,11.7,2,2,13.5,13.5
9010,To Kwa Wan,93,Tin Shui Wai,118,22.3,11.7,2,24,11.7,2,2,13.5,13.5
9011,To Kwa Wan,93,Siu Hong,119,22.3,11.7,2,24,11.7,2,2,13.5,13.5
9012,To Kwa Wan,93,Tuen Mun,120,22.3,11.7,2,24,11.7,2,2,13.5,13.5
9013,To Kwa Wan,93,Sai Ying Pun,81,13.2,6.5,2,15.5,6.5,2,2,6.5,6.5
9014,To Kwa Wan,93,HKU,82,13.2,6.5,2,15.5,6.5,2,2,6.5,6.5
9015,To Kwa Wan,93,Kennedy Town,83,13.2,6.5,2,15.5,6.5,2,2,6.5,6.5
9016,To Kwa Wan,93,Ho Man Tin,84,4.9,3.2,2,5,3.2,2,2,3.5,3.5
9017,To Kwa Wan,93,Whampoa,85,4.9,3.2,2,5,3.2,2,2,3.5,3.5
9018,To Kwa Wan,93,Ocean Park,86,13.2,6.5,2,15.5,6.5,2,2,6.5,6.5
9019,To Kwa Wan,93,Wong Chuk Hang,87,13.2,6.5,2,15.5,6.5,2,2,6.5,6.5
9020,To Kwa Wan,93,Lei Tung,88,15.8,7.4,2,16,7.4,2,2,7.5,7.5
9021,To Kwa Wan,93,South Horizons,89,15.8,7.4,2,16,7.4,2,2,7.5,7.5
9022,To Kwa Wan,93,Hin Keng,90,10.1,5.1,2,12,5.1,2,2,5.5,5.5
9023,To Kwa Wan,93,Kai Tak,91,4.9,3.2,2,5,3.2,2,2,3.5,3.5
9024,To Kwa Wan,93,Sung Wong Toi,92,4.9,3.2,2,5,3.2,2,2,3.5,3.5
9025,To Kwa Wan,93,To Kwa Wan,93,0,0,0,0,0,0,0,0,0
9026,Exhibition Centre,94,Central,1,4.9,3.2,2,5,3.2,2,2,3.5,3.5
9027,Exhibition Centre,94,Admiralty,2,4.9,3.2,2,5,3.2,2,2,3.5,3.5
9028,Exhibition Centre,94,Tsim Sha Tsui,3,10.6,5.4,2,12.5,5.4,2,2,5.5,5.5
9029,Exhibition Centre,94,Jordan,4,10.6,5.4,2,12.5,5.4,2,2,5.5,5.5
9030,Exhibition Centre,94,Yau Ma Tei,5,13.2,6.5,2,15.5,6.5,2,2,6.5,6.5
9031,Exhibition Centre,94,Mong Kok,6,13.2,6.5,2,15.5,6.5,2,2,6.5,6.5
9032,Exhibition Centre,94,Shek Kip Mei,7,13.2,6.5,2,15.5,6.5,2,2,6.5,6.5
9033,Exhibition Centre,94,Kowloon Tong,8,13.2,6.5,2,15.5,6.5,2,2,6.5,6.5
9034,Exhibition Centre,94,Lok Fu,9,15.8,7.4,2,16,7.4,2,2,7.5,7.5
9035,Exhibition Centre,94,Wong Tai Sin,10,15.8,7.4,2,16,7.4,2,2,7.5,7.5
9036,Exhibition Centre,94,Diamond Hill,11,15.8,7.4,2,16,7.4,2,2,7.5,7.5
9037,Exhibition Centre,94,Choi Hung,12,15.8,7.4,2,16,7.4,2,2,7.5,7.5
9038,Exhibition Centre,94,Kowloon Bay,13,15.8,7.4,2,16,7.4,2,2,7.5,7.5
9039,Exhibition Centre,94,Ngau Tau Kok,14,13.2,6.5,2,15.5,6.5,2,2,6.5,6.5
9040,Exhibition Centre,94,Kwun Tong,15,13.2,6.5,2,15.5,6.5,2,2,6.5,6.5
9041,Exhibition Centre,94,Prince Edward,16,13.2,6.5,2,15.5,6.5,2,2,6.5,6.5
9042,Exhibition Centre,94,Sham Shui Po,17,13.2,6.5,2,15.5,6.5,2,2,6.5,6.5
9043,Exhibition Centre,94,Cheung Sha Wan,18,13.2,6.5,2,15.5,6.5,2,2,6.5,6.5
9044,Exhibition Centre,94,Lai Chi Kok,19,15.8,7.4,2,16,7.4,2,2,7.5,7.5
9045,Exhibition Centre,94,Mei Foo,20,15.8,7.4,2,16,7.4,2,2,7.5,7.5
9046,Exhibition Centre,94,Lai King,21,15.8,7.4,2,16,7.4,2,2,7.5,7.5
9047,Exhibition Centre,94,Kwai Fong,22,15.8,7.4,2,16,7.4,2,2,7.5,7.5
9048,Exhibition Centre,94,Kwai Hing,23,15.8,7.4,2,16,7.4,2,2,7.5,7.5
9049,Exhibition Centre,94,Tai Wo Hau,24,15.8,7.4,2,16,7.4,2,2,7.5,7.5
9050,Exhibition Centre,94,Tsuen Wan,25,15.8,7.4,2,16,7.4,2,2,7.5,7.5
9051,Exhibition Centre,94,Sheung Wan,26,5.9,3.2,2,6,3.2,2,2,3.5,3.5
9052,Exhibition Centre,94,Wan Chai,27,4.9,3.2,2,5,3.2,2,2,3.5,3.5
9053,Exhibition Centre,94,Causeway Bay,28,4.9,3.2,2,5,3.2,2,2,3.5,3.5
9054,Exhibition Centre,94,Tin Hau,29,4.9,3.2,2,5,3.2,2,2,3.5,3.5
9055,Exhibition Centre,94,Fortress Hill,30,5.9,3.2,2,6,3.2,2,2,3.5,3.5
9056,Exhibition Centre,94,North Point,31,5.9,3.2,2,6,3.2,2,2,3.5,3.5
9057,Exhibition Centre,94,Quarry Bay,32,7.4,3.7,2,7.5,3.7,2,2,4,4
9058,Exhibition Centre,94,Tai Koo,33,7.4,3.7,2,7.5,3.7,2,2,4,4
9059,Exhibition Centre,94,Sai Wan Ho,34,9.2,4.4,2,10.5,4.4,2,2,4.5,4.5
9060,Exhibition Centre,94,Shau Kei Wan,35,9.2,4.4,2,10.5,4.4,2,2,4.5,4.5
9061,Exhibition Centre,94,Heng Fa Chuen,36,9.2,4.4,2,10.5,4.4,2,2,4.5,4.5
9062,Exhibition Centre,94,Chai Wan,37,9.2,4.4,2,10.5,4.4,2,2,4.5,4.5
9063,Exhibition Centre,94,Lam Tin,38,13.2,6.5,2,15.5,6.5,2,2,6.5,6.5
9064,Exhibition Centre,94,Hong Kong,39,4.9,3.2,2,5,3.2,2,2,3.5,3.5
9065,Exhibition Centre,94,Kowloon,40,10.6,5.4,2,12.5,5.4,2,2,5.5,5.5
9066,Exhibition Centre,94,Olympic,41,13.2,6.5,2,15.5,6.5,2,2,6.5,6.5
9067,Exhibition Centre,94,Tsing Yi,42,15.8,7.4,2,16,7.4,2,2,7.5,7.5
9068,Exhibition Centre,94,Tung Chung,43,24.3,12.5,2,28,12.5,2,2,15,15
9069,Exhibition Centre,94,Yau Tong,48,13.2,6.5,2,15.5,6.5,2,2,6.5,6.5
9070,Exhibition Centre,94,Tiu Keng Leng,49,15.8,7.4,2,16,7.4,2,2,7.5,7.5
9071,Exhibition Centre,94,Tseung Kwan O,50,15.8,7.4,2,16,7.4,2,2,7.5,7.5
9072,Exhibition Centre,94,Hang Hau,51,15.8,7.4,2,16,7.4,2,2,7.5,7.5
9073,Exhibition Centre,94,Po Lam,52,15.8,7.4,2,16,7.4,2,2,7.5,7.5
9074,Exhibition Centre,94,Nam Cheong,53,13.2,6.5,2,15.5,6.5,2,2,6.5,6.5
9075,Exhibition Centre,94,Sunny Bay,54,22.2,11.1,2,25.5,11.1,2,2,13.5,13.5
9076,Exhibition Centre,94,Disneyland Resort,55,27.9,14.2,2,31,14.2,2,2,16.5,16.5
9077,Exhibition Centre,94,LOHAS Park,57,15.8,7.4,2,16,7.4,2,2,7.5,7.5
9078,Exhibition Centre,94,Hung Hom,64,10.6,5.4,2,12.5,5.4,2,2,5.5,5.5
9079,Exhibition Centre,94,Mong Kok East,65,12.9,6.4,2,15.5,6.4,2,2,6.5,6.5
9080,Exhibition Centre,94,Tai Wai,67,17.1,8.6,2,19,8.6,2,2,9.5,9.5
9081,Exhibition Centre,94,Sha Tin,68,17.1,8.6,2,19,8.6,2,2,9.5,9.5
9082,Exhibition Centre,94,Fo Tan,69,17.6,9.1,2,19.5,9.1,2,2,10,10
9083,Exhibition Centre,94,Racecourse,70,25.7,13.4,25.7,28.5,13.4,2,2,15,15
9084,Exhibition Centre,94,University,71,18.4,9.2,2,20,9.2,2,2,10.5,10.5
9085,Exhibition Centre,94,Tai Po Market,72,19.9,10.1,2,22,10.1,2,2,12,12
9086,Exhibition Centre,94,Tai Wo,73,19.9,10.1,2,22,10.1,2,2,12,12
9087,Exhibition Centre,94,Fanling,74,22.2,11.6,2,25.5,11.6,2,2,13.5,13.5
9088,Exhibition Centre,94,Sheung Shui,75,22.2,11.6,2,25.5,11.6,2,2,13.5,13.5
9089,Exhibition Centre,94,Lo Wu,76,52.2,46,52.2,55.5,26.2,26.2,26.2,27.5,27.5
9090,Exhibition Centre,94,Lok Ma Chau,78,52.2,46,52.2,55.5,26.2,26.2,26.2,27.5,27.5
9091,Exhibition Centre,94,East Tsim Sha Tsui,80,10.6,5.4,2,12.5,5.4,2,2,5.5,5.5
9092,Exhibition Centre,94,Che Kung Temple,96,17.2,8.7,2,19,8.7,2,2,10,10
9093,Exhibition Centre,94,Sha Tin Wai,97,17.2,8.7,2,19,8.7,2,2,10,10
9094,Exhibition Centre,94,City One,98,17.2,8.7,2,19,8.7,2,2,10,10
9095,Exhibition Centre,94,Shek Mun,99,17.2,8.7,2,19,8.7,2,2,10,10
9096,Exhibition Centre,94,Tai Shui Hang,100,20.8,10.4,2,22,10.4,2,2,12.5,12.5
9097,Exhibition Centre,94,Heng On,101,20.8,10.4,2,22,10.4,2,2,12.5,12.5
9098,Exhibition Centre,94,Ma On Shan,102,20.8,10.4,2,22,10.4,2,2,12.5,12.5
9099,Exhibition Centre,94,Wu Kai Sha,103,20.8,10.4,2,22,10.4,2,2,12.5,12.5
9100,Exhibition Centre,94,Austin,111,10.6,5.4,2,12.5,5.4,2,2,5.5,5.5
9101,Exhibition Centre,94,Tsuen Wan West,114,17.8,9.1,2,19.5,9.1,2,2,10,10
9102,Exhibition Centre,94,Kam Sheung Road,115,28,14.3,2,30,14.3,2,2,15.5,15.5
9103,Exhibition Centre,94,Yuen Long,116,29.3,15.2,2,31,15.2,2,2,16.5,16.5
9104,Exhibition Centre,94,Long Ping,117,29.3,15.2,2,31,15.2,2,2,16.5,16.5
9105,Exhibition Centre,94,Tin Shui Wai,118,29.3,15.2,2,31,15.2,2,2,16.5,16.5
9106,Exhibition Centre,94,Siu Hong,119,29.3,15.2,2,31,15.2,2,2,16.5,16.5
9107,Exhibition Centre,94,Tuen Mun,120,29.3,15.2,2,31,15.2,2,2,16.5,16.5
9108,Exhibition Centre,94,Sai Ying Pun,81,5.9,3.2,2,6,3.2,2,2,3.5,3.5
9109,Exhibition Centre,94,HKU,82,5.9,3.2,2,6,3.2,2,2,3.5,3.5
9110,Exhibition Centre,94,Kennedy Town,83,7.4,3.7,2,7.5,3.7,2,2,4,4
9111,Exhibition Centre,94,Ho Man Tin,84,13.2,6.5,2,15.5,6.5,2,2,6.5,6.5
9112,Exhibition Centre,94,Whampoa,85,13.2,6.5,2,15.5,6.5,2,2,6.5,6.5
9113,Exhibition Centre,94,Ocean Park,86,5.9,3.2,2,6,3.2,2,2,3.5,3.5
9114,Exhibition Centre,94,Wong Chuk Hang,87,7.4,3.7,2,7.5,3.7,2,2,4,4
9115,Exhibition Centre,94,Lei Tung,88,7.4,3.7,2,7.5,3.7,2,2,4,4
9116,Exhibition Centre,94,South Horizons,89,7.4,3.7,2,7.5,3.7,2,2,4,4
9117,Exhibition Centre,94,Hin Keng,90,17.1,8.6,2,19,8.6,2,2,9.5,9.5
9118,Exhibition Centre,94,Kai Tak,91,13.2,6.5,2,15.5,6.5,2,2,6.5,6.5
9119,Exhibition Centre,94,Sung Wong Toi,92,13.2,6.5,2,15.5,6.5,2,2,6.5,6.5
9120,Exhibition Centre,94,To Kwa Wan,93,13.2,6.5,2,15.5,6.5,2,2,6.5,6.5
9121,Central,1,Exhibition Centre,94,4.9,3.2,2,5,3.2,2,2,3.5,3.5
9122,Admiralty,2,Exhibition Centre,94,4.9,3.2,2,5,3.2,2,2,3.5,3.5
9123,Tsim Sha Tsui,3,Exhibition Centre,94,10.6,5.4,2,12.5,5.4,2,2,5.5,5.5
9124,Jordan,4,Exhibition Centre,94,10.6,5.4,2,12.5,5.4,2,2,5.5,5.5
9125,Yau Ma Tei,5,Exhibition Centre,94,13.2,6.5,2,15.5,6.5,2,2,6.5,6.5
9126,Mong Kok,6,Exhibition Centre,94,13.2,6.5,2,15.5,6.5,2,2,6.5,6.5
9127,Shek Kip Mei,7,Exhibition Centre,94,13.2,6.5,2,15.5,6.5,2,2,6.5,6.5
9128,Kowloon Tong,8,Exhibition Centre,94,13.2,6.5,2,15.5,6.5,2,2,6.5,6.5
9129,Lok Fu,9,Exhibition Centre,94,15.8,7.4,2,16,7.4,2,2,7.5,7.5
9130,Wong Tai Sin,10,Exhibition Centre,94,15.8,7.4,2,16,7.4,2,2,7.5,7.5
9131,Diamond Hill,11,Exhibition Centre,94,15.8,7.4,2,16,7.4,2,2,7.5,7.5
9132,Choi Hung,12,Exhibition Centre,94,15.8,7.4,2,16,7.4,2,2,7.5,7.5
9133,Kowloon Bay,13,Exhibition Centre,94,15.8,7.4,2,16,7.4,2,2,7.5,7.5
9134,Ngau Tau Kok,14,Exhibition Centre,94,13.2,6.5,2,15.5,6.5,2,2,6.5,6.5
9135,Kwun Tong,15,Exhibition Centre,94,13.2,6.5,2,15.5,6.5,2,2,6.5,6.5
9136,Prince Edward,16,Exhibition Centre,94,13.2,6.5,2,15.5,6.5,2,2,6.5,6.5
9137,Sham Shui Po,17,Exhibition Centre,94,13.2,6.5,2,15.5,6.5,2,2,6.5,6.5
9138,Cheung Sha Wan,18,Exhibition Centre,94,13.2,6.5,2,15.5,6.5,2,2,6.5,6.5
9139,Lai Chi Kok,19,Exhibition Centre,94,15.8,7.4,2,16,7.4,2,2,7.5,7.5
9140,Mei Foo,20,Exhibition Centre,94,15.8,7.4,2,16,7.4,2,2,7.5,7.5
9141,Lai King,21,Exhibition Centre,94,15.8,7.4,2,16,7.4,2,2,7.5,7.5
9142,Kwai Fong,22,Exhibition Centre,94,15.8,7.4,2,16,7.4,2,2,7.5,7.5
9143,Kwai Hing,23,Exhibition Centre,94,15.8,7.4,2,16,7.4,2,2,7.5,7.5
9144,Tai Wo Hau,24,Exhibition Centre,94,15.8,7.4,2,16,7.4,2,2,7.5,7.5
9145,Tsuen Wan,25,Exhibition Centre,94,15.8,7.4,2,16,7.4,2,2,7.5,7.5
9146,Sheung Wan,26,Exhibition Centre,94,5.9,3.2,2,6,3.2,2,2,3.5,3.5
9147,Wan Chai,27,Exhibition Centre,94,4.9,3.2,2,5,3.2,2,2,3.5,3.5
9148,Causeway Bay,28,Exhibition Centre,94,4.9,3.2,2,5,3.2,2,2,3.5,3.5
9149,Tin Hau,29,Exhibition Centre,94,4.9,3.2,2,5,3.2,2,2,3.5,3.5
9150,Fortress Hill,30,Exhibition Centre,94,5.9,3.2,2,6,3.2,2,2,3.5,3.5
9151,North Point,31,Exhibition Centre,94,5.9,3.2,2,6,3.2,2,2,3.5,3.5
9152,Quarry Bay,32,Exhibition Centre,94,7.4,3.7,2,7.5,3.7,2,2,4,4
9153,Tai Koo,33,Exhibition Centre,94,7.4,3.7,2,7.5,3.7,2,2,4,4
9154,Sai Wan Ho,34,Exhibition Centre,94,9.2,4.4,2,10.5,4.4,2,2,4.5,4.5
9155,Shau Kei Wan,35,Exhibition Centre,94,9.2,4.4,2,10.5,4.4,2,2,4.5,4.5
9156,Heng Fa Chuen,36,Exhibition Centre,94,9.2,4.4,2,10.5,4.4,2,2,4.5,4.5
9157,Chai Wan,37,Exhibition Centre,94,9.2,4.4,2,10.5,4.4,2,2,4.5,4.5
9158,Lam Tin,38,Exhibition Centre,94,13.2,6.5,2,15.5,6.5,2,2,6.5,6.5
9159,Hong Kong,39,Exhibition Centre,94,4.9,3.2,2,5,3.2,2,2,3.5,3.5
9160,Kowloon,40,Exhibition Centre,94,10.6,5.4,2,12.5,5.4,2,2,5.5,5.5
9161,Olympic,41,Exhibition Centre,94,13.2,6.5,2,15.5,6.5,2,2,6.5,6.5
9162,Tsing Yi,42,Exhibition Centre,94,15.8,7.4,2,16,7.4,2,2,7.5,7.5
9163,Tung Chung,43,Exhibition Centre,94,24.3,12.5,2,28,12.5,2,2,15,15
9164,Yau Tong,48,Exhibition Centre,94,13.2,6.5,2,15.5,6.5,2,2,6.5,6.5
9165,Tiu Keng Leng,49,Exhibition Centre,94,15.8,7.4,2,16,7.4,2,2,7.5,7.5
9166,Tseung Kwan O,50,Exhibition Centre,94,15.8,7.4,2,16,7.4,2,2,7.5,7.5
9167,Hang Hau,51,Exhibition Centre,94,15.8,7.4,2,16,7.4,2,2,7.5,7.5
9168,Po Lam,52,Exhibition Centre,94,15.8,7.4,2,16,7.4,2,2,7.5,7.5
9169,Nam Cheong,53,Exhibition Centre,94,13.2,6.5,2,15.5,6.5,2,2,6.5,6.5
9170,Sunny Bay,54,Exhibition Centre,94,22.2,11.1,2,25.5,11.1,2,2,13.5,13.5
9171,Disneyland Resort,55,Exhibition Centre,94,27.9,14.2,2,31,14.2,2,2,16.5,16.5
9172,LOHAS Park,57,Exhibition Centre,94,15.8,7.4,2,16,7.4,2,2,7.5,7.5
9173,Hung Hom,64,Exhibition Centre,94,10.6,5.4,2,12.5,5.4,2,2,5.5,5.5
9174,Mong Kok East,65,Exhibition Centre,94,12.9,6.4,2,15.5,6.4,2,2,6.5,6.5
9175,Tai Wai,67,Exhibition Centre,94,17.1,8.6,2,19,8.6,2,2,9.5,9.5
9176,Sha Tin,68,Exhibition Centre,94,17.1,8.6,2,19,8.6,2,2,9.5,9.5
9177,Fo Tan,69,Exhibition Centre,94,17.6,9.1,2,19.5,9.1,2,2,10,10
9178,Racecourse,70,Exhibition Centre,94,25.7,13.4,25.7,28.5,13.4,2,2,15,15
9179,University,71,Exhibition Centre,94,18.4,9.2,2,20,9.2,2,2,10.5,10.5
9180,Tai Po Market,72,Exhibition Centre,94,19.9,10.1,2,22,10.1,2,2,12,12
9181,Tai Wo,73,Exhibition Centre,94,19.9,10.1,2,22,10.1,2,2,12,12
9182,Fanling,74,Exhibition Centre,94,22.2,11.6,2,25.5,11.6,2,2,13.5,13.5
9183,Sheung Shui,75,Exhibition Centre,94,22.2,11.6,2,25.5,11.6,2,2,13.5,13.5
9184,Lo Wu,76,Exhibition Centre,94,52.2,46,52.2,55.5,26.2,26.2,26.2,27.5,27.5
9185,Lok Ma Chau,78,Exhibition Centre,94,52.2,46,52.2,55.5,26.2,26.2,26.2,27.5,27.5
9186,East Tsim Sha Tsui,80,Exhibition Centre,94,10.6,5.4,2,12.5,5.4,2,2,5.5,5.5
9187,Che Kung Temple,96,Exhibition Centre,94,17.2,8.7,2,19,8.7,2,2,10,10
9188,Sha Tin Wai,97,Exhibition Centre,94,17.2,8.7,2,19,8.7,2,2,10,10
9189,City One,98,Exhibition Centre,94,17.2,8.7,2,19,8.7,2,2,10,10
9190,Shek Mun,99,Exhibition Centre,94,17.2,8.7,2,19,8.7,2,2,10,10
9191,Tai Shui Hang,100,Exhibition Centre,94,20.8,10.4,2,22,10.4,2,2,12.5,12.5
9192,Heng On,101,Exhibition Centre,94,20.8,10.4,2,22,10.4,2,2,12.5,12.5
9193,Ma On Shan,102,Exhibition Centre,94,20.8,10.4,2,22,10.4,2,2,12.5,12.5
9194,Wu Kai Sha,103,Exhibition Centre,94,20.8,10.4,2,22,10.4,2,2,12.5,12.5
9195,Austin,111,Exhibition Centre,94,10.6,5.4,2,12.5,5.4,2,2,5.5,5.5
9196,Tsuen Wan West,114,Exhibition Centre,94,17.8,9.1,2,19.5,9.1,2,2,10,10
9197,Kam Sheung Road,115,Exhibition Centre,94,28,14.3,2,30,14.3,2,2,15.5,15.5
9198,Yuen Long,116,Exhibition Centre,94,29.3,15.2,2,31,15.2,2,2,16.5,16.5
9199,Long Ping,117,Exhibition Centre,94,29.3,15.2,2,31,15.2,2,2,16.5,16.5
9200,Tin Shui Wai,118,Exhibition Centre,94,29.3,15.2,2,31,15.2,2,2,16.5,16.5
9201,Siu Hong,119,Exhibition Centre,94,29.3,15.2,2,31,15.2,2,2,16.5,16.5
9202,Tuen Mun,120,Exhibition Centre,94,29.3,15.2,2,31,15.2,2,2,16.5,16.5
9203,Sai Ying Pun,81,Exhibition Centre,94,5.9,3.2,2,6,3.2,2,2,3.5,3.5
9204,HKU,82,Exhibition Centre,94,5.9,3.2,2,6,3.2,2,2,3.5,3.5
9205,Kennedy Town,83,Exhibition Centre,94,7.4,3.7,2,7.5,3.7,2,2,4,4
9206,Ho Man Tin,84,Exhibition Centre,94,13.2,6.5,2,15.5,6.5,2,2,6.5,6.5
9207,Whampoa,85,Exhibition Centre,94,13.2,6.5,2,15.5,6.5,2,2,6.5,6.5
9208,Ocean Park,86,Exhibition Centre,94,5.9,3.2,2,6,3.2,2,2,3.5,3.5
9209,Wong Chuk Hang,87,Exhibition Centre,94,7.4,3.7,2,7.5,3.7,2,2,4,4
9210,Lei Tung,88,Exhibition Centre,94,7.4,3.7,2,7.5,3.7,2,2,4,4
9211,South Horizons,89,Exhibition Centre,94,7.4,3.7,2,7.5,3.7,2,2,4,4
9212,Hin Keng,90,Exhibition Centre,94,17.1,8.6,2,19,8.6,2,2,9.5,9.5
9213,Kai Tak,91,Exhibition Centre,94,13.2,6.5,2,15.5,6.5,2,2,6.5,6.5
9214,Sung Wong Toi,92,Exhibition Centre,94,13.2,6.5,2,15.5,6.5,2,2,6.5,6.5
9215,To Kwa Wan,93,Exhibition Centre,94,13.2,6.5,2,15.5,6.5,2,2,6.5,6.5
9216,Exhibition Centre,94,Exhibition Centre,94,0,0,0,0,0,0,0,0,0
